mean_in_degree,nodes_indegree_gt_one,instance,closed_edge_density,num_edges,num_closed_edges,group_id,algorithm,max_in_degree,num_nodes,num_jumps,num_explored_nodes,primal_bound,dual_bound,cuts_added_by_solver,solve_time,sum_time,status,runtime
1.5384615384615385,3,n10o0.2-1.rcp,0.5384615384615384,20,42,n10,FEASIBILITY,6,13,5.0,0,6.0,6.0,0.0,0.78826,0.78826,2,0.78826
1.5384615384615385,3,n10o0.2-1.rcp,0.5384615384615384,20,42,n10,MULTIFLOW,6,13,5.0,1,8.0,8.0,0.0,0.195699,0.0,2,0.195699
1.5384615384615385,3,n10o0.2-2.rcp,0.5384615384615384,20,42,n10,FEASIBILITY,5,13,5.0,0,6.0,6.0,0.0,0.78778,1.429612,2,1.429612
1.5384615384615385,3,n10o0.2-2.rcp,0.5384615384615384,20,42,n10,MULTIFLOW,5,13,5.0,1,8.0,8.0,0.0,0.101355,0.0,2,0.101355
1.5384615384615385,4,n10o0.2-3.rcp,0.5384615384615384,20,42,n10,FEASIBILITY,6,13,5.0,1,6.0,6.0,0.0,0.952894,0.952894,2,0.952894
1.5384615384615385,4,n10o0.2-3.rcp,0.5384615384615384,20,42,n10,MULTIFLOW,6,13,5.0,1,8.0,8.0,0.0,0.177625,0.0,2,0.177625
1.4615384615384615,3,n10o0.2-4.rcp,0.5384615384615384,19,42,n10,FEASIBILITY,4,13,6.0,1,7.0,7.0,0.0,1.680628,5.986883,2,5.986883
1.4615384615384615,3,n10o0.2-4.rcp,0.5384615384615384,19,42,n10,MULTIFLOW,4,13,6.0,1,7.0,7.0,0.0,0.074582,0.0,2,0.074582
1.3846153846153846,3,n10o0.2-5.rcp,0.5384615384615384,18,42,n10,FEASIBILITY,4,13,6.0,1,7.0,7.0,0.0,1.334428,6.246811,2,6.246811
1.3846153846153846,3,n10o0.2-5.rcp,0.5384615384615384,18,42,n10,MULTIFLOW,4,13,6.0,1,7.0,7.0,0.0,0.083081,0.0,2,0.083081
1.3846153846153846,3,n10o0.2-6.rcp,0.5384615384615384,18,42,n10,FEASIBILITY,4,13,5.0,1,6.0,6.0,0.0,0.95045,1.851817,2,1.851817
1.3846153846153846,3,n10o0.2-6.rcp,0.5384615384615384,18,42,n10,MULTIFLOW,4,13,5.0,1,8.0,8.0,0.0,0.072164,0.0,2,0.072164
1.6923076923076923,3,n10o0.2-7.rcp,0.5384615384615384,22,42,n10,FEASIBILITY,6,13,5.0,1,6.0,6.0,0.0,1.087327,1.087327,2,1.087327
1.6923076923076923,3,n10o0.2-7.rcp,0.5384615384615384,22,42,n10,MULTIFLOW,6,13,5.0,1,8.0,8.0,0.0,0.067312,0.0,2,0.067312
1.5384615384615385,3,n10o0.2-8.rcp,0.5384615384615384,20,42,n10,FEASIBILITY,6,13,5.0,1,6.0,6.0,0.0,1.120341,1.120341,2,1.120341
1.5384615384615385,3,n10o0.2-8.rcp,0.5384615384615384,20,42,n10,MULTIFLOW,6,13,5.0,1,8.0,8.0,0.0,0.082428,0.0,2,0.082428
1.3846153846153846,3,n10o0.2-9.rcp,0.5384615384615384,18,42,n10,FEASIBILITY,5,13,5.0,1,6.0,6.0,0.0,0.995882,1.71504,2,1.71504
1.3846153846153846,3,n10o0.2-9.rcp,0.5384615384615384,18,42,n10,MULTIFLOW,5,13,5.0,1,8.0,8.0,0.0,0.071511,0.0,2,0.071511
1.5384615384615385,7,n10o0.5-1.rcp,0.7051282051282052,20,55,n10,FEASIBILITY,3,13,4.0,0,5.0,5.0,0.0,0.224111,0.346501,2,0.346501
1.5384615384615385,7,n10o0.5-1.rcp,0.7051282051282052,20,55,n10,MULTIFLOW,3,13,4.0,1,9.0,9.0,0.0,0.069771,0.0,2,0.069771
1.6923076923076923,6,n10o0.5-10.rcp,0.7051282051282052,22,55,n10,FEASIBILITY,4,13,4.0,0,5.0,5.0,0.0,0.228814,0.307269,2,0.307269
1.6923076923076923,6,n10o0.5-10.rcp,0.7051282051282052,22,55,n10,MULTIFLOW,4,13,4.0,1,9.0,9.0,0.0,0.061693,0.0,2,0.061693
1.5384615384615385,5,n10o0.5-2.rcp,0.7051282051282052,20,55,n10,FEASIBILITY,3,13,4.0,0,5.0,5.0,0.0,0.278105,0.402001,2,0.402001
1.5384615384615385,5,n10o0.5-2.rcp,0.7051282051282052,20,55,n10,MULTIFLOW,3,13,4.0,1,9.0,9.0,0.0,0.067317,0.0,2,0.067317
1.7692307692307692,7,n10o0.5-3.rcp,0.7051282051282052,23,55,n10,FEASIBILITY,4,13,5.0,0,6.0,6.0,0.0,0.594872,0.879694,2,0.879694
1.7692307692307692,7,n10o0.5-3.rcp,0.7051282051282052,23,55,n10,MULTIFLOW,4,13,5.0,1,8.0,8.0,0.0,0.103261,0.0,2,0.103261
1.7692307692307692,6,n10o0.5-4.rcp,0.7051282051282052,23,55,n10,FEASIBILITY,4,13,5.0,1,6.0,6.0,0.0,0.608473,0.912847,2,0.912847
1.7692307692307692,6,n10o0.5-4.rcp,0.7051282051282052,23,55,n10,MULTIFLOW,4,13,5.0,1,8.0,8.0,0.0,0.07387,0.0,2,0.07387
1.6153846153846154,5,n10o0.5-5.rcp,0.7051282051282052,21,55,n10,FEASIBILITY,4,13,5.0,0,6.0,6.0,0.0,0.548679,0.865102,2,0.865102
1.6153846153846154,5,n10o0.5-5.rcp,0.7051282051282052,21,55,n10,MULTIFLOW,4,13,5.0,1,8.0,8.0,0.0,0.060222,0.0,2,0.060222
1.6923076923076923,6,n10o0.5-6.rcp,0.7051282051282052,22,55,n10,FEASIBILITY,4,13,4.0,0,5.0,5.0,0.0,0.212221,0.29009,2,0.29009
1.6923076923076923,6,n10o0.5-6.rcp,0.7051282051282052,22,55,n10,MULTIFLOW,4,13,4.0,1,9.0,9.0,0.0,0.060812,0.0,2,0.060812
1.6923076923076923,5,n10o0.5-7.rcp,0.7051282051282052,22,55,n10,FEASIBILITY,4,13,4.0,0,5.0,5.0,0.0,0.239196,0.333769,2,0.333769
1.6923076923076923,5,n10o0.5-7.rcp,0.7051282051282052,22,55,n10,MULTIFLOW,4,13,4.0,1,9.0,9.0,0.0,0.042457,0.0,2,0.042457
1.8461538461538463,5,n10o0.5-8.rcp,0.7051282051282052,24,55,n10,FEASIBILITY,4,13,5.0,0,6.0,6.0,0.0,0.599421,0.889114,2,0.889114
1.8461538461538463,5,n10o0.5-8.rcp,0.7051282051282052,24,55,n10,MULTIFLOW,4,13,5.0,1,8.0,8.0,0.0,0.070728,0.0,2,0.070728
1.7692307692307692,6,n10o0.5-9.rcp,0.7051282051282052,23,55,n10,FEASIBILITY,4,13,4.0,0,5.0,5.0,0.0,0.237152,0.316871,2,0.316871
1.7692307692307692,6,n10o0.5-9.rcp,0.7051282051282052,23,55,n10,MULTIFLOW,4,13,4.0,1,9.0,9.0,0.0,0.049617,0.0,2,0.049617
1.3076923076923077,3,n10o0.7-1.rcp,0.8205128205128205,17,64,n10,FEASIBILITY,4,13,3.0,0,4.0,4.0,0.0,0.09498,0.09498,2,0.09498
1.3076923076923077,3,n10o0.7-1.rcp,0.8205128205128205,17,64,n10,MULTIFLOW,4,13,3.0,1,10.0,10.0,0.0,0.036312,0.0,2,0.036312
1.7692307692307692,6,n10o0.7-10.rcp,0.8205128205128205,23,64,n10,FEASIBILITY,3,13,4.0,0,5.0,5.0,0.0,0.192168,0.305734,2,0.305734
1.7692307692307692,6,n10o0.7-10.rcp,0.8205128205128205,23,64,n10,MULTIFLOW,3,13,4.0,1,9.0,9.0,0.0,0.030235,0.0,2,0.030235
1.3076923076923077,4,n10o0.7-2.rcp,0.8205128205128205,17,64,n10,FEASIBILITY,3,13,2.0,0,3.0,3.0,0.0,0.041341,0.041341,2,0.041341
1.3076923076923077,4,n10o0.7-2.rcp,0.8205128205128205,17,64,n10,MULTIFLOW,3,13,2.0,1,11.0,11.0,0.0,0.027724,0.0,2,0.027724
1.4615384615384615,6,n10o0.7-3.rcp,0.8205128205128205,19,64,n10,FEASIBILITY,3,13,3.0,0,4.0,4.0,0.0,0.100524,0.141417,2,0.141417
1.4615384615384615,6,n10o0.7-3.rcp,0.8205128205128205,19,64,n10,MULTIFLOW,3,13,3.0,1,10.0,10.0,0.0,0.035701,0.0,2,0.035701
1.4615384615384615,7,n10o0.7-4.rcp,0.8205128205128205,19,64,n10,FEASIBILITY,2,13,3.0,0,4.0,4.0,0.0,0.078274,0.127561,2,0.127561
1.4615384615384615,7,n10o0.7-4.rcp,0.8205128205128205,19,64,n10,MULTIFLOW,2,13,3.0,1,10.0,10.0,0.0,0.035924,0.0,2,0.035924
1.6153846153846154,6,n10o0.7-5.rcp,0.8205128205128205,21,64,n10,FEASIBILITY,3,13,3.0,0,4.0,4.0,0.0,0.073428,0.114319,2,0.114319
1.6153846153846154,6,n10o0.7-5.rcp,0.8205128205128205,21,64,n10,MULTIFLOW,3,13,3.0,1,10.0,10.0,0.0,0.031221,0.0,2,0.031221
1.3076923076923077,4,n10o0.7-6.rcp,0.8205128205128205,17,64,n10,FEASIBILITY,3,13,3.0,0,4.0,4.0,0.0,0.09076,0.130545,2,0.130545
1.3076923076923077,4,n10o0.7-6.rcp,0.8205128205128205,17,64,n10,MULTIFLOW,3,13,3.0,1,10.0,10.0,0.0,0.034895,0.0,2,0.034895
1.4615384615384615,3,n10o0.7-7.rcp,0.8205128205128205,19,64,n10,FEASIBILITY,4,13,5.0,0,6.0,6.0,0.0,0.458041,0.719603,2,0.719603
1.4615384615384615,3,n10o0.7-7.rcp,0.8205128205128205,19,64,n10,MULTIFLOW,4,13,5.0,1,8.0,8.0,0.0,0.024955,0.0,2,0.024955
1.3846153846153846,5,n10o0.7-8.rcp,0.8205128205128205,18,64,n10,FEASIBILITY,3,13,3.0,0,4.0,4.0,0.0,0.088059,0.128368,2,0.128368
1.3846153846153846,5,n10o0.7-8.rcp,0.8205128205128205,18,64,n10,MULTIFLOW,3,13,3.0,1,10.0,10.0,0.0,0.032391,0.0,2,0.032391
1.6153846153846154,7,n10o0.7-9.rcp,0.8205128205128205,21,64,n10,FEASIBILITY,3,13,4.0,0,5.0,5.0,0.0,0.198874,0.314645,2,0.314645
1.6153846153846154,7,n10o0.7-9.rcp,0.8205128205128205,21,64,n10,MULTIFLOW,3,13,4.0,1,9.0,9.0,0.0,0.034058,0.0,2,0.034058
1.3076923076923077,5,n10o0.8-1.rcp,0.8846153846153846,17,69,n10,FEASIBILITY,2,13,3.0,0,4.0,4.0,0.0,0.074597,0.12315,2,0.12315
1.3076923076923077,5,n10o0.8-1.rcp,0.8846153846153846,17,69,n10,MULTIFLOW,2,13,3.0,1,10.0,10.0,0.0,0.027074,0.0,2,0.027074
1.3846153846153846,4,n10o0.8-10.rcp,0.8846153846153846,18,69,n10,FEASIBILITY,3,13,4.0,0,5.0,5.0,0.0,0.174815,0.288029,2,0.288029
1.3846153846153846,4,n10o0.8-10.rcp,0.8846153846153846,18,69,n10,MULTIFLOW,3,13,4.0,1,9.0,9.0,0.0,0.025363,0.0,2,0.025363
1.3076923076923077,5,n10o0.8-2.rcp,0.8846153846153846,17,69,n10,FEASIBILITY,2,13,2.0,0,3.0,3.0,0.0,0.039003,0.049593,2,0.049593
1.3076923076923077,5,n10o0.8-2.rcp,0.8846153846153846,17,69,n10,MULTIFLOW,2,13,2.0,1,11.0,11.0,0.0,0.025323,0.0,2,0.025323
1.3076923076923077,5,n10o0.8-3.rcp,0.8846153846153846,17,69,n10,FEASIBILITY,2,13,3.0,0,4.0,4.0,0.0,0.081187,0.129394,2,0.129394
1.3076923076923077,5,n10o0.8-3.rcp,0.8846153846153846,17,69,n10,MULTIFLOW,2,13,3.0,1,10.0,10.0,0.0,0.027075,0.0,2,0.027075
1.3076923076923077,4,n10o0.8-4.rcp,0.8846153846153846,17,69,n10,FEASIBILITY,3,13,3.0,0,4.0,4.0,0.0,0.07296,0.112568,2,0.112568
1.3076923076923077,4,n10o0.8-4.rcp,0.8846153846153846,17,69,n10,MULTIFLOW,3,13,3.0,1,10.0,10.0,0.0,0.02957,0.0,2,0.02957
1.3846153846153846,6,n10o0.8-5.rcp,0.8846153846153846,18,69,n10,FEASIBILITY,2,13,3.0,0,4.0,4.0,0.0,0.086251,0.135397,2,0.135397
1.3846153846153846,6,n10o0.8-5.rcp,0.8846153846153846,18,69,n10,MULTIFLOW,2,13,3.0,1,10.0,10.0,0.0,0.026612,0.0,2,0.026612
1.5384615384615385,7,n10o0.8-6.rcp,0.8846153846153846,20,69,n10,FEASIBILITY,3,13,4.0,0,5.0,5.0,0.0,0.16917,0.281654,2,0.281654
1.5384615384615385,7,n10o0.8-6.rcp,0.8846153846153846,20,69,n10,MULTIFLOW,3,13,4.0,1,9.0,9.0,0.0,0.028381,0.0,2,0.028381
1.2307692307692308,4,n10o0.8-7.rcp,0.8846153846153846,16,69,n10,FEASIBILITY,2,13,3.0,0,4.0,4.0,0.0,0.089278,0.137807,2,0.137807
1.2307692307692308,4,n10o0.8-7.rcp,0.8846153846153846,16,69,n10,MULTIFLOW,2,13,3.0,1,10.0,10.0,0.0,0.023992,0.0,2,0.023992
1.3076923076923077,4,n10o0.8-8.rcp,0.8846153846153846,17,69,n10,FEASIBILITY,3,13,3.0,0,4.0,4.0,0.0,0.081066,0.120663,2,0.120663
1.3076923076923077,4,n10o0.8-8.rcp,0.8846153846153846,17,69,n10,MULTIFLOW,3,13,3.0,1,10.0,10.0,0.0,0.023653,0.0,2,0.023653
1.5384615384615385,8,n10o0.8-9.rcp,0.8846153846153846,20,69,n10,FEASIBILITY,2,13,4.0,0,5.0,5.0,0.0,0.181555,0.301278,2,0.301278
1.5384615384615385,8,n10o0.8-9.rcp,0.8846153846153846,20,69,n10,MULTIFLOW,2,13,4.0,1,9.0,9.0,0.0,0.029513,0.0,2,0.029513
1.3076923076923077,5,n10o0.95-1.rcp,0.9615384615384616,17,75,n10,FEASIBILITY,2,13,3.0,0,4.0,4.0,0.0,0.075372,0.123664,2,0.123664
1.3076923076923077,5,n10o0.95-1.rcp,0.9615384615384616,17,75,n10,MULTIFLOW,2,13,3.0,0,10.0,10.0,0.0,0.015508,0.0,2,0.015508
1.2307692307692308,4,n10o0.95-2.rcp,0.9615384615384616,16,75,n10,FEASIBILITY,2,13,3.0,0,4.0,4.0,0.0,0.075421,0.123212,2,0.123212
1.2307692307692308,4,n10o0.95-2.rcp,0.9615384615384616,16,75,n10,MULTIFLOW,2,13,3.0,0,10.0,10.0,0.0,0.01532,0.0,2,0.01532
1.0769230769230769,2,n10o0.95-3.rcp,0.9615384615384616,14,75,n10,FEASIBILITY,2,13,2.0,0,3.0,3.0,0.0,0.039503,0.050149,2,0.050149
1.0769230769230769,2,n10o0.95-3.rcp,0.9615384615384616,14,75,n10,MULTIFLOW,2,13,2.0,0,11.0,11.0,0.0,0.014594,0.0,2,0.014594
1.0769230769230769,2,n10o0.95-4.rcp,0.9615384615384616,14,75,n10,FEASIBILITY,2,13,2.0,0,3.0,3.0,0.0,0.038761,0.049163,2,0.049163
1.0769230769230769,2,n10o0.95-4.rcp,0.9615384615384616,14,75,n10,MULTIFLOW,2,13,2.0,0,11.0,11.0,0.0,0.014477,0.0,2,0.014477
1.0769230769230769,2,n10o0.95-5.rcp,0.9615384615384616,14,75,n10,FEASIBILITY,2,13,2.0,0,3.0,3.0,0.0,0.03857,0.049064,2,0.049064
1.0769230769230769,2,n10o0.95-5.rcp,0.9615384615384616,14,75,n10,MULTIFLOW,2,13,2.0,0,11.0,11.0,0.0,0.013373,0.0,2,0.013373
1.0769230769230769,2,n10o0.95-6.rcp,0.9615384615384616,14,75,n10,FEASIBILITY,2,13,2.0,0,3.0,3.0,0.0,0.038775,0.049278,2,0.049278
1.0769230769230769,2,n10o0.95-6.rcp,0.9615384615384616,14,75,n10,MULTIFLOW,2,13,2.0,0,11.0,11.0,0.0,0.014951,0.0,2,0.014951
1.0769230769230769,2,n10o0.95-7.rcp,0.9615384615384616,14,75,n10,FEASIBILITY,2,13,2.0,0,3.0,3.0,0.0,0.038663,0.0492,2,0.0492
1.0769230769230769,2,n10o0.95-7.rcp,0.9615384615384616,14,75,n10,MULTIFLOW,2,13,2.0,0,11.0,11.0,0.0,0.01519,0.0,2,0.01519
1.0769230769230769,2,n10o0.95-8.rcp,0.9615384615384616,14,75,n10,FEASIBILITY,2,13,2.0,0,3.0,3.0,0.0,0.038631,0.049145,2,0.049145
1.0769230769230769,2,n10o0.95-8.rcp,0.9615384615384616,14,75,n10,MULTIFLOW,2,13,2.0,0,11.0,11.0,0.0,0.014869,0.0,2,0.014869
1.0769230769230769,2,n10o0.95-9.rcp,0.9615384615384616,14,75,n10,FEASIBILITY,2,13,2.0,0,3.0,3.0,0.0,0.039037,0.049899,2,0.049899
1.0769230769230769,2,n10o0.95-9.rcp,0.9615384615384616,14,75,n10,MULTIFLOW,2,13,2.0,0,11.0,11.0,0.0,0.014973,0.0,2,0.014973
1.2307692307692308,4,n10os0.9-1.rcp,0.9358974358974359,16,73,n10,FEASIBILITY,2,13,3.0,0,4.0,4.0,0.0,0.075462,0.123603,2,0.123603
1.2307692307692308,4,n10os0.9-1.rcp,0.9358974358974359,16,73,n10,MULTIFLOW,2,13,3.0,0,10.0,10.0,0.0,0.017042,0.0,2,0.017042
1.1538461538461537,3,n10os0.9-10.rcp,0.9358974358974359,15,73,n10,FEASIBILITY,2,13,2.0,0,3.0,3.0,0.0,0.040008,0.05063,2,0.05063
1.1538461538461537,3,n10os0.9-10.rcp,0.9358974358974359,15,73,n10,MULTIFLOW,2,13,2.0,0,11.0,11.0,0.0,0.017273,0.0,2,0.017273
1.3076923076923077,5,n10os0.9-2.rcp,0.9358974358974359,17,73,n10,FEASIBILITY,2,13,3.0,0,4.0,4.0,0.0,0.072314,0.119918,2,0.119918
1.3076923076923077,5,n10os0.9-2.rcp,0.9358974358974359,17,73,n10,MULTIFLOW,2,13,3.0,0,10.0,10.0,0.0,0.01917,0.0,2,0.01917
1.1538461538461537,2,n10os0.9-3.rcp,0.9358974358974359,15,73,n10,FEASIBILITY,3,13,3.0,0,4.0,4.0,0.0,0.081881,0.120832,2,0.120832
1.1538461538461537,2,n10os0.9-3.rcp,0.9358974358974359,15,73,n10,MULTIFLOW,3,13,3.0,0,10.0,10.0,0.0,0.017804,0.0,2,0.017804
1.2307692307692308,4,n10os0.9-4.rcp,0.9358974358974359,16,73,n10,FEASIBILITY,2,13,3.0,0,4.0,4.0,0.0,0.082518,0.130445,2,0.130445
1.2307692307692308,4,n10os0.9-4.rcp,0.9358974358974359,16,73,n10,MULTIFLOW,2,13,3.0,1,10.0,10.0,0.0,0.018922,0.0,2,0.018922
1.3076923076923077,5,n10os0.9-5.rcp,0.9358974358974359,17,73,n10,FEASIBILITY,2,13,3.0,0,4.0,4.0,0.0,0.073833,0.1225,2,0.1225
1.3076923076923077,5,n10os0.9-5.rcp,0.9358974358974359,17,73,n10,MULTIFLOW,2,13,3.0,0,10.0,10.0,0.0,0.019961,0.0,2,0.019961
1.1538461538461537,3,n10os0.9-6.rcp,0.9358974358974359,15,73,n10,FEASIBILITY,2,13,2.0,0,3.0,3.0,0.0,0.038543,0.049243,2,0.049243
1.1538461538461537,3,n10os0.9-6.rcp,0.9358974358974359,15,73,n10,MULTIFLOW,2,13,2.0,0,11.0,11.0,0.0,0.017349,0.0,2,0.017349
1.2307692307692308,4,n10os0.9-7.rcp,0.9358974358974359,16,73,n10,FEASIBILITY,2,13,3.0,0,4.0,4.0,0.0,0.075266,0.123603,2,0.123603
1.2307692307692308,4,n10os0.9-7.rcp,0.9358974358974359,16,73,n10,MULTIFLOW,2,13,3.0,0,10.0,10.0,0.0,0.018259,0.0,2,0.018259
1.3076923076923077,5,n10os0.9-8.rcp,0.9358974358974359,17,73,n10,FEASIBILITY,2,13,3.0,0,4.0,4.0,0.0,0.081551,0.13072,2,0.13072
1.3076923076923077,5,n10os0.9-8.rcp,0.9358974358974359,17,73,n10,MULTIFLOW,2,13,3.0,0,10.0,10.0,0.0,0.019089,0.0,2,0.019089
1.1538461538461537,2,n10os0.9-9.rcp,0.9358974358974359,15,73,n10,FEASIBILITY,3,13,3.0,0,4.0,4.0,0.0,0.080795,0.11994,2,0.11994
1.1538461538461537,2,n10os0.9-9.rcp,0.9358974358974359,15,73,n10,MULTIFLOW,3,13,3.0,1,10.0,10.0,0.0,0.017832,0.0,2,0.017832
2.0869565217391304,7,n20o0.2-1.rcp,0.39920948616600793,48,101,n20,FEASIBILITY,8,23,,,,,,,,-1,-1.0
2.0869565217391304,7,n20o0.2-1.rcp,0.39920948616600793,48,101,n20,MULTIFLOW,8,23,9.0,1,14.0,14.0,0.0,2.758294,0.0,2,2.758294
1.9565217391304348,7,n20o0.2-10.rcp,0.39920948616600793,45,101,n20,FEASIBILITY,7,23,,,,,,,,-1,-1.0
1.9565217391304348,7,n20o0.2-10.rcp,0.39920948616600793,45,101,n20,MULTIFLOW,7,23,10.0,1,13.0,13.0,0.0,2.746728,0.0,2,2.746728
2.0,8,n20o0.2-2.rcp,0.39920948616600793,46,101,n20,FEASIBILITY,9,23,,,,,,,,-1,-1.0
2.0,8,n20o0.2-2.rcp,0.39920948616600793,46,101,n20,MULTIFLOW,9,23,11.0,111,12.0,12.0,0.0,9.610974,0.0,2,9.610974
2.0434782608695654,9,n20o0.2-3.rcp,0.39920948616600793,47,101,n20,FEASIBILITY,9,23,,,,,,,,-1,-1.0
2.0434782608695654,9,n20o0.2-3.rcp,0.39920948616600793,47,101,n20,MULTIFLOW,9,23,11.0,163016,12.0,12.0,0.0,764.571532,0.0,2,764.571532
1.8695652173913044,9,n20o0.2-4.rcp,0.39920948616600793,43,101,n20,FEASIBILITY,8,23,,,,,,,,-1,-1.0
1.8695652173913044,9,n20o0.2-4.rcp,0.39920948616600793,43,101,n20,MULTIFLOW,8,23,10.0,1,13.0,13.0,0.0,2.781389,0.0,2,2.781389
2.1739130434782608,10,n20o0.2-5.rcp,0.39920948616600793,50,101,n20,FEASIBILITY,9,23,,,,,,,,-1,-1.0
2.1739130434782608,10,n20o0.2-5.rcp,0.39920948616600793,50,101,n20,MULTIFLOW,9,23,10.0,1656,13.0,13.0,0.0,56.743698,0.0,2,56.743698
2.217391304347826,10,n20o0.2-6.rcp,0.39920948616600793,51,101,n20,FEASIBILITY,9,23,,,,,,,,-1,-1.0
2.217391304347826,10,n20o0.2-6.rcp,0.39920948616600793,51,101,n20,MULTIFLOW,9,23,10.0,725,13.0,13.0,0.0,20.792015,0.0,2,20.792015
2.0869565217391304,9,n20o0.2-7.rcp,0.39920948616600793,48,101,n20,FEASIBILITY,10,23,9.0,24169,10.0,10.0,0.0,2427.015549,2427.015549,2,2427.015549
2.0869565217391304,9,n20o0.2-7.rcp,0.39920948616600793,48,101,n20,MULTIFLOW,10,23,9.0,21,14.0,14.0,0.0,7.368632,0.0,2,7.368632
2.0,9,n20o0.2-8.rcp,0.39920948616600793,46,101,n20,FEASIBILITY,7,23,,,,,,,,-1,-1.0
2.0,9,n20o0.2-8.rcp,0.39920948616600793,46,101,n20,MULTIFLOW,7,23,10.0,91,13.0,13.0,0.0,10.117751,0.0,2,10.117751
2.217391304347826,10,n20o0.2-9.rcp,0.39920948616600793,51,101,n20,FEASIBILITY,9,23,9.0,13257,10.0,10.0,0.0,844.191948,3116.759376,2,3116.759376
2.217391304347826,10,n20o0.2-9.rcp,0.39920948616600793,51,101,n20,MULTIFLOW,9,23,9.0,1,14.0,14.0,0.0,4.41065,0.0,2,4.41065
2.217391304347826,14,n20o0.5-1.rcp,0.6245059288537549,51,158,n20,FEASIBILITY,5,23,8.0,3488,9.0,9.0,0.0,151.748916,256.072991,2,256.072991
2.217391304347826,14,n20o0.5-1.rcp,0.6245059288537549,51,158,n20,MULTIFLOW,5,23,8.0,1,15.0,15.0,0.0,2.680035,0.0,2,2.680035
1.9130434782608696,12,n20o0.5-10.rcp,0.6245059288537549,44,158,n20,FEASIBILITY,7,23,7.0,1,8.0,8.0,0.0,20.9483,33.214748,2,33.214748
1.9130434782608696,12,n20o0.5-10.rcp,0.6245059288537549,44,158,n20,MULTIFLOW,7,23,7.0,1,16.0,16.0,0.0,1.326845,0.0,2,1.326845
2.4782608695652173,14,n20o0.5-2.rcp,0.6245059288537549,57,158,n20,FEASIBILITY,5,23,10.0,3070,11.0,11.0,0.0,293.455722,1936.010316,2,1936.010316
2.4782608695652173,14,n20o0.5-2.rcp,0.6245059288537549,57,158,n20,MULTIFLOW,5,23,10.0,2168,13.0,13.0,0.0,52.427449,0.0,2,52.427449
2.4347826086956523,13,n20o0.5-3.rcp,0.6245059288537549,56,158,n20,FEASIBILITY,5,23,8.0,156,9.0,9.0,0.0,67.275519,101.049853,2,101.049853
2.4347826086956523,13,n20o0.5-3.rcp,0.6245059288537549,56,158,n20,MULTIFLOW,5,23,8.0,1,15.0,15.0,0.0,3.176361,0.0,2,3.176361
1.9565217391304348,10,n20o0.5-4.rcp,0.6245059288537549,45,158,n20,FEASIBILITY,7,23,8.0,4354,9.0,9.0,0.0,133.111297,166.151607,2,166.151607
1.9565217391304348,10,n20o0.5-4.rcp,0.6245059288537549,45,158,n20,MULTIFLOW,7,23,8.0,1,15.0,15.0,0.0,2.753394,0.0,2,2.753394
2.217391304347826,12,n20o0.5-5.rcp,0.6245059288537549,51,158,n20,FEASIBILITY,6,23,8.0,3824,9.0,9.0,0.0,138.159478,232.108607,2,232.108607
2.217391304347826,12,n20o0.5-5.rcp,0.6245059288537549,51,158,n20,MULTIFLOW,6,23,8.0,1,15.0,15.0,0.0,1.482894,0.0,2,1.482894
2.4782608695652173,13,n20o0.5-6.rcp,0.6245059288537549,57,158,n20,FEASIBILITY,6,23,9.0,1821,10.0,10.0,0.0,182.558437,674.392818,2,674.392818
2.4782608695652173,13,n20o0.5-6.rcp,0.6245059288537549,57,158,n20,MULTIFLOW,6,23,9.0,272,14.0,14.0,0.0,6.758714,0.0,2,6.758714
2.260869565217391,11,n20o0.5-7.rcp,0.6245059288537549,52,158,n20,FEASIBILITY,5,23,7.0,1120,8.0,8.0,0.0,55.632313,68.777543,2,68.777543
2.260869565217391,11,n20o0.5-7.rcp,0.6245059288537549,52,158,n20,MULTIFLOW,5,23,7.0,1,16.0,16.0,0.0,2.749505,0.0,2,2.749505
2.5217391304347827,13,n20o0.5-8.rcp,0.6245059288537549,58,158,n20,FEASIBILITY,7,23,8.0,7965,9.0,9.0,0.0,181.361502,221.507866,2,221.507866
2.5217391304347827,13,n20o0.5-8.rcp,0.6245059288537549,58,158,n20,MULTIFLOW,7,23,8.0,237,15.0,15.0,0.0,9.441568,0.0,2,9.441568
2.0,13,n20o0.5-9.rcp,0.6245059288537549,46,158,n20,FEASIBILITY,4,23,10.0,1,11.0,11.0,0.0,94.234446,2066.900322,2,2066.900322
2.0,13,n20o0.5-9.rcp,0.6245059288537549,46,158,n20,MULTIFLOW,4,23,10.0,29072,13.0,13.0,0.0,137.467511,0.0,2,137.467511
2.1739130434782608,15,n20o0.7-1.rcp,0.7747035573122529,50,196,n20,FEASIBILITY,5,23,9.0,1,10.0,10.0,0.0,46.487875,77.061301,2,77.061301
2.1739130434782608,15,n20o0.7-1.rcp,0.7747035573122529,50,196,n20,MULTIFLOW,5,23,9.0,1,14.0,14.0,0.0,1.179745,0.0,2,1.179745
2.0,13,n20o0.7-10.rcp,0.7747035573122529,46,196,n20,FEASIBILITY,4,23,9.0,1,10.0,10.0,0.0,23.416467,55.773814,2,55.773814
2.0,13,n20o0.7-10.rcp,0.7747035573122529,46,196,n20,MULTIFLOW,4,23,9.0,1,14.0,14.0,0.0,0.434017,0.0,2,0.434017
1.7826086956521738,11,n20o0.7-2.rcp,0.7747035573122529,41,196,n20,FEASIBILITY,5,23,9.0,1,10.0,10.0,0.0,35.3306,91.790986,2,91.790986
1.7826086956521738,11,n20o0.7-2.rcp,0.7747035573122529,41,196,n20,MULTIFLOW,5,23,9.0,1,14.0,14.0,0.0,0.830175,0.0,2,0.830175
1.826086956521739,13,n20o0.7-3.rcp,0.7747035573122529,42,196,n20,FEASIBILITY,4,23,8.0,1,9.0,9.0,0.0,17.823543,31.430547,2,31.430547
1.826086956521739,13,n20o0.7-3.rcp,0.7747035573122529,42,196,n20,MULTIFLOW,4,23,8.0,1,15.0,15.0,0.0,0.560093,0.0,2,0.560093
1.8695652173913044,13,n20o0.7-4.rcp,0.7747035573122529,43,196,n20,FEASIBILITY,6,23,9.0,1,10.0,10.0,0.0,33.972649,74.367356,2,74.367356
1.8695652173913044,13,n20o0.7-4.rcp,0.7747035573122529,43,196,n20,MULTIFLOW,6,23,9.0,1,14.0,14.0,0.0,0.952109,0.0,2,0.952109
2.1739130434782608,13,n20o0.7-5.rcp,0.7747035573122529,50,196,n20,FEASIBILITY,5,23,9.0,7032,10.0,10.0,0.0,103.678361,146.225789,2,146.225789
2.1739130434782608,13,n20o0.7-5.rcp,0.7747035573122529,50,196,n20,MULTIFLOW,5,23,9.0,1,14.0,14.0,0.0,1.302344,0.0,2,1.302344
2.4347826086956523,16,n20o0.7-6.rcp,0.7747035573122529,56,196,n20,FEASIBILITY,5,23,9.0,1,10.0,10.0,0.0,40.306142,68.507495,2,68.507495
2.4347826086956523,16,n20o0.7-6.rcp,0.7747035573122529,56,196,n20,MULTIFLOW,5,23,9.0,1,14.0,14.0,0.0,0.482924,0.0,2,0.482924
2.3043478260869565,15,n20o0.7-7.rcp,0.7747035573122529,53,196,n20,FEASIBILITY,6,23,8.0,1,9.0,9.0,0.0,16.114468,28.68886,2,28.68886
2.3043478260869565,15,n20o0.7-7.rcp,0.7747035573122529,53,196,n20,MULTIFLOW,6,23,8.0,1,15.0,15.0,0.0,0.899869,0.0,2,0.899869
2.0869565217391304,14,n20o0.7-8.rcp,0.7747035573122529,48,196,n20,FEASIBILITY,5,23,8.0,1,9.0,9.0,0.0,19.459361,33.193392,2,33.193392
2.0869565217391304,14,n20o0.7-8.rcp,0.7747035573122529,48,196,n20,MULTIFLOW,5,23,8.0,1,15.0,15.0,0.0,0.408372,0.0,2,0.408372
2.6956521739130435,16,n20o0.7-9.rcp,0.7747035573122529,62,196,n20,FEASIBILITY,5,23,10.0,12113,11.0,11.0,0.0,239.65452,341.238083,2,341.238083
2.6956521739130435,16,n20o0.7-9.rcp,0.7747035573122529,62,196,n20,MULTIFLOW,5,23,10.0,211,13.0,13.0,0.0,5.608799,0.0,2,5.608799
1.826086956521739,13,n20o0.8-1.rcp,0.849802371541502,42,215,n20,FEASIBILITY,4,23,7.0,1,8.0,8.0,0.0,5.728618,9.863671,2,9.863671
1.826086956521739,13,n20o0.8-1.rcp,0.849802371541502,42,215,n20,MULTIFLOW,4,23,7.0,1,16.0,16.0,0.0,0.203544,0.0,2,0.203544
1.9130434782608696,14,n20o0.8-10.rcp,0.849802371541502,44,215,n20,FEASIBILITY,3,23,7.0,1,8.0,8.0,0.0,7.17324,11.596013,2,11.596013
1.9130434782608696,14,n20o0.8-10.rcp,0.849802371541502,44,215,n20,MULTIFLOW,3,23,7.0,1,16.0,16.0,0.0,0.305308,0.0,2,0.305308
1.826086956521739,11,n20o0.8-2.rcp,0.849802371541502,42,215,n20,FEASIBILITY,3,23,8.0,1,9.0,9.0,0.0,15.561162,28.204149,2,28.204149
1.826086956521739,11,n20o0.8-2.rcp,0.849802371541502,42,215,n20,MULTIFLOW,3,23,8.0,1,15.0,15.0,0.0,0.249339,0.0,2,0.249339
1.7391304347826086,10,n20o0.8-3.rcp,0.849802371541502,40,215,n20,FEASIBILITY,4,23,8.0,1,9.0,9.0,0.0,16.188968,28.814151,2,28.814151
1.7391304347826086,10,n20o0.8-3.rcp,0.849802371541502,40,215,n20,MULTIFLOW,4,23,8.0,1,15.0,15.0,0.0,0.160422,0.0,2,0.160422
1.8695652173913044,12,n20o0.8-4.rcp,0.849802371541502,43,215,n20,FEASIBILITY,6,23,8.0,1,9.0,9.0,0.0,13.228368,27.100018,2,27.100018
1.8695652173913044,12,n20o0.8-4.rcp,0.849802371541502,43,215,n20,MULTIFLOW,6,23,8.0,1,15.0,15.0,0.0,0.284694,0.0,2,0.284694
1.7391304347826086,12,n20o0.8-5.rcp,0.849802371541502,40,215,n20,FEASIBILITY,4,23,7.0,1,8.0,8.0,0.0,6.12962,10.430282,2,10.430282
1.7391304347826086,12,n20o0.8-5.rcp,0.849802371541502,40,215,n20,MULTIFLOW,4,23,7.0,1,16.0,16.0,0.0,0.277139,0.0,2,0.277139
1.826086956521739,15,n20o0.8-6.rcp,0.849802371541502,42,215,n20,FEASIBILITY,4,23,7.0,1,8.0,8.0,0.0,5.176287,8.651722,2,8.651722
1.826086956521739,15,n20o0.8-6.rcp,0.849802371541502,42,215,n20,MULTIFLOW,4,23,7.0,1,16.0,16.0,0.0,0.259861,0.0,2,0.259861
1.6956521739130435,13,n20o0.8-7.rcp,0.849802371541502,39,215,n20,FEASIBILITY,3,23,7.0,0,8.0,8.0,0.0,6.037847,10.597415,2,10.597415
1.6956521739130435,13,n20o0.8-7.rcp,0.849802371541502,39,215,n20,MULTIFLOW,3,23,7.0,1,16.0,16.0,0.0,0.174849,0.0,2,0.174849
1.826086956521739,14,n20o0.8-8.rcp,0.849802371541502,42,215,n20,FEASIBILITY,4,23,7.0,0,8.0,8.0,0.0,5.67936,9.821757,2,9.821757
1.826086956521739,14,n20o0.8-8.rcp,0.849802371541502,42,215,n20,MULTIFLOW,4,23,7.0,1,16.0,16.0,0.0,0.180164,0.0,2,0.180164
1.7826086956521738,13,n20o0.8-9.rcp,0.849802371541502,41,215,n20,FEASIBILITY,4,23,7.0,1,8.0,8.0,0.0,5.756452,9.183106,2,9.183106
1.7826086956521738,13,n20o0.8-9.rcp,0.849802371541502,41,215,n20,MULTIFLOW,4,23,7.0,1,16.0,16.0,0.0,0.192317,0.0,2,0.192317
1.5217391304347827,11,n20o0.9-1.rcp,0.924901185770751,35,234,n20,FEASIBILITY,3,23,7.0,0,8.0,8.0,0.0,4.853653,8.140727,2,8.140727
1.5217391304347827,11,n20o0.9-1.rcp,0.924901185770751,35,234,n20,MULTIFLOW,3,23,7.0,1,16.0,16.0,0.0,0.076119,0.0,2,0.076119
1.5217391304347827,10,n20o0.9-10.rcp,0.924901185770751,35,234,n20,FEASIBILITY,3,23,7.0,0,8.0,8.0,0.0,4.832298,8.193217,2,8.193217
1.5217391304347827,10,n20o0.9-10.rcp,0.924901185770751,35,234,n20,MULTIFLOW,3,23,7.0,1,16.0,16.0,0.0,0.110912,0.0,2,0.110912
1.5217391304347827,11,n20o0.9-2.rcp,0.924901185770751,35,234,n20,FEASIBILITY,3,23,5.0,0,6.0,6.0,0.0,0.766002,1.524063,2,1.524063
1.5217391304347827,11,n20o0.9-2.rcp,0.924901185770751,35,234,n20,MULTIFLOW,3,23,5.0,1,18.0,18.0,0.0,0.087808,0.0,2,0.087808
1.3478260869565217,7,n20o0.9-3.rcp,0.924901185770751,31,234,n20,FEASIBILITY,3,23,5.0,0,6.0,6.0,0.0,1.305615,2.060111,2,2.060111
1.3478260869565217,7,n20o0.9-3.rcp,0.924901185770751,31,234,n20,MULTIFLOW,3,23,5.0,1,18.0,18.0,0.0,0.087477,0.0,2,0.087477
1.5217391304347827,9,n20o0.9-4.rcp,0.924901185770751,35,234,n20,FEASIBILITY,3,23,8.0,1,9.0,9.0,0.0,11.936397,22.182424,2,22.182424
1.5217391304347827,9,n20o0.9-4.rcp,0.924901185770751,35,234,n20,MULTIFLOW,3,23,8.0,1,15.0,15.0,0.0,0.076429,0.0,2,0.076429
1.391304347826087,8,n20o0.9-5.rcp,0.924901185770751,32,234,n20,FEASIBILITY,3,23,5.0,0,6.0,6.0,0.0,1.259928,2.017824,2,2.017824
1.391304347826087,8,n20o0.9-5.rcp,0.924901185770751,32,234,n20,MULTIFLOW,3,23,5.0,1,18.0,18.0,0.0,0.084485,0.0,2,0.084485
1.4782608695652173,11,n20o0.9-6.rcp,0.924901185770751,34,234,n20,FEASIBILITY,3,23,6.0,0,7.0,7.0,0.0,1.997606,3.531349,2,3.531349
1.4782608695652173,11,n20o0.9-6.rcp,0.924901185770751,34,234,n20,MULTIFLOW,3,23,6.0,1,17.0,17.0,0.0,0.091966,0.0,2,0.091966
1.4782608695652173,12,n20o0.9-7.rcp,0.924901185770751,34,234,n20,FEASIBILITY,2,23,7.0,0,8.0,8.0,0.0,4.437777,7.863179,2,7.863179
1.4782608695652173,12,n20o0.9-7.rcp,0.924901185770751,34,234,n20,MULTIFLOW,2,23,7.0,1,16.0,16.0,0.0,0.095423,0.0,2,0.095423
1.391304347826087,8,n20o0.9-8.rcp,0.924901185770751,32,234,n20,FEASIBILITY,3,23,5.0,0,6.0,6.0,0.0,1.108048,1.882899,2,1.882899
1.391304347826087,8,n20o0.9-8.rcp,0.924901185770751,32,234,n20,MULTIFLOW,3,23,5.0,1,18.0,18.0,0.0,0.0917,0.0,2,0.0917
1.3478260869565217,7,n20o0.9-9.rcp,0.924901185770751,31,234,n20,FEASIBILITY,3,23,5.0,0,6.0,6.0,0.0,1.122024,1.875634,2,1.875634
1.3478260869565217,7,n20o0.9-9.rcp,0.924901185770751,31,234,n20,MULTIFLOW,3,23,5.0,1,18.0,18.0,0.0,0.083864,0.0,2,0.083864
1.1304347826086956,3,n20o0.95-1.rcp,0.9604743083003953,26,243,n20,FEASIBILITY,3,23,3.0,0,4.0,4.0,0.0,0.260765,0.378531,2,0.378531
1.1304347826086956,3,n20o0.95-1.rcp,0.9604743083003953,26,243,n20,MULTIFLOW,3,23,3.0,1,20.0,20.0,0.0,0.059713,0.0,2,0.059713
1.2173913043478262,5,n20o0.95-10.rcp,0.9604743083003953,28,243,n20,FEASIBILITY,3,23,3.0,0,4.0,4.0,0.0,0.223927,0.342327,2,0.342327
1.2173913043478262,5,n20o0.95-10.rcp,0.9604743083003953,28,243,n20,MULTIFLOW,3,23,3.0,1,20.0,20.0,0.0,0.056532,0.0,2,0.056532
1.3043478260869565,8,n20o0.95-2.rcp,0.9604743083003953,30,243,n20,FEASIBILITY,2,23,5.0,0,6.0,6.0,0.0,0.919709,1.687299,2,1.687299
1.3043478260869565,8,n20o0.95-2.rcp,0.9604743083003953,30,243,n20,MULTIFLOW,2,23,5.0,0,18.0,18.0,0.0,0.060743,0.0,2,0.060743
1.2608695652173914,7,n20o0.95-3.rcp,0.9604743083003953,29,243,n20,FEASIBILITY,2,23,5.0,0,6.0,6.0,0.0,1.078657,1.845578,2,1.845578
1.2608695652173914,7,n20o0.95-3.rcp,0.9604743083003953,29,243,n20,MULTIFLOW,2,23,5.0,1,18.0,18.0,0.0,0.058247,0.0,2,0.058247
1.173913043478261,5,n20o0.95-4.rcp,0.9604743083003953,27,243,n20,FEASIBILITY,2,23,4.0,0,5.0,5.0,0.0,0.535,0.894607,2,0.894607
1.173913043478261,5,n20o0.95-4.rcp,0.9604743083003953,27,243,n20,MULTIFLOW,2,23,4.0,1,19.0,19.0,0.0,0.052671,0.0,2,0.052671
1.2173913043478262,6,n20o0.95-5.rcp,0.9604743083003953,28,243,n20,FEASIBILITY,2,23,5.0,0,6.0,6.0,0.0,1.388068,2.149845,2,2.149845
1.2173913043478262,6,n20o0.95-5.rcp,0.9604743083003953,28,243,n20,MULTIFLOW,2,23,5.0,1,18.0,18.0,0.0,0.05864,0.0,2,0.05864
1.3478260869565217,9,n20o0.95-6.rcp,0.9604743083003953,31,243,n20,FEASIBILITY,2,23,5.0,0,6.0,6.0,0.0,0.867385,1.630193,2,1.630193
1.3478260869565217,9,n20o0.95-6.rcp,0.9604743083003953,31,243,n20,MULTIFLOW,2,23,5.0,1,18.0,18.0,0.0,0.06817,0.0,2,0.06817
1.391304347826087,9,n20o0.95-7.rcp,0.9604743083003953,32,243,n20,FEASIBILITY,3,23,6.0,0,7.0,7.0,0.0,2.454901,4.223736,2,4.223736
1.391304347826087,9,n20o0.95-7.rcp,0.9604743083003953,32,243,n20,MULTIFLOW,3,23,6.0,1,17.0,17.0,0.0,0.063201,0.0,2,0.063201
1.5217391304347827,13,n20o0.95-8.rcp,0.9604743083003953,35,243,n20,FEASIBILITY,2,23,7.0,0,8.0,8.0,0.0,2.773702,6.072435,2,6.072435
1.5217391304347827,13,n20o0.95-8.rcp,0.9604743083003953,35,243,n20,MULTIFLOW,2,23,7.0,0,16.0,16.0,0.0,0.070726,0.0,2,0.070726
1.3043478260869565,8,n20o0.95-9.rcp,0.9604743083003953,30,243,n20,FEASIBILITY,2,23,5.0,0,6.0,6.0,0.0,1.099519,1.868799,2,1.868799
1.3043478260869565,8,n20o0.95-9.rcp,0.9604743083003953,30,243,n20,MULTIFLOW,2,23,5.0,1,18.0,18.0,0.0,0.064756,0.0,2,0.064756
1.696969696969697,18,n30os0.9-1.rcp,0.9166666666666666,56,484,n30,FEASIBILITY,4,33,10.0,1,11.0,11.0,0.0,132.691356,330.904211,2,330.904211
1.696969696969697,18,n30os0.9-1.rcp,0.9166666666666666,56,484,n30,MULTIFLOW,4,33,10.0,1,23.0,23.0,0.0,0.348334,0.0,2,0.348334
1.6666666666666667,18,n30os0.9-10.rcp,0.9166666666666666,55,484,n30,FEASIBILITY,3,33,11.0,1,12.0,12.0,0.0,158.983707,468.53439,2,468.53439
1.6666666666666667,18,n30os0.9-10.rcp,0.9166666666666666,55,484,n30,MULTIFLOW,3,33,11.0,1,22.0,22.0,0.0,0.324347,0.0,2,0.324347
1.696969696969697,16,n30os0.9-2.rcp,0.9166666666666666,56,484,n30,FEASIBILITY,3,33,10.0,1,11.0,11.0,0.0,125.594299,304.433589,2,304.433589
1.696969696969697,16,n30os0.9-2.rcp,0.9166666666666666,56,484,n30,MULTIFLOW,3,33,10.0,1,23.0,23.0,0.0,0.375321,0.0,2,0.375321
1.5757575757575757,13,n30os0.9-3.rcp,0.9166666666666666,52,484,n30,FEASIBILITY,4,33,9.0,1,10.0,10.0,0.0,94.707482,184.243802,2,184.243802
1.5757575757575757,13,n30os0.9-3.rcp,0.9166666666666666,52,484,n30,MULTIFLOW,4,33,9.0,1,24.0,24.0,0.0,0.281182,0.0,2,0.281182
1.7878787878787878,21,n30os0.9-4.rcp,0.9166666666666666,59,484,n30,FEASIBILITY,3,33,9.0,1,10.0,10.0,0.0,88.958176,173.895882,2,173.895882
1.7878787878787878,21,n30os0.9-4.rcp,0.9166666666666666,59,484,n30,MULTIFLOW,3,33,9.0,1,24.0,24.0,0.0,0.345855,0.0,2,0.345855
1.606060606060606,17,n30os0.9-5.rcp,0.9166666666666666,53,484,n30,FEASIBILITY,3,33,10.0,1,11.0,11.0,0.0,122.836194,308.550528,2,308.550528
1.606060606060606,17,n30os0.9-5.rcp,0.9166666666666666,53,484,n30,MULTIFLOW,3,33,10.0,1,23.0,23.0,0.0,0.300823,0.0,2,0.300823
1.6666666666666667,18,n30os0.9-6.rcp,0.9166666666666666,55,484,n30,FEASIBILITY,3,33,8.0,1,9.0,9.0,0.0,60.450208,97.1185,2,97.1185
1.6666666666666667,18,n30os0.9-6.rcp,0.9166666666666666,55,484,n30,MULTIFLOW,3,33,8.0,1,25.0,25.0,0.0,0.303754,0.0,2,0.303754
1.7272727272727273,18,n30os0.9-7.rcp,0.9166666666666666,57,484,n30,FEASIBILITY,4,33,12.0,1,13.0,13.0,0.0,198.753132,658.56174,2,658.56174
1.7272727272727273,18,n30os0.9-7.rcp,0.9166666666666666,57,484,n30,MULTIFLOW,4,33,12.0,1,21.0,21.0,0.0,0.361158,0.0,2,0.361158
1.7575757575757576,20,n30os0.9-8.rcp,0.9166666666666666,58,484,n30,FEASIBILITY,3,33,12.0,1,13.0,13.0,0.0,192.593702,648.901404,2,648.901404
1.7575757575757576,20,n30os0.9-8.rcp,0.9166666666666666,58,484,n30,MULTIFLOW,3,33,12.0,1,21.0,21.0,0.0,0.437815,0.0,2,0.437815
1.7575757575757576,20,n30os0.9-9.rcp,0.9166666666666666,58,484,n30,FEASIBILITY,3,33,10.0,1,11.0,11.0,0.0,117.325021,297.981071,2,297.981071
1.7575757575757576,20,n30os0.9-9.rcp,0.9166666666666666,58,484,n30,MULTIFLOW,3,33,10.0,1,23.0,23.0,0.0,0.710606,0.0,2,0.710606
1.393939393939394,13,n30os0.95-1.rcp,0.9583333333333334,46,506,n30,FEASIBILITY,3,33,7.0,1,8.0,8.0,0.0,26.977771,34.340613,2,34.340613
1.393939393939394,13,n30os0.95-1.rcp,0.9583333333333334,46,506,n30,MULTIFLOW,3,33,7.0,1,26.0,26.0,0.0,0.177203,0.0,2,0.177203
1.393939393939394,13,n30os0.95-10.rcp,0.9583333333333334,46,506,n30,FEASIBILITY,3,33,7.0,1,8.0,8.0,0.0,31.35852,40.75803,2,40.75803
1.393939393939394,13,n30os0.95-10.rcp,0.9583333333333334,46,506,n30,MULTIFLOW,3,33,7.0,1,26.0,26.0,0.0,0.176977,0.0,2,0.176977
1.4545454545454546,14,n30os0.95-2.rcp,0.9583333333333334,48,506,n30,FEASIBILITY,3,33,9.0,1,10.0,10.0,0.0,89.445809,176.864636,2,176.864636
1.4545454545454546,14,n30os0.95-2.rcp,0.9583333333333334,48,506,n30,MULTIFLOW,3,33,9.0,1,24.0,24.0,0.0,0.173723,0.0,2,0.173723
1.4545454545454546,15,n30os0.95-3.rcp,0.9583333333333334,48,506,n30,FEASIBILITY,3,33,9.0,1,10.0,10.0,0.0,87.562299,169.612874,2,169.612874
1.4545454545454546,15,n30os0.95-3.rcp,0.9583333333333334,48,506,n30,MULTIFLOW,3,33,9.0,1,24.0,24.0,0.0,0.184425,0.0,2,0.184425
1.4545454545454546,15,n30os0.95-4.rcp,0.9583333333333334,48,506,n30,FEASIBILITY,3,33,8.0,1,9.0,9.0,0.0,58.345115,93.438801,2,93.438801
1.4545454545454546,15,n30os0.95-4.rcp,0.9583333333333334,48,506,n30,MULTIFLOW,3,33,8.0,1,25.0,25.0,0.0,0.207804,0.0,2,0.207804
1.3333333333333333,11,n30os0.95-5.rcp,0.9583333333333334,44,506,n30,FEASIBILITY,3,33,6.0,0,7.0,7.0,0.0,6.13242,9.314974,2,9.314974
1.3333333333333333,11,n30os0.95-5.rcp,0.9583333333333334,44,506,n30,MULTIFLOW,3,33,6.0,1,27.0,27.0,0.0,0.196026,0.0,2,0.196026
1.4545454545454546,14,n30os0.95-6.rcp,0.9583333333333334,48,506,n30,FEASIBILITY,3,33,8.0,1,9.0,9.0,0.0,48.682074,81.015662,2,81.015662
1.4545454545454546,14,n30os0.95-6.rcp,0.9583333333333334,48,506,n30,MULTIFLOW,3,33,8.0,1,25.0,25.0,0.0,0.179984,0.0,2,0.179984
1.4242424242424243,13,n30os0.95-7.rcp,0.9583333333333334,47,506,n30,FEASIBILITY,3,33,8.0,1,9.0,9.0,0.0,54.084737,85.475138,2,85.475138
1.4242424242424243,13,n30os0.95-7.rcp,0.9583333333333334,47,506,n30,MULTIFLOW,3,33,8.0,1,25.0,25.0,0.0,0.185758,0.0,2,0.185758
1.3636363636363635,10,n30os0.95-8.rcp,0.9583333333333334,45,506,n30,FEASIBILITY,3,33,8.0,1,9.0,9.0,0.0,60.034027,101.375319,2,101.375319
1.3636363636363635,10,n30os0.95-8.rcp,0.9583333333333334,45,506,n30,MULTIFLOW,3,33,8.0,1,25.0,25.0,0.0,0.1879,0.0,2,0.1879
1.393939393939394,14,n30os0.95-9.rcp,0.9583333333333334,46,506,n30,FEASIBILITY,2,33,8.0,1,9.0,9.0,0.0,57.766241,92.666009,2,92.666009
1.393939393939394,14,n30os0.95-9.rcp,0.9583333333333334,46,506,n30,MULTIFLOW,2,33,8.0,1,25.0,25.0,0.0,0.19463,0.0,2,0.19463
2.909090909090909,16,n30s0.2-1.rcp,0.3409090909090909,96,180,n30,FEASIBILITY,10,33,,,,,,,,-1,-1.0
2.909090909090909,16,n30s0.2-1.rcp,0.3409090909090909,96,180,n30,MULTIFLOW,10,33,15.0,92104,18.0,19.0,0.0,18000.188428,0.0,9,18000.188428
2.484848484848485,12,n30s0.2-10.rcp,0.3409090909090909,82,180,n30,FEASIBILITY,14,33,,,,,,,,-1,-1.0
2.484848484848485,12,n30s0.2-10.rcp,0.3409090909090909,82,180,n30,MULTIFLOW,14,33,15.0,1151,18.0,18.0,0.0,347.382256,0.0,2,347.382256
2.515151515151515,14,n30s0.2-2.rcp,0.3409090909090909,83,180,n30,FEASIBILITY,9,33,,,,,,,,-1,-1.0
2.515151515151515,14,n30s0.2-2.rcp,0.3409090909090909,83,180,n30,MULTIFLOW,9,33,14.0,133766,19.0,19.0,0.0,4704.07563,0.0,2,4704.07563
2.6363636363636362,15,n30s0.2-3.rcp,0.3409090909090909,87,180,n30,FEASIBILITY,12,33,,,,,,,,-1,-1.0
2.6363636363636362,15,n30s0.2-3.rcp,0.3409090909090909,87,180,n30,MULTIFLOW,12,33,16.0,182152,17.0,19.0,0.0,18000.190332,0.0,9,18000.190332
2.727272727272727,14,n30s0.2-4.rcp,0.3409090909090909,90,180,n30,FEASIBILITY,10,33,,,,,,,,-1,-1.0
2.727272727272727,14,n30s0.2-4.rcp,0.3409090909090909,90,180,n30,MULTIFLOW,10,33,15.0,1599,18.0,18.0,0.0,530.156422,0.0,2,530.156422
2.5454545454545454,16,n30s0.2-5.rcp,0.3409090909090909,84,180,n30,FEASIBILITY,12,33,,,,,,,,-1,-1.0
2.5454545454545454,16,n30s0.2-5.rcp,0.3409090909090909,84,180,n30,MULTIFLOW,12,33,16.0,735906,17.0,18.0,0.0,18000.209788,0.0,9,18000.209788
2.515151515151515,13,n30s0.2-6.rcp,0.3409090909090909,83,180,n30,FEASIBILITY,12,33,,,,,,,,-1,-1.0
2.515151515151515,13,n30s0.2-6.rcp,0.3409090909090909,83,180,n30,MULTIFLOW,12,33,15.0,1073950,18.0,19.0,0.0,18000.18198,0.0,9,18000.18198
2.515151515151515,16,n30s0.2-7.rcp,0.3409090909090909,83,180,n30,FEASIBILITY,11,33,,,,,,,,-1,-1.0
2.515151515151515,16,n30s0.2-7.rcp,0.3409090909090909,83,180,n30,MULTIFLOW,11,33,15.0,376110,18.0,20.0,0.0,18000.180541,0.0,9,18000.180541
2.878787878787879,15,n30s0.2-8.rcp,0.3409090909090909,95,180,n30,FEASIBILITY,14,33,,,,,,,,-1,-1.0
2.878787878787879,15,n30s0.2-8.rcp,0.3409090909090909,95,180,n30,MULTIFLOW,14,33,15.0,1278,18.0,18.0,0.0,660.253789,0.0,2,660.253789
2.696969696969697,15,n30s0.2-9.rcp,0.3409090909090909,89,180,n30,FEASIBILITY,10,33,,,,,,,,-1,-1.0
2.696969696969697,15,n30s0.2-9.rcp,0.3409090909090909,89,180,n30,MULTIFLOW,10,33,15.0,483862,18.0,19.0,0.0,18000.204625,0.0,9,18000.204625
2.9696969696969697,20,n30s0.5-1.rcp,0.5871212121212122,98,310,n30,FEASIBILITY,7,33,,,,,,,,-1,-1.0
2.9696969696969697,20,n30s0.5-1.rcp,0.5871212121212122,98,310,n30,MULTIFLOW,7,33,14.0,476986,19.0,20.0,0.0,18000.155521,0.0,9,18000.155521
2.9393939393939394,24,n30s0.5-10.rcp,0.5871212121212122,97,310,n30,FEASIBILITY,6,33,,,,,,,,-1,-1.0
2.9393939393939394,24,n30s0.5-10.rcp,0.5871212121212122,97,310,n30,MULTIFLOW,6,33,13.0,387504,20.0,21.0,0.0,18000.153333,0.0,9,18000.153333
3.0606060606060606,24,n30s0.5-2.rcp,0.5871212121212122,101,310,n30,FEASIBILITY,7,33,,,,,,,,-1,-1.0
3.0606060606060606,24,n30s0.5-2.rcp,0.5871212121212122,101,310,n30,MULTIFLOW,7,33,14.0,195080,19.0,21.0,0.0,18000.15631,0.0,9,18000.15631
2.515151515151515,19,n30s0.5-3.rcp,0.5871212121212122,83,310,n30,FEASIBILITY,7,33,,,,,,,,-1,-1.0
2.515151515151515,19,n30s0.5-3.rcp,0.5871212121212122,83,310,n30,MULTIFLOW,7,33,13.0,793,20.0,20.0,0.0,142.453124,0.0,2,142.453124
3.1515151515151514,22,n30s0.5-4.rcp,0.5871212121212122,104,310,n30,FEASIBILITY,7,33,,,,,,,,-1,-1.0
3.1515151515151514,22,n30s0.5-4.rcp,0.5871212121212122,104,310,n30,MULTIFLOW,7,33,12.0,7610,21.0,21.0,0.0,888.568451,0.0,2,888.568451
3.0,21,n30s0.5-5.rcp,0.5871212121212122,99,310,n30,FEASIBILITY,7,33,,,,,,,,-1,-1.0
3.0,21,n30s0.5-5.rcp,0.5871212121212122,99,310,n30,MULTIFLOW,7,33,15.0,655572,18.0,19.0,0.0,18000.151072,0.0,9,18000.151072
2.8484848484848486,21,n30s0.5-6.rcp,0.5871212121212122,94,310,n30,FEASIBILITY,8,33,,,,,,,,-1,-1.0
2.8484848484848486,21,n30s0.5-6.rcp,0.5871212121212122,94,310,n30,MULTIFLOW,8,33,14.0,249417,19.0,19.0,0.0,5761.035933,0.0,2,5761.035933
2.8181818181818183,22,n30s0.5-7.rcp,0.5871212121212122,93,310,n30,FEASIBILITY,7,33,11.0,19717,12.0,12.0,0.0,13322.0813,25162.447741,2,25162.447741
2.8181818181818183,22,n30s0.5-7.rcp,0.5871212121212122,93,310,n30,MULTIFLOW,7,33,11.0,1141,22.0,22.0,0.0,168.644511,0.0,2,168.644511
3.242424242424242,21,n30s0.5-8.rcp,0.5871212121212122,107,310,n30,FEASIBILITY,7,33,,,,,,,,-1,-1.0
3.242424242424242,21,n30s0.5-8.rcp,0.5871212121212122,107,310,n30,MULTIFLOW,7,33,13.0,1367,20.0,20.0,0.0,231.705043,0.0,2,231.705043
2.9696969696969697,21,n30s0.5-9.rcp,0.5871212121212122,98,310,n30,FEASIBILITY,8,33,,,,,,,,-1,-1.0
2.9696969696969697,21,n30s0.5-9.rcp,0.5871212121212122,98,310,n30,MULTIFLOW,8,33,16.0,525261,17.0,19.0,0.0,18000.149629,0.0,9,18000.149629
2.5454545454545454,21,n30s0.7-1.rcp,0.7518939393939394,84,397,n30,FEASIBILITY,5,33,,,,,,,,-1,-1.0
2.5454545454545454,21,n30s0.7-1.rcp,0.7518939393939394,84,397,n30,MULTIFLOW,5,33,13.0,1,20.0,20.0,0.0,22.108762,0.0,2,22.108762
2.4545454545454546,23,n30s0.7-10.rcp,0.7518939393939394,81,397,n30,FEASIBILITY,6,33,12.0,9547,13.0,13.0,0.0,2462.055334,5973.231862,2,5973.231862
2.4545454545454546,23,n30s0.7-10.rcp,0.7518939393939394,81,397,n30,MULTIFLOW,6,33,12.0,3038,21.0,21.0,0.0,137.001555,0.0,2,137.001555
2.757575757575758,23,n30s0.7-2.rcp,0.7518939393939394,91,397,n30,FEASIBILITY,5,33,12.0,6731,13.0,13.0,0.0,2487.047643,5886.038124,2,5886.038124
2.757575757575758,23,n30s0.7-2.rcp,0.7518939393939394,91,397,n30,MULTIFLOW,5,33,12.0,1637,21.0,21.0,0.0,87.293242,0.0,2,87.293242
2.757575757575758,22,n30s0.7-3.rcp,0.7518939393939394,91,397,n30,FEASIBILITY,5,33,13.0,4799,14.0,14.0,0.0,1912.952747,13124.787364,2,13124.787364
2.757575757575758,22,n30s0.7-3.rcp,0.7518939393939394,91,397,n30,MULTIFLOW,5,33,13.0,7934,20.0,20.0,0.0,203.782702,0.0,2,203.782702
2.878787878787879,24,n30s0.7-4.rcp,0.7518939393939394,95,397,n30,FEASIBILITY,6,33,14.0,8187,15.0,15.0,0.0,3614.194982,17696.638015,2,17696.638015
2.878787878787879,24,n30s0.7-4.rcp,0.7518939393939394,95,397,n30,MULTIFLOW,6,33,14.0,27070,19.0,19.0,0.0,747.126913,0.0,2,747.126913
2.6666666666666665,22,n30s0.7-5.rcp,0.7518939393939394,88,397,n30,FEASIBILITY,6,33,12.0,10092,13.0,13.0,0.0,2936.317842,4902.676185,2,4902.676185
2.6666666666666665,22,n30s0.7-5.rcp,0.7518939393939394,88,397,n30,MULTIFLOW,6,33,12.0,1480,21.0,21.0,0.0,68.041498,0.0,2,68.041498
2.757575757575758,21,n30s0.7-6.rcp,0.7518939393939394,91,397,n30,FEASIBILITY,7,33,14.0,15977,15.0,15.0,0.0,6946.786633,16087.531987,2,16087.531987
2.757575757575758,21,n30s0.7-6.rcp,0.7518939393939394,91,397,n30,MULTIFLOW,7,33,14.0,4893,19.0,19.0,0.0,198.855698,0.0,2,198.855698
2.212121212121212,19,n30s0.7-7.rcp,0.7518939393939394,73,397,n30,FEASIBILITY,6,33,13.0,6906,14.0,14.0,0.0,4465.121812,13098.744951,2,13098.744951
2.212121212121212,19,n30s0.7-7.rcp,0.7518939393939394,73,397,n30,MULTIFLOW,6,33,13.0,420,20.0,20.0,0.0,51.570079,0.0,2,51.570079
2.909090909090909,25,n30s0.7-8.rcp,0.7518939393939394,96,397,n30,FEASIBILITY,6,33,12.0,10981,13.0,13.0,0.0,2955.352129,5205.446059,2,5205.446059
2.909090909090909,25,n30s0.7-8.rcp,0.7518939393939394,96,397,n30,MULTIFLOW,6,33,12.0,1027,21.0,21.0,0.0,61.944407,0.0,2,61.944407
2.8181818181818183,25,n30s0.7-9.rcp,0.7518939393939394,93,397,n30,FEASIBILITY,5,33,12.0,3522,13.0,13.0,0.0,1020.983812,3108.734427,2,3108.734427
2.8181818181818183,25,n30s0.7-9.rcp,0.7518939393939394,93,397,n30,MULTIFLOW,5,33,12.0,1,21.0,21.0,0.0,13.921906,0.0,2,13.921906
2.121212121212121,20,n30s0.8-1.rcp,0.8352272727272727,70,441,n30,FEASIBILITY,4,33,11.0,951,12.0,12.0,0.0,279.01607,641.248507,2,641.248507
2.121212121212121,20,n30s0.8-1.rcp,0.8352272727272727,70,441,n30,MULTIFLOW,4,33,11.0,1,22.0,22.0,0.0,2.393001,0.0,2,2.393001
2.4242424242424243,24,n30s0.8-10.rcp,0.8352272727272727,80,441,n30,FEASIBILITY,5,33,13.0,2627,14.0,14.0,0.0,655.728241,1872.249187,2,1872.249187
2.4242424242424243,24,n30s0.8-10.rcp,0.8352272727272727,80,441,n30,MULTIFLOW,5,33,13.0,385,20.0,20.0,0.0,18.299504,0.0,2,18.299504
2.0,19,n30s0.8-2.rcp,0.8352272727272727,66,441,n30,FEASIBILITY,5,33,10.0,453,11.0,11.0,0.0,175.33288,390.279264,2,390.279264
2.0,19,n30s0.8-2.rcp,0.8352272727272727,66,441,n30,MULTIFLOW,5,33,10.0,1,23.0,23.0,0.0,1.648075,0.0,2,1.648075
2.1818181818181817,23,n30s0.8-3.rcp,0.8352272727272727,72,441,n30,FEASIBILITY,5,33,10.0,37,11.0,11.0,0.0,213.132261,438.084254,2,438.084254
2.1818181818181817,23,n30s0.8-3.rcp,0.8352272727272727,72,441,n30,MULTIFLOW,5,33,10.0,1,23.0,23.0,0.0,5.448424,0.0,2,5.448424
2.1818181818181817,23,n30s0.8-4.rcp,0.8352272727272727,72,441,n30,FEASIBILITY,4,33,12.0,9522,13.0,13.0,0.0,712.992329,1671.881945,2,1671.881945
2.1818181818181817,23,n30s0.8-4.rcp,0.8352272727272727,72,441,n30,MULTIFLOW,4,33,12.0,1,21.0,21.0,0.0,6.215176,0.0,2,6.215176
2.303030303030303,24,n30s0.8-5.rcp,0.8352272727272727,76,441,n30,FEASIBILITY,4,33,12.0,6187,13.0,13.0,0.0,571.198417,1353.116602,2,1353.116602
2.303030303030303,24,n30s0.8-5.rcp,0.8352272727272727,76,441,n30,MULTIFLOW,4,33,12.0,455,21.0,21.0,0.0,14.260312,0.0,2,14.260312
1.9696969696969697,20,n30s0.8-6.rcp,0.8352272727272727,65,441,n30,FEASIBILITY,5,33,12.0,4044,13.0,13.0,0.0,518.282209,1008.489972,2,1008.489972
1.9696969696969697,20,n30s0.8-6.rcp,0.8352272727272727,65,441,n30,MULTIFLOW,5,33,12.0,42,21.0,21.0,0.0,3.741385,0.0,2,3.741385
2.1818181818181817,23,n30s0.8-7.rcp,0.8352272727272727,72,441,n30,FEASIBILITY,6,33,12.0,7153,13.0,13.0,0.0,547.442392,1022.722838,2,1022.722838
2.1818181818181817,23,n30s0.8-7.rcp,0.8352272727272727,72,441,n30,MULTIFLOW,6,33,12.0,1,21.0,21.0,0.0,2.101469,0.0,2,2.101469
2.303030303030303,22,n30s0.8-8.rcp,0.8352272727272727,76,441,n30,FEASIBILITY,4,33,12.0,7198,13.0,13.0,0.0,689.435058,1329.316374,2,1329.316374
2.303030303030303,22,n30s0.8-8.rcp,0.8352272727272727,76,441,n30,MULTIFLOW,4,33,12.0,1,21.0,21.0,0.0,5.562775,0.0,2,5.562775
2.090909090909091,24,n30s0.8-9.rcp,0.8352272727272727,69,441,n30,FEASIBILITY,4,33,10.0,1,11.0,11.0,0.0,141.791391,341.116632,2,341.116632
2.090909090909091,24,n30s0.8-9.rcp,0.8352272727272727,69,441,n30,MULTIFLOW,4,33,10.0,1,23.0,23.0,0.0,1.448478,0.0,2,1.448478
3.627906976744186,23,n40os0.2-1.rcp,0.3089700996677741,156,279,n40,FEASIBILITY,21,43,,,,,,,,-1,-1.0
3.627906976744186,23,n40os0.2-1.rcp,0.3089700996677741,156,279,n40,MULTIFLOW,21,43,23.0,19750,20.0,23.0,0.0,18000.401377,0.0,9,18000.401377
3.13953488372093,20,n40os0.2-10.rcp,0.3089700996677741,135,279,n40,FEASIBILITY,14,43,,,,,,,,-1,-1.0
3.13953488372093,20,n40os0.2-10.rcp,0.3089700996677741,135,279,n40,MULTIFLOW,14,43,20.0,96098,23.0,24.0,0.0,18000.396227,0.0,9,18000.396227
2.883720930232558,19,n40os0.2-2.rcp,0.3089700996677741,124,279,n40,FEASIBILITY,10,43,,,,,,,,-1,-1.0
2.883720930232558,19,n40os0.2-2.rcp,0.3089700996677741,124,279,n40,MULTIFLOW,10,43,20.0,8131,23.0,26.0,0.0,18000.390926,0.0,9,18000.390926
3.2093023255813953,22,n40os0.2-3.rcp,0.3089700996677741,138,279,n40,FEASIBILITY,16,43,,,,,,,,-1,-1.0
3.2093023255813953,22,n40os0.2-3.rcp,0.3089700996677741,138,279,n40,MULTIFLOW,16,43,21.0,30549,22.0,24.0,0.0,18000.390943,0.0,9,18000.390943
3.0697674418604652,20,n40os0.2-4.rcp,0.3089700996677741,132,279,n40,FEASIBILITY,16,43,,,,,,,,-1,-1.0
3.0697674418604652,20,n40os0.2-4.rcp,0.3089700996677741,132,279,n40,MULTIFLOW,16,43,20.0,10324,23.0,26.0,0.0,18000.370607,0.0,9,18000.370607
3.3488372093023258,17,n40os0.2-5.rcp,0.3089700996677741,144,279,n40,FEASIBILITY,13,43,,,,,,,,-1,-1.0
3.3488372093023258,17,n40os0.2-5.rcp,0.3089700996677741,144,279,n40,MULTIFLOW,13,43,21.0,22807,22.0,23.0,0.0,18000.402148,0.0,9,18000.402148
3.395348837209302,17,n40os0.2-6.rcp,0.3089700996677741,146,279,n40,FEASIBILITY,14,43,,,,,,,,-1,-1.0
3.395348837209302,17,n40os0.2-6.rcp,0.3089700996677741,146,279,n40,MULTIFLOW,14,43,23.0,9359,20.0,24.0,0.0,18000.382801,0.0,9,18000.382801
3.2325581395348837,20,n40os0.2-7.rcp,0.3089700996677741,139,279,n40,FEASIBILITY,14,43,,,,,,,,-1,-1.0
3.2325581395348837,20,n40os0.2-7.rcp,0.3089700996677741,139,279,n40,MULTIFLOW,14,43,21.0,17522,22.0,25.0,0.0,18000.379433,0.0,9,18000.379433
2.9767441860465116,21,n40os0.2-8.rcp,0.3089700996677741,128,279,n40,FEASIBILITY,15,43,,,,,,,,-1,-1.0
2.9767441860465116,21,n40os0.2-8.rcp,0.3089700996677741,128,279,n40,MULTIFLOW,15,43,23.0,21274,20.0,23.0,0.0,18000.410901,0.0,9,18000.410901
3.13953488372093,21,n40os0.2-9.rcp,0.3089700996677741,135,279,n40,FEASIBILITY,14,43,,,,,,,,-1,-1.0
3.13953488372093,21,n40os0.2-9.rcp,0.3089700996677741,135,279,n40,MULTIFLOW,14,43,21.0,15888,22.0,25.0,0.0,18000.628907,0.0,9,18000.628907
4.023255813953488,31,n40os0.5-1.rcp,0.5681063122923588,173,513,n40,FEASIBILITY,10,43,,,,,,,,-1,-1.0
4.023255813953488,31,n40os0.5-1.rcp,0.5681063122923588,173,513,n40,MULTIFLOW,10,43,19.0,17720,24.0,28.0,0.0,18000.344685,0.0,9,18000.344685
3.883720930232558,30,n40os0.5-10.rcp,0.5681063122923588,167,513,n40,FEASIBILITY,9,43,,,,,,,,-1,-1.0
3.883720930232558,30,n40os0.5-10.rcp,0.5681063122923588,167,513,n40,MULTIFLOW,9,43,19.0,24394,24.0,27.0,0.0,18000.357246,0.0,9,18000.357246
3.7209302325581395,29,n40os0.5-2.rcp,0.5681063122923588,160,513,n40,FEASIBILITY,9,43,,,,,,,,-1,-1.0
3.7209302325581395,29,n40os0.5-2.rcp,0.5681063122923588,160,513,n40,MULTIFLOW,9,43,19.0,158190,24.0,25.0,0.0,18000.340935,0.0,9,18000.340935
4.441860465116279,30,n40os0.5-3.rcp,0.5681063122923588,191,513,n40,FEASIBILITY,10,43,,,,,,,,-1,-1.0
4.441860465116279,30,n40os0.5-3.rcp,0.5681063122923588,191,513,n40,MULTIFLOW,10,43,21.0,29384,22.0,26.0,0.0,18000.313461,0.0,9,18000.313461
3.441860465116279,29,n40os0.5-4.rcp,0.5681063122923588,148,513,n40,FEASIBILITY,10,43,,,,,,,,-1,-1.0
3.441860465116279,29,n40os0.5-4.rcp,0.5681063122923588,148,513,n40,MULTIFLOW,10,43,17.0,129572,26.0,27.0,0.0,18000.325046,0.0,9,18000.325046
3.558139534883721,29,n40os0.5-5.rcp,0.5681063122923588,153,513,n40,FEASIBILITY,7,43,,,,,,,,-1,-1.0
3.558139534883721,29,n40os0.5-5.rcp,0.5681063122923588,153,513,n40,MULTIFLOW,7,43,17.0,44347,26.0,28.0,0.0,18000.347765,0.0,9,18000.347765
3.7209302325581395,32,n40os0.5-6.rcp,0.5681063122923588,160,513,n40,FEASIBILITY,10,43,,,,,,,,-1,-1.0
3.7209302325581395,32,n40os0.5-6.rcp,0.5681063122923588,160,513,n40,MULTIFLOW,10,43,18.0,36258,25.0,28.0,0.0,18000.350338,0.0,9,18000.350338
3.5813953488372094,31,n40os0.5-7.rcp,0.5681063122923588,154,513,n40,FEASIBILITY,10,43,,,,,,,,-1,-1.0
3.5813953488372094,31,n40os0.5-7.rcp,0.5681063122923588,154,513,n40,MULTIFLOW,10,43,18.0,75255,25.0,27.0,0.0,18000.334022,0.0,9,18000.334022
4.046511627906977,28,n40os0.5-8.rcp,0.5681063122923588,174,513,n40,FEASIBILITY,11,43,,,,,,,,-1,-1.0
4.046511627906977,28,n40os0.5-8.rcp,0.5681063122923588,174,513,n40,MULTIFLOW,11,43,19.0,23001,24.0,27.0,0.0,18000.320659,0.0,9,18000.320659
3.0232558139534884,28,n40os0.5-9.rcp,0.5681063122923588,130,513,n40,FEASIBILITY,11,43,,,,,,,,-1,-1.0
3.0232558139534884,28,n40os0.5-9.rcp,0.5681063122923588,130,513,n40,MULTIFLOW,11,43,,,,,,,,-1,-1.0
3.372093023255814,35,n40os0.7-1.rcp,0.7408637873754153,145,669,n40,FEASIBILITY,7,43,,,,,,,,-1,-1.0
3.372093023255814,35,n40os0.7-1.rcp,0.7408637873754153,145,669,n40,MULTIFLOW,7,43,18.0,112698,25.0,27.0,0.0,18000.289168,0.0,9,18000.289168
3.046511627906977,33,n40os0.7-10.rcp,0.7408637873754153,131,669,n40,FEASIBILITY,7,43,,,,,,,,-1,-1.0
3.046511627906977,33,n40os0.7-10.rcp,0.7408637873754153,131,669,n40,MULTIFLOW,7,43,16.0,22070,27.0,27.0,0.0,4383.908285,0.0,2,4383.908285
2.813953488372093,32,n40os0.7-2.rcp,0.7408637873754153,121,669,n40,FEASIBILITY,8,43,,,,,,,,-1,-1.0
2.813953488372093,32,n40os0.7-2.rcp,0.7408637873754153,121,669,n40,MULTIFLOW,8,43,17.0,15154,26.0,26.0,0.0,2867.988514,0.0,2,2867.988514
3.255813953488372,31,n40os0.7-3.rcp,0.7408637873754153,140,669,n40,FEASIBILITY,8,43,,,,,,,,-1,-1.0
3.255813953488372,31,n40os0.7-3.rcp,0.7408637873754153,140,669,n40,MULTIFLOW,8,43,16.0,12619,27.0,27.0,0.0,2278.727343,0.0,2,2278.727343
3.4186046511627906,33,n40os0.7-4.rcp,0.7408637873754153,147,669,n40,FEASIBILITY,7,43,,,,,,,,-1,-1.0
3.4186046511627906,33,n40os0.7-4.rcp,0.7408637873754153,147,669,n40,MULTIFLOW,7,43,17.0,104462,26.0,27.0,0.0,18000.317885,0.0,9,18000.317885
2.8372093023255816,32,n40os0.7-5.rcp,0.7408637873754153,122,669,n40,FEASIBILITY,6,43,,,,,,,,-1,-1.0
2.8372093023255816,32,n40os0.7-5.rcp,0.7408637873754153,122,669,n40,MULTIFLOW,6,43,16.0,110604,27.0,27.0,0.0,11506.341357,0.0,2,11506.341357
2.9302325581395348,33,n40os0.7-6.rcp,0.7408637873754153,126,669,n40,FEASIBILITY,7,43,,,,,,,,-1,-1.0
2.9302325581395348,33,n40os0.7-6.rcp,0.7408637873754153,126,669,n40,MULTIFLOW,7,43,16.0,90286,27.0,28.0,0.0,18000.277755,0.0,9,18000.277755
2.744186046511628,33,n40os0.7-7.rcp,0.7408637873754153,118,669,n40,FEASIBILITY,6,43,,,,,,,,-1,-1.0
2.744186046511628,33,n40os0.7-7.rcp,0.7408637873754153,118,669,n40,MULTIFLOW,6,43,16.0,38990,27.0,27.0,0.0,7514.209665,0.0,2,7514.209665
3.3488372093023258,32,n40os0.7-8.rcp,0.7408637873754153,144,669,n40,FEASIBILITY,8,43,,,,,,,,-1,-1.0
3.3488372093023258,32,n40os0.7-8.rcp,0.7408637873754153,144,669,n40,MULTIFLOW,8,43,19.0,92016,24.0,26.0,0.0,18000.29,0.0,9,18000.29
2.7674418604651163,31,n40os0.7-9.rcp,0.7408637873754153,119,669,n40,FEASIBILITY,7,43,,,,,,,,-1,-1.0
2.7674418604651163,31,n40os0.7-9.rcp,0.7408637873754153,119,669,n40,MULTIFLOW,7,43,18.0,218014,25.0,26.0,0.0,18000.271197,0.0,9,18000.271197
2.697674418604651,36,n40os0.8-1.rcp,0.8272425249169435,116,747,n40,FEASIBILITY,7,43,,,,,,,,-1,-1.0
2.697674418604651,36,n40os0.8-1.rcp,0.8272425249169435,116,747,n40,MULTIFLOW,7,43,19.0,367408,24.0,24.0,0.0,9582.589107,0.0,2,9582.589107
2.488372093023256,29,n40os0.8-10.rcp,0.8272425249169435,107,747,n40,FEASIBILITY,7,43,,,,,,,,-1,-1.0
2.488372093023256,29,n40os0.8-10.rcp,0.8272425249169435,107,747,n40,MULTIFLOW,7,43,15.0,468,28.0,28.0,0.0,82.153591,0.0,2,82.153591
2.488372093023256,32,n40os0.8-2.rcp,0.8272425249169435,107,747,n40,FEASIBILITY,5,43,,,,,,,,-1,-1.0
2.488372093023256,32,n40os0.8-2.rcp,0.8272425249169435,107,747,n40,MULTIFLOW,5,43,16.0,244,27.0,27.0,0.0,119.743829,0.0,2,119.743829
2.372093023255814,32,n40os0.8-3.rcp,0.8272425249169435,102,747,n40,FEASIBILITY,5,43,,,,,,,,-1,-1.0
2.372093023255814,32,n40os0.8-3.rcp,0.8272425249169435,102,747,n40,MULTIFLOW,5,43,14.0,6620,29.0,29.0,0.0,535.526143,0.0,2,535.526143
2.5348837209302326,34,n40os0.8-4.rcp,0.8272425249169435,109,747,n40,FEASIBILITY,5,43,,,,,,,,-1,-1.0
2.5348837209302326,34,n40os0.8-4.rcp,0.8272425249169435,109,747,n40,MULTIFLOW,5,43,15.0,568,28.0,28.0,0.0,81.497419,0.0,2,81.497419
2.6744186046511627,33,n40os0.8-5.rcp,0.8272425249169435,115,747,n40,FEASIBILITY,5,43,,,,,,,,-1,-1.0
2.6744186046511627,33,n40os0.8-5.rcp,0.8272425249169435,115,747,n40,MULTIFLOW,5,43,16.0,2154,27.0,27.0,0.0,188.641742,0.0,2,188.641742
2.5348837209302326,33,n40os0.8-6.rcp,0.8272425249169435,109,747,n40,FEASIBILITY,5,43,,,,,,,,-1,-1.0
2.5348837209302326,33,n40os0.8-6.rcp,0.8272425249169435,109,747,n40,MULTIFLOW,5,43,16.0,3052,27.0,27.0,0.0,112.13181,0.0,2,112.13181
2.558139534883721,32,n40os0.8-7.rcp,0.8272425249169435,110,747,n40,FEASIBILITY,5,43,,,,,,,,-1,-1.0
2.558139534883721,32,n40os0.8-7.rcp,0.8272425249169435,110,747,n40,MULTIFLOW,5,43,15.0,630,28.0,28.0,0.0,44.302687,0.0,2,44.302687
2.4186046511627906,32,n40os0.8-8.rcp,0.8272425249169435,104,747,n40,FEASIBILITY,5,43,,,,,,,,-1,-1.0
2.4186046511627906,32,n40os0.8-8.rcp,0.8272425249169435,104,747,n40,MULTIFLOW,5,43,16.0,73,27.0,27.0,0.0,28.957379,0.0,2,28.957379
2.5348837209302326,34,n40os0.8-9.rcp,0.8272425249169435,109,747,n40,FEASIBILITY,6,43,,,,,,,,-1,-1.0
2.5348837209302326,34,n40os0.8-9.rcp,0.8272425249169435,109,747,n40,MULTIFLOW,6,43,17.0,802,26.0,26.0,0.0,77.156249,0.0,2,77.156249
2.046511627906977,26,n40os0.9-1.rcp,0.9136212624584718,88,825,n40,FEASIBILITY,4,43,,,,,,,,-1,-1.0
2.046511627906977,26,n40os0.9-1.rcp,0.9136212624584718,88,825,n40,MULTIFLOW,4,43,17.0,1,26.0,26.0,0.0,2.468966,0.0,2,2.468966
1.8837209302325582,26,n40os0.9-10.rcp,0.9136212624584718,81,825,n40,FEASIBILITY,4,43,,,,,,,,-1,-1.0
1.8837209302325582,26,n40os0.9-10.rcp,0.9136212624584718,81,825,n40,MULTIFLOW,4,43,14.0,1,29.0,29.0,0.0,1.92074,0.0,2,1.92074
1.8837209302325582,26,n40os0.9-2.rcp,0.9136212624584718,81,825,n40,FEASIBILITY,4,43,,,,,,,,-1,-1.0
1.8837209302325582,26,n40os0.9-2.rcp,0.9136212624584718,81,825,n40,MULTIFLOW,4,43,15.0,1,28.0,28.0,0.0,3.428274,0.0,2,3.428274
2.0,29,n40os0.9-3.rcp,0.9136212624584718,86,825,n40,FEASIBILITY,6,43,,,,,,,,-1,-1.0
2.0,29,n40os0.9-3.rcp,0.9136212624584718,86,825,n40,MULTIFLOW,6,43,16.0,1,27.0,27.0,0.0,3.362431,0.0,2,3.362431
1.7906976744186047,25,n40os0.9-4.rcp,0.9136212624584718,77,825,n40,FEASIBILITY,4,43,,,,,,,,-1,-1.0
1.7906976744186047,25,n40os0.9-4.rcp,0.9136212624584718,77,825,n40,MULTIFLOW,4,43,15.0,30,28.0,28.0,0.0,3.83033,0.0,2,3.83033
1.813953488372093,26,n40os0.9-5.rcp,0.9136212624584718,78,825,n40,FEASIBILITY,5,43,,,,,,,,-1,-1.0
1.813953488372093,26,n40os0.9-5.rcp,0.9136212624584718,78,825,n40,MULTIFLOW,5,43,14.0,229,29.0,29.0,0.0,6.416686,0.0,2,6.416686
2.0232558139534884,32,n40os0.9-6.rcp,0.9136212624584718,87,825,n40,FEASIBILITY,4,43,,,,,,,,-1,-1.0
2.0232558139534884,32,n40os0.9-6.rcp,0.9136212624584718,87,825,n40,MULTIFLOW,4,43,15.0,1,28.0,28.0,0.0,2.199705,0.0,2,2.199705
1.9534883720930232,27,n40os0.9-7.rcp,0.9136212624584718,84,825,n40,FEASIBILITY,4,43,,,,,,,,-1,-1.0
1.9534883720930232,27,n40os0.9-7.rcp,0.9136212624584718,84,825,n40,MULTIFLOW,4,43,14.0,28,29.0,29.0,0.0,3.044513,0.0,2,3.044513
1.9069767441860466,30,n40os0.9-8.rcp,0.9136212624584718,82,825,n40,FEASIBILITY,4,43,,,,,,,,-1,-1.0
1.9069767441860466,30,n40os0.9-8.rcp,0.9136212624584718,82,825,n40,MULTIFLOW,4,43,15.0,1,28.0,28.0,0.0,1.408986,0.0,2,1.408986
2.0,30,n40os0.9-9.rcp,0.9136212624584718,86,825,n40,FEASIBILITY,4,43,,,,,,,,-1,-1.0
2.0,30,n40os0.9-9.rcp,0.9136212624584718,86,825,n40,MULTIFLOW,4,43,15.0,1,28.0,28.0,0.0,1.832469,0.0,2,1.832469
3.830188679245283,27,n50os0.2-1.rcp,0.2888243831640058,203,398,n50,FEASIBILITY,17,53,,,,,,,,-1,-1.0
3.830188679245283,27,n50os0.2-1.rcp,0.2888243831640058,203,398,n50,MULTIFLOW,17,53,,,,,,,,-1,-1.0
3.981132075471698,27,n50os0.2-10.rcp,0.2888243831640058,211,398,n50,FEASIBILITY,19,53,,,,,,,,-1,-1.0
3.981132075471698,27,n50os0.2-10.rcp,0.2888243831640058,211,398,n50,MULTIFLOW,19,53,,,,,,,,-1,-1.0
4.018867924528302,29,n50os0.2-2.rcp,0.2888243831640058,213,398,n50,FEASIBILITY,19,53,,,,,,,,-1,-1.0
4.018867924528302,29,n50os0.2-2.rcp,0.2888243831640058,213,398,n50,MULTIFLOW,19,53,,,,,,,,-1,-1.0
3.9056603773584904,25,n50os0.2-3.rcp,0.2888243831640058,207,398,n50,FEASIBILITY,20,53,,,,,,,,-1,-1.0
3.9056603773584904,25,n50os0.2-3.rcp,0.2888243831640058,207,398,n50,MULTIFLOW,20,53,,,,,,,,-1,-1.0
4.264150943396227,25,n50os0.2-4.rcp,0.2888243831640058,226,398,n50,FEASIBILITY,19,53,,,,,,,,-1,-1.0
4.264150943396227,25,n50os0.2-4.rcp,0.2888243831640058,226,398,n50,MULTIFLOW,19,53,,,,,,,,-1,-1.0
3.5283018867924527,28,n50os0.2-5.rcp,0.2888243831640058,187,398,n50,FEASIBILITY,16,53,,,,,,,,-1,-1.0
3.5283018867924527,28,n50os0.2-5.rcp,0.2888243831640058,187,398,n50,MULTIFLOW,16,53,,,,,,,,-1,-1.0
3.9622641509433962,32,n50os0.2-6.rcp,0.2888243831640058,210,398,n50,FEASIBILITY,21,53,,,,,,,,-1,-1.0
3.9622641509433962,32,n50os0.2-6.rcp,0.2888243831640058,210,398,n50,MULTIFLOW,21,53,,,,,,,,-1,-1.0
3.9622641509433962,32,n50os0.2-7.rcp,0.2888243831640058,210,398,n50,FEASIBILITY,18,53,,,,,,,,-1,-1.0
3.9622641509433962,32,n50os0.2-7.rcp,0.2888243831640058,210,398,n50,MULTIFLOW,18,53,,,,,,,,-1,-1.0
4.2075471698113205,28,n50os0.2-8.rcp,0.2888243831640058,223,398,n50,FEASIBILITY,18,53,,,,,,,,-1,-1.0
4.2075471698113205,28,n50os0.2-8.rcp,0.2888243831640058,223,398,n50,MULTIFLOW,18,53,,,,,,,,-1,-1.0
3.660377358490566,29,n50os0.2-9.rcp,0.2888243831640058,194,398,n50,FEASIBILITY,18,53,,,,,,,,-1,-1.0
3.660377358490566,29,n50os0.2-9.rcp,0.2888243831640058,194,398,n50,MULTIFLOW,18,53,,,,,,,,-1,-1.0
4.39622641509434,39,n50os0.5-1.rcp,0.5551523947750363,233,765,n50,FEASIBILITY,10,53,,,,,,,,-1,-1.0
4.39622641509434,39,n50os0.5-1.rcp,0.5551523947750363,233,765,n50,MULTIFLOW,10,53,26.0,4056,27.0,33.0,0.0,18000.611169,0.0,9,18000.611169
4.415094339622642,39,n50os0.5-10.rcp,0.5551523947750363,234,765,n50,FEASIBILITY,11,53,,,,,,,,-1,-1.0
4.415094339622642,39,n50os0.5-10.rcp,0.5551523947750363,234,765,n50,MULTIFLOW,11,53,26.0,6334,27.0,35.0,0.0,18000.620403,0.0,9,18000.620403
4.320754716981132,36,n50os0.5-2.rcp,0.5551523947750363,229,765,n50,FEASIBILITY,10,53,,,,,,,,-1,-1.0
4.320754716981132,36,n50os0.5-2.rcp,0.5551523947750363,229,765,n50,MULTIFLOW,10,53,29.0,4523,24.0,31.0,0.0,18000.6223,0.0,9,18000.6223
4.226415094339623,39,n50os0.5-3.rcp,0.5551523947750363,224,765,n50,FEASIBILITY,12,53,,,,,,,,-1,-1.0
4.226415094339623,39,n50os0.5-3.rcp,0.5551523947750363,224,765,n50,MULTIFLOW,12,53,28.0,4503,25.0,32.0,0.0,18000.60256,0.0,9,18000.60256
4.39622641509434,36,n50os0.5-4.rcp,0.5551523947750363,233,765,n50,FEASIBILITY,11,53,,,,,,,,-1,-1.0
4.39622641509434,36,n50os0.5-4.rcp,0.5551523947750363,233,765,n50,MULTIFLOW,11,53,22.0,5713,31.0,34.0,0.0,18000.613969,0.0,9,18000.613969
4.226415094339623,35,n50os0.5-5.rcp,0.5551523947750363,224,765,n50,FEASIBILITY,13,53,,,,,,,,-1,-1.0
4.226415094339623,35,n50os0.5-5.rcp,0.5551523947750363,224,765,n50,MULTIFLOW,13,53,29.0,2745,24.0,29.0,0.0,18000.620221,0.0,9,18000.620221
4.867924528301887,37,n50os0.5-6.rcp,0.5551523947750363,258,765,n50,FEASIBILITY,10,53,,,,,,,,-1,-1.0
4.867924528301887,37,n50os0.5-6.rcp,0.5551523947750363,258,765,n50,MULTIFLOW,10,53,28.0,3216,25.0,33.0,0.0,18000.656239,0.0,9,18000.656239
4.660377358490566,38,n50os0.5-7.rcp,0.5551523947750363,247,765,n50,FEASIBILITY,11,53,,,,,,,,-1,-1.0
4.660377358490566,38,n50os0.5-7.rcp,0.5551523947750363,247,765,n50,MULTIFLOW,11,53,26.0,6921,27.0,33.0,0.0,18000.647633,0.0,9,18000.647633
4.471698113207547,33,n50os0.5-8.rcp,0.5551523947750363,237,765,n50,FEASIBILITY,13,53,,,,,,,,-1,-1.0
4.471698113207547,33,n50os0.5-8.rcp,0.5551523947750363,237,765,n50,MULTIFLOW,13,53,25.0,3160,28.0,32.0,0.0,18000.621272,0.0,9,18000.621272
4.320754716981132,38,n50os0.5-9.rcp,0.5551523947750363,229,765,n50,FEASIBILITY,10,53,,,,,,,,-1,-1.0
4.320754716981132,38,n50os0.5-9.rcp,0.5551523947750363,229,765,n50,MULTIFLOW,10,53,24.0,4022,29.0,34.0,0.0,18000.651786,0.0,9,18000.651786
3.830188679245283,42,n50os0.7-1.rcp,0.7329462989840348,203,1010,n50,FEASIBILITY,9,53,,,,,,,,-1,-1.0
3.830188679245283,42,n50os0.7-1.rcp,0.7329462989840348,203,1010,n50,MULTIFLOW,9,53,21.0,16659,32.0,33.0,0.0,18000.505661,0.0,9,18000.505661
3.1320754716981134,41,n50os0.7-10.rcp,0.7329462989840348,166,1010,n50,FEASIBILITY,7,53,,,,,,,,-1,-1.0
3.1320754716981134,41,n50os0.7-10.rcp,0.7329462989840348,166,1010,n50,MULTIFLOW,7,53,20.0,20619,33.0,35.0,0.0,18000.575569,0.0,9,18000.575569
3.2264150943396226,41,n50os0.7-2.rcp,0.7329462989840348,171,1010,n50,FEASIBILITY,9,53,,,,,,,,-1,-1.0
3.2264150943396226,41,n50os0.7-2.rcp,0.7329462989840348,171,1010,n50,MULTIFLOW,9,53,21.0,23549,32.0,34.0,0.0,18000.528672,0.0,9,18000.528672
3.30188679245283,40,n50os0.7-3.rcp,0.7329462989840348,175,1010,n50,FEASIBILITY,7,53,,,,,,,,-1,-1.0
3.30188679245283,40,n50os0.7-3.rcp,0.7329462989840348,175,1010,n50,MULTIFLOW,7,53,18.0,13004,35.0,35.0,0.0,8211.297637,0.0,2,8211.297637
3.7358490566037736,43,n50os0.7-4.rcp,0.7329462989840348,198,1010,n50,FEASIBILITY,9,53,,,,,,,,-1,-1.0
3.7358490566037736,43,n50os0.7-4.rcp,0.7329462989840348,198,1010,n50,MULTIFLOW,9,53,23.0,16759,30.0,34.0,0.0,18000.570135,0.0,9,18000.570135
3.6037735849056602,42,n50os0.7-5.rcp,0.7329462989840348,191,1010,n50,FEASIBILITY,8,53,,,,,,,,-1,-1.0
3.6037735849056602,42,n50os0.7-5.rcp,0.7329462989840348,191,1010,n50,MULTIFLOW,8,53,21.0,23689,32.0,33.0,0.0,18000.500692,0.0,9,18000.500692
3.30188679245283,42,n50os0.7-6.rcp,0.7329462989840348,175,1010,n50,FEASIBILITY,6,53,,,,,,,,-1,-1.0
3.30188679245283,42,n50os0.7-6.rcp,0.7329462989840348,175,1010,n50,MULTIFLOW,6,53,21.0,18091,32.0,36.0,0.0,18000.492798,0.0,9,18000.492798
3.811320754716981,42,n50os0.7-7.rcp,0.7329462989840348,202,1010,n50,FEASIBILITY,9,53,,,,,,,,-1,-1.0
3.811320754716981,42,n50os0.7-7.rcp,0.7329462989840348,202,1010,n50,MULTIFLOW,9,53,23.0,16289,30.0,33.0,0.0,18000.527332,0.0,9,18000.527332
3.4339622641509435,43,n50os0.7-8.rcp,0.7329462989840348,182,1010,n50,FEASIBILITY,8,53,,,,,,,,-1,-1.0
3.4339622641509435,43,n50os0.7-8.rcp,0.7329462989840348,182,1010,n50,MULTIFLOW,8,53,22.0,19303,31.0,36.0,0.0,18000.482334,0.0,9,18000.482334
3.4339622641509435,41,n50os0.7-9.rcp,0.7329462989840348,182,1010,n50,FEASIBILITY,8,53,,,,,,,,-1,-1.0
3.4339622641509435,41,n50os0.7-9.rcp,0.7329462989840348,182,1010,n50,MULTIFLOW,8,53,20.0,20661,33.0,35.0,0.0,18000.511524,0.0,9,18000.511524
2.981132075471698,41,n50os0.8-1.rcp,0.8222060957910015,158,1133,n50,FEASIBILITY,6,53,,,,,,,,-1,-1.0
2.981132075471698,41,n50os0.8-1.rcp,0.8222060957910015,158,1133,n50,MULTIFLOW,6,53,21.0,19106,32.0,32.0,0.0,4397.031286,0.0,2,4397.031286
2.849056603773585,42,n50os0.8-10.rcp,0.8222060957910015,151,1133,n50,FEASIBILITY,5,53,,,,,,,,-1,-1.0
2.849056603773585,42,n50os0.8-10.rcp,0.8222060957910015,151,1133,n50,MULTIFLOW,5,53,20.0,8422,33.0,33.0,0.0,3593.27518,0.0,2,3593.27518
3.0943396226415096,45,n50os0.8-2.rcp,0.8222060957910015,164,1133,n50,FEASIBILITY,5,53,,,,,,,,-1,-1.0
3.0943396226415096,45,n50os0.8-2.rcp,0.8222060957910015,164,1133,n50,MULTIFLOW,5,53,20.0,1801,33.0,33.0,0.0,1358.302466,0.0,2,1358.302466
3.0,45,n50os0.8-3.rcp,0.8222060957910015,159,1133,n50,FEASIBILITY,6,53,,,,,,,,-1,-1.0
3.0,45,n50os0.8-3.rcp,0.8222060957910015,159,1133,n50,MULTIFLOW,6,53,21.0,96542,32.0,33.0,0.0,18000.463081,0.0,9,18000.463081
2.7358490566037736,43,n50os0.8-4.rcp,0.8222060957910015,145,1133,n50,FEASIBILITY,5,53,,,,,,,,-1,-1.0
2.7358490566037736,43,n50os0.8-4.rcp,0.8222060957910015,145,1133,n50,MULTIFLOW,5,53,19.0,42200,34.0,34.0,0.0,5393.650605,0.0,2,5393.650605
2.7735849056603774,42,n50os0.8-5.rcp,0.8222060957910015,147,1133,n50,FEASIBILITY,6,53,,,,,,,,-1,-1.0
2.7735849056603774,42,n50os0.8-5.rcp,0.8222060957910015,147,1133,n50,MULTIFLOW,6,53,19.0,6047,34.0,34.0,0.0,2660.091093,0.0,2,2660.091093
3.1132075471698113,43,n50os0.8-6.rcp,0.8222060957910015,165,1133,n50,FEASIBILITY,6,53,,,,,,,,-1,-1.0
3.1132075471698113,43,n50os0.8-6.rcp,0.8222060957910015,165,1133,n50,MULTIFLOW,6,53,21.0,63488,32.0,33.0,0.0,18000.463693,0.0,9,18000.463693
2.8867924528301887,43,n50os0.8-7.rcp,0.8222060957910015,153,1133,n50,FEASIBILITY,6,53,,,,,,,,-1,-1.0
2.8867924528301887,43,n50os0.8-7.rcp,0.8222060957910015,153,1133,n50,MULTIFLOW,6,53,19.0,7913,34.0,34.0,0.0,2423.742515,0.0,2,2423.742515
2.69811320754717,43,n50os0.8-8.rcp,0.8222060957910015,143,1133,n50,FEASIBILITY,5,53,,,,,,,,-1,-1.0
2.69811320754717,43,n50os0.8-8.rcp,0.8222060957910015,143,1133,n50,MULTIFLOW,5,53,18.0,70839,35.0,37.0,0.0,18000.47071,0.0,9,18000.47071
3.1132075471698113,43,n50os0.8-9.rcp,0.8222060957910015,165,1133,n50,FEASIBILITY,6,53,,,,,,,,-1,-1.0
3.1132075471698113,43,n50os0.8-9.rcp,0.8222060957910015,165,1133,n50,MULTIFLOW,6,53,19.0,68412,34.0,34.0,0.0,16355.060873,0.0,2,16355.060873
2.2641509433962264,43,n50os0.9-1.rcp,0.9107402031930334,120,1255,n50,FEASIBILITY,4,53,20.0,5314,21.0,21.0,0.0,14610.557469,27861.728698,2,27861.728698
2.2641509433962264,43,n50os0.9-1.rcp,0.9107402031930334,120,1255,n50,MULTIFLOW,4,53,20.0,194,33.0,33.0,0.0,20.905035,0.0,2,20.905035
2.207547169811321,42,n50os0.9-10.rcp,0.9107402031930334,117,1255,n50,FEASIBILITY,4,53,18.0,2925,19.0,19.0,0.0,2228.56436,8297.120492,2,8297.120492
2.207547169811321,42,n50os0.9-10.rcp,0.9107402031930334,117,1255,n50,MULTIFLOW,4,53,18.0,283,35.0,35.0,0.0,28.272605,0.0,2,28.272605
2.2452830188679247,44,n50os0.9-2.rcp,0.9107402031930334,119,1255,n50,FEASIBILITY,4,53,18.0,1534,19.0,19.0,0.0,3789.7982,18571.808192,2,18571.808192
2.2452830188679247,44,n50os0.9-2.rcp,0.9107402031930334,119,1255,n50,MULTIFLOW,4,53,18.0,195,35.0,35.0,0.0,30.152807,0.0,2,30.152807
2.1132075471698113,36,n50os0.9-3.rcp,0.9107402031930334,112,1255,n50,FEASIBILITY,5,53,17.0,5966,18.0,18.0,0.0,4149.016025,11195.262699,2,11195.262699
2.1132075471698113,36,n50os0.9-3.rcp,0.9107402031930334,112,1255,n50,MULTIFLOW,5,53,17.0,89,36.0,36.0,0.0,32.864817,0.0,2,32.864817
2.056603773584906,41,n50os0.9-4.rcp,0.9107402031930334,109,1255,n50,FEASIBILITY,4,53,19.0,6333,20.0,20.0,0.0,8779.00647,25685.832564,2,25685.832564
2.056603773584906,41,n50os0.9-4.rcp,0.9107402031930334,109,1255,n50,MULTIFLOW,4,53,19.0,1331,34.0,34.0,0.0,41.599851,0.0,2,41.599851
2.169811320754717,33,n50os0.9-5.rcp,0.9107402031930334,115,1255,n50,FEASIBILITY,5,53,19.0,5060,20.0,20.0,0.0,6387.487127,18357.316956,2,18357.316956
2.169811320754717,33,n50os0.9-5.rcp,0.9107402031930334,115,1255,n50,MULTIFLOW,5,53,19.0,35,34.0,34.0,0.0,20.849378,0.0,2,20.849378
2.150943396226415,38,n50os0.9-6.rcp,0.9107402031930334,114,1255,n50,FEASIBILITY,4,53,,,,,,,,-1,-1.0
2.150943396226415,38,n50os0.9-6.rcp,0.9107402031930334,114,1255,n50,MULTIFLOW,4,53,20.0,308,33.0,33.0,0.0,48.555029,0.0,2,48.555029
2.2264150943396226,42,n50os0.9-7.rcp,0.9107402031930334,118,1255,n50,FEASIBILITY,4,53,20.0,4497,21.0,21.0,0.0,11112.290573,25068.634098,2,25068.634098
2.2264150943396226,42,n50os0.9-7.rcp,0.9107402031930334,118,1255,n50,MULTIFLOW,4,53,20.0,1,33.0,33.0,0.0,13.446865,0.0,2,13.446865
2.1320754716981134,35,n50os0.9-8.rcp,0.9107402031930334,113,1255,n50,FEASIBILITY,5,53,18.0,10618,19.0,19.0,0.0,6895.280971,15015.866231,2,15015.866231
2.1320754716981134,35,n50os0.9-8.rcp,0.9107402031930334,113,1255,n50,MULTIFLOW,5,53,18.0,66,35.0,35.0,0.0,33.223307,0.0,2,33.223307
2.169811320754717,36,n50os0.9-9.rcp,0.9107402031930334,115,1255,n50,FEASIBILITY,4,53,18.0,7821,19.0,19.0,0.0,6998.496896,13297.665657,2,13297.665657
2.169811320754717,36,n50os0.9-9.rcp,0.9107402031930334,115,1255,n50,MULTIFLOW,4,53,18.0,179,35.0,35.0,0.0,12.406392,0.0,2,12.406392
1.7169811320754718,29,n50os0.95-1.rcp,0.9550072568940493,91,1316,n50,FEASIBILITY,4,53,18.0,1,19.0,19.0,0.0,1694.16803,8195.105329,2,8195.105329
1.7169811320754718,29,n50os0.95-1.rcp,0.9550072568940493,91,1316,n50,MULTIFLOW,4,53,18.0,1,35.0,35.0,0.0,1.097764,0.0,2,1.097764
1.7358490566037736,35,n50os0.95-10.rcp,0.9550072568940493,92,1316,n50,FEASIBILITY,4,53,16.0,1,17.0,17.0,0.0,932.771101,4890.545479,2,4890.545479
1.7358490566037736,35,n50os0.95-10.rcp,0.9550072568940493,92,1316,n50,MULTIFLOW,4,53,16.0,1,37.0,37.0,0.0,1.503529,0.0,2,1.503529
1.7358490566037736,32,n50os0.95-2.rcp,0.9550072568940493,92,1316,n50,FEASIBILITY,3,53,17.0,1,18.0,18.0,0.0,1078.231924,6976.115142,2,6976.115142
1.7358490566037736,32,n50os0.95-2.rcp,0.9550072568940493,92,1316,n50,MULTIFLOW,3,53,17.0,1,36.0,36.0,0.0,1.307985,0.0,2,1.307985
1.6603773584905661,27,n50os0.95-3.rcp,0.9550072568940493,88,1316,n50,FEASIBILITY,4,53,16.0,1,17.0,17.0,0.0,794.691327,4747.279034,2,4747.279034
1.6603773584905661,27,n50os0.95-3.rcp,0.9550072568940493,88,1316,n50,MULTIFLOW,4,53,16.0,1,37.0,37.0,0.0,1.47942,0.0,2,1.47942
1.6603773584905661,28,n50os0.95-4.rcp,0.9550072568940493,88,1316,n50,FEASIBILITY,4,53,16.0,1,17.0,17.0,0.0,1055.94882,5121.581121,2,5121.581121
1.6603773584905661,28,n50os0.95-4.rcp,0.9550072568940493,88,1316,n50,MULTIFLOW,4,53,16.0,1,37.0,37.0,0.0,1.902775,0.0,2,1.902775
1.7547169811320755,35,n50os0.95-5.rcp,0.9550072568940493,93,1316,n50,FEASIBILITY,4,53,16.0,1,17.0,17.0,0.0,782.575169,4888.856532,2,4888.856532
1.7547169811320755,35,n50os0.95-5.rcp,0.9550072568940493,93,1316,n50,MULTIFLOW,4,53,16.0,1,37.0,37.0,0.0,1.494199,0.0,2,1.494199
1.5849056603773586,27,n50os0.95-6.rcp,0.9550072568940493,84,1316,n50,FEASIBILITY,4,53,17.0,377,18.0,18.0,0.0,1194.452329,6185.538083,2,6185.538083
1.5849056603773586,27,n50os0.95-6.rcp,0.9550072568940493,84,1316,n50,MULTIFLOW,4,53,17.0,1,36.0,36.0,0.0,0.959129,0.0,2,0.959129
1.7547169811320755,26,n50os0.95-7.rcp,0.9550072568940493,93,1316,n50,FEASIBILITY,5,53,16.0,1,17.0,17.0,0.0,883.392797,6680.303761,2,6680.303761
1.7547169811320755,26,n50os0.95-7.rcp,0.9550072568940493,93,1316,n50,MULTIFLOW,5,53,16.0,1,37.0,37.0,0.0,1.176882,0.0,2,1.176882
1.849056603773585,35,n50os0.95-8.rcp,0.9550072568940493,98,1316,n50,FEASIBILITY,4,53,19.0,1,20.0,20.0,0.0,1518.788776,8388.749143,2,8388.749143
1.849056603773585,35,n50os0.95-8.rcp,0.9550072568940493,98,1316,n50,MULTIFLOW,4,53,19.0,1,34.0,34.0,0.0,1.212203,0.0,2,1.212203
1.5849056603773586,26,n50os0.95-9.rcp,0.9550072568940493,84,1316,n50,FEASIBILITY,3,53,15.0,1,16.0,16.0,0.0,570.214801,4202.688695,2,4202.688695
1.5849056603773586,26,n50os0.95-9.rcp,0.9550072568940493,84,1316,n50,MULTIFLOW,3,53,15.0,1,38.0,38.0,0.0,1.893937,0.0,2,1.893937
4.968253968253968,35,n60os0.2-1.rcp,0.2749615975422427,313,537,n60,FEASIBILITY,25,63,,,,,,,,-1,-1.0
4.968253968253968,35,n60os0.2-1.rcp,0.2749615975422427,313,537,n60,MULTIFLOW,25,63,,,,,,,,-1,-1.0
4.714285714285714,39,n60os0.2-10.rcp,0.2749615975422427,297,537,n60,FEASIBILITY,24,63,,,,,,,,-1,-1.0
4.714285714285714,39,n60os0.2-10.rcp,0.2749615975422427,297,537,n60,MULTIFLOW,24,63,,,,,,,,-1,-1.0
4.587301587301587,34,n60os0.2-2.rcp,0.2749615975422427,289,537,n60,FEASIBILITY,24,63,,,,,,,,-1,-1.0
4.587301587301587,34,n60os0.2-2.rcp,0.2749615975422427,289,537,n60,MULTIFLOW,24,63,,,,,,,,-1,-1.0
4.428571428571429,33,n60os0.2-3.rcp,0.2749615975422427,279,537,n60,FEASIBILITY,19,63,,,,,,,,-1,-1.0
4.428571428571429,33,n60os0.2-3.rcp,0.2749615975422427,279,537,n60,MULTIFLOW,19,63,,,,,,,,-1,-1.0
4.587301587301587,32,n60os0.2-4.rcp,0.2749615975422427,289,537,n60,FEASIBILITY,23,63,,,,,,,,-1,-1.0
4.587301587301587,32,n60os0.2-4.rcp,0.2749615975422427,289,537,n60,MULTIFLOW,23,63,,,,,,,,-1,-1.0
4.079365079365079,29,n60os0.2-5.rcp,0.2749615975422427,257,537,n60,FEASIBILITY,17,63,,,,,,,,-1,-1.0
4.079365079365079,29,n60os0.2-5.rcp,0.2749615975422427,257,537,n60,MULTIFLOW,17,63,,,,,,,,-1,-1.0
4.301587301587301,31,n60os0.2-6.rcp,0.2749615975422427,271,537,n60,FEASIBILITY,17,63,,,,,,,,-1,-1.0
4.301587301587301,31,n60os0.2-6.rcp,0.2749615975422427,271,537,n60,MULTIFLOW,17,63,,,,,,,,-1,-1.0
4.507936507936508,36,n60os0.2-7.rcp,0.2749615975422427,284,537,n60,FEASIBILITY,24,63,,,,,,,,-1,-1.0
4.507936507936508,36,n60os0.2-7.rcp,0.2749615975422427,284,537,n60,MULTIFLOW,24,63,,,,,,,,-1,-1.0
4.619047619047619,27,n60os0.2-8.rcp,0.2749615975422427,291,537,n60,FEASIBILITY,19,63,,,,,,,,-1,-1.0
4.619047619047619,27,n60os0.2-8.rcp,0.2749615975422427,291,537,n60,MULTIFLOW,19,63,,,,,,,,-1,-1.0
4.7936507936507935,36,n60os0.2-9.rcp,0.2749615975422427,302,537,n60,FEASIBILITY,23,63,,,,,,,,-1,-1.0
4.7936507936507935,36,n60os0.2-9.rcp,0.2749615975422427,302,537,n60,MULTIFLOW,23,63,,,,,,,,-1,-1.0
5.222222222222222,41,n60os0.5-1.rcp,0.5468509984639017,329,1068,n60,FEASIBILITY,13,63,,,,,,,,-1,-1.0
5.222222222222222,41,n60os0.5-1.rcp,0.5468509984639017,329,1068,n60,MULTIFLOW,13,63,,,,,,,,-1,-1.0
5.126984126984127,43,n60os0.5-10.rcp,0.5468509984639017,323,1068,n60,FEASIBILITY,13,63,,,,,,,,-1,-1.0
5.126984126984127,43,n60os0.5-10.rcp,0.5468509984639017,323,1068,n60,MULTIFLOW,13,63,,,,,,,,-1,-1.0
4.7936507936507935,45,n60os0.5-2.rcp,0.5468509984639017,302,1068,n60,FEASIBILITY,12,63,,,,,,,,-1,-1.0
4.7936507936507935,45,n60os0.5-2.rcp,0.5468509984639017,302,1068,n60,MULTIFLOW,12,63,,,,,,,,-1,-1.0
5.126984126984127,48,n60os0.5-3.rcp,0.5468509984639017,323,1068,n60,FEASIBILITY,13,63,,,,,,,,-1,-1.0
5.126984126984127,48,n60os0.5-3.rcp,0.5468509984639017,323,1068,n60,MULTIFLOW,13,63,,,,,,,,-1,-1.0
4.888888888888889,46,n60os0.5-4.rcp,0.5468509984639017,308,1068,n60,FEASIBILITY,13,63,,,,,,,,-1,-1.0
4.888888888888889,46,n60os0.5-4.rcp,0.5468509984639017,308,1068,n60,MULTIFLOW,13,63,,,,,,,,-1,-1.0
5.190476190476191,45,n60os0.5-5.rcp,0.5468509984639017,327,1068,n60,FEASIBILITY,14,63,,,,,,,,-1,-1.0
5.190476190476191,45,n60os0.5-5.rcp,0.5468509984639017,327,1068,n60,MULTIFLOW,14,63,,,,,,,,-1,-1.0
4.809523809523809,43,n60os0.5-6.rcp,0.5468509984639017,303,1068,n60,FEASIBILITY,13,63,,,,,,,,-1,-1.0
4.809523809523809,43,n60os0.5-6.rcp,0.5468509984639017,303,1068,n60,MULTIFLOW,13,63,,,,,,,,-1,-1.0
4.841269841269841,45,n60os0.5-7.rcp,0.5468509984639017,305,1068,n60,FEASIBILITY,13,63,,,,,,,,-1,-1.0
4.841269841269841,45,n60os0.5-7.rcp,0.5468509984639017,305,1068,n60,MULTIFLOW,13,63,,,,,,,,-1,-1.0
4.650793650793651,47,n60os0.5-8.rcp,0.5468509984639017,293,1068,n60,FEASIBILITY,10,63,,,,,,,,-1,-1.0
4.650793650793651,47,n60os0.5-8.rcp,0.5468509984639017,293,1068,n60,MULTIFLOW,10,63,,,,,,,,-1,-1.0
4.777777777777778,44,n60os0.5-9.rcp,0.5468509984639017,301,1068,n60,FEASIBILITY,15,63,,,,,,,,-1,-1.0
4.777777777777778,44,n60os0.5-9.rcp,0.5468509984639017,301,1068,n60,MULTIFLOW,15,63,,,,,,,,-1,-1.0
4.0476190476190474,50,n60os0.7-1.rcp,0.728110599078341,255,1422,n60,FEASIBILITY,8,63,,,,,,,,-1,-1.0
4.0476190476190474,50,n60os0.7-1.rcp,0.728110599078341,255,1422,n60,MULTIFLOW,8,63,,,,,,,,-1,-1.0
3.873015873015873,50,n60os0.7-10.rcp,0.728110599078341,244,1422,n60,FEASIBILITY,9,63,,,,,,,,-1,-1.0
3.873015873015873,50,n60os0.7-10.rcp,0.728110599078341,244,1422,n60,MULTIFLOW,9,63,,,,,,,,-1,-1.0
3.619047619047619,48,n60os0.7-2.rcp,0.728110599078341,228,1422,n60,FEASIBILITY,10,63,,,,,,,,-1,-1.0
3.619047619047619,48,n60os0.7-2.rcp,0.728110599078341,228,1422,n60,MULTIFLOW,10,63,,,,,,,,-1,-1.0
4.015873015873016,52,n60os0.7-3.rcp,0.728110599078341,253,1422,n60,FEASIBILITY,8,63,,,,,,,,-1,-1.0
4.015873015873016,52,n60os0.7-3.rcp,0.728110599078341,253,1422,n60,MULTIFLOW,8,63,29.0,4319,34.0,42.0,0.0,18000.971468,0.0,9,18000.971468
3.9365079365079363,48,n60os0.7-4.rcp,0.728110599078341,248,1422,n60,FEASIBILITY,9,63,,,,,,,,-1,-1.0
3.9365079365079363,48,n60os0.7-4.rcp,0.728110599078341,248,1422,n60,MULTIFLOW,9,63,30.0,3103,33.0,40.0,0.0,18000.989805,0.0,9,18000.989805
3.873015873015873,49,n60os0.7-5.rcp,0.728110599078341,244,1422,n60,FEASIBILITY,9,63,,,,,,,,-1,-1.0
3.873015873015873,49,n60os0.7-5.rcp,0.728110599078341,244,1422,n60,MULTIFLOW,9,63,27.0,3212,36.0,41.0,0.0,18000.864391,0.0,9,18000.864391
4.380952380952381,49,n60os0.7-6.rcp,0.728110599078341,276,1422,n60,FEASIBILITY,9,63,,,,,,,,-1,-1.0
4.380952380952381,49,n60os0.7-6.rcp,0.728110599078341,276,1422,n60,MULTIFLOW,9,63,31.0,2177,32.0,38.0,0.0,18000.812819,0.0,9,18000.812819
3.9206349206349205,52,n60os0.7-7.rcp,0.728110599078341,247,1422,n60,FEASIBILITY,9,63,,,,,,,,-1,-1.0
3.9206349206349205,52,n60os0.7-7.rcp,0.728110599078341,247,1422,n60,MULTIFLOW,9,63,28.0,2990,35.0,42.0,0.0,18000.844284,0.0,9,18000.844284
4.365079365079365,51,n60os0.7-8.rcp,0.728110599078341,275,1422,n60,FEASIBILITY,9,63,,,,,,,,-1,-1.0
4.365079365079365,51,n60os0.7-8.rcp,0.728110599078341,275,1422,n60,MULTIFLOW,9,63,28.0,3065,35.0,42.0,0.0,18000.829164,0.0,9,18000.829164
3.873015873015873,53,n60os0.7-9.rcp,0.728110599078341,244,1422,n60,FEASIBILITY,8,63,,,,,,,,-1,-1.0
3.873015873015873,53,n60os0.7-9.rcp,0.728110599078341,244,1422,n60,MULTIFLOW,8,63,28.0,2750,35.0,41.0,0.0,18000.886384,0.0,9,18000.886384
3.0634920634920637,52,n60os0.8-1.rcp,0.8187403993855606,193,1599,n60,FEASIBILITY,6,63,,,,,,,,-1,-1.0
3.0634920634920637,52,n60os0.8-1.rcp,0.8187403993855606,193,1599,n60,MULTIFLOW,6,63,26.0,16526,37.0,42.0,0.0,18000.776237,0.0,9,18000.776237
3.0476190476190474,51,n60os0.8-10.rcp,0.8187403993855606,192,1599,n60,FEASIBILITY,6,63,,,,,,,,-1,-1.0
3.0476190476190474,51,n60os0.8-10.rcp,0.8187403993855606,192,1599,n60,MULTIFLOW,6,63,,,,,,,,-1,-1.0
3.0952380952380953,52,n60os0.8-2.rcp,0.8187403993855606,195,1599,n60,FEASIBILITY,8,63,,,,,,,,-1,-1.0
3.0952380952380953,52,n60os0.8-2.rcp,0.8187403993855606,195,1599,n60,MULTIFLOW,8,63,27.0,19195,36.0,39.0,0.0,18000.782558,0.0,9,18000.782558
3.238095238095238,52,n60os0.8-3.rcp,0.8187403993855606,204,1599,n60,FEASIBILITY,7,63,,,,,,,,-1,-1.0
3.238095238095238,52,n60os0.8-3.rcp,0.8187403993855606,204,1599,n60,MULTIFLOW,7,63,26.0,15801,37.0,41.0,0.0,18000.740516,0.0,9,18000.740516
3.4285714285714284,51,n60os0.8-4.rcp,0.8187403993855606,216,1599,n60,FEASIBILITY,6,63,,,,,,,,-1,-1.0
3.4285714285714284,51,n60os0.8-4.rcp,0.8187403993855606,216,1599,n60,MULTIFLOW,6,63,24.0,15515,39.0,41.0,0.0,18000.745966,0.0,9,18000.745966
3.142857142857143,51,n60os0.8-5.rcp,0.8187403993855606,198,1599,n60,FEASIBILITY,8,63,,,,,,,,-1,-1.0
3.142857142857143,51,n60os0.8-5.rcp,0.8187403993855606,198,1599,n60,MULTIFLOW,8,63,,,,,,,,-1,-1.0
3.0952380952380953,54,n60os0.8-6.rcp,0.8187403993855606,195,1599,n60,FEASIBILITY,8,63,,,,,,,,-1,-1.0
3.0952380952380953,54,n60os0.8-6.rcp,0.8187403993855606,195,1599,n60,MULTIFLOW,8,63,,,,,,,,-1,-1.0
3.5238095238095237,54,n60os0.8-7.rcp,0.8187403993855606,222,1599,n60,FEASIBILITY,7,63,,,,,,,,-1,-1.0
3.5238095238095237,54,n60os0.8-7.rcp,0.8187403993855606,222,1599,n60,MULTIFLOW,7,63,28.0,10316,35.0,39.0,0.0,18000.744343,0.0,9,18000.744343
2.8253968253968256,50,n60os0.8-8.rcp,0.8187403993855606,178,1599,n60,FEASIBILITY,6,63,,,,,,,,-1,-1.0
2.8253968253968256,50,n60os0.8-8.rcp,0.8187403993855606,178,1599,n60,MULTIFLOW,6,63,23.0,27599,40.0,42.0,0.0,18000.75182,0.0,9,18000.75182
3.1587301587301586,52,n60os0.8-9.rcp,0.8187403993855606,199,1599,n60,FEASIBILITY,7,63,,,,,,,,-1,-1.0
3.1587301587301586,52,n60os0.8-9.rcp,0.8187403993855606,199,1599,n60,MULTIFLOW,7,63,,,,,,,,-1,-1.0
2.380952380952381,46,n60os0.9-1.rcp,0.9093701996927803,150,1776,n60,FEASIBILITY,5,63,,,,,,,,-1,-1.0
2.380952380952381,46,n60os0.9-1.rcp,0.9093701996927803,150,1776,n60,MULTIFLOW,5,63,23.0,5403,40.0,40.0,0.0,472.806112,0.0,2,472.806112
2.238095238095238,47,n60os0.9-10.rcp,0.9093701996927803,141,1776,n60,FEASIBILITY,5,63,,,,,,,,-1,-1.0
2.238095238095238,47,n60os0.9-10.rcp,0.9093701996927803,141,1776,n60,MULTIFLOW,5,63,24.0,132365,39.0,39.0,0.0,4215.310823,0.0,2,4215.310823
2.5396825396825395,51,n60os0.9-2.rcp,0.9093701996927803,160,1776,n60,FEASIBILITY,5,63,,,,,,,,-1,-1.0
2.5396825396825395,51,n60os0.9-2.rcp,0.9093701996927803,160,1776,n60,MULTIFLOW,5,63,25.0,2180,38.0,38.0,0.0,226.476392,0.0,2,226.476392
2.492063492063492,52,n60os0.9-3.rcp,0.9093701996927803,157,1776,n60,FEASIBILITY,5,63,,,,,,,,-1,-1.0
2.492063492063492,52,n60os0.9-3.rcp,0.9093701996927803,157,1776,n60,MULTIFLOW,5,63,25.0,1,38.0,38.0,0.0,31.26238,0.0,2,31.26238
2.6666666666666665,54,n60os0.9-4.rcp,0.9093701996927803,168,1776,n60,FEASIBILITY,5,63,,,,,,,,-1,-1.0
2.6666666666666665,54,n60os0.9-4.rcp,0.9093701996927803,168,1776,n60,MULTIFLOW,5,63,23.0,1,40.0,40.0,0.0,126.954313,0.0,2,126.954313
2.380952380952381,47,n60os0.9-5.rcp,0.9093701996927803,150,1776,n60,FEASIBILITY,4,63,,,,,,,,-1,-1.0
2.380952380952381,47,n60os0.9-5.rcp,0.9093701996927803,150,1776,n60,MULTIFLOW,4,63,23.0,296,40.0,40.0,0.0,93.043725,0.0,2,93.043725
2.4603174603174605,47,n60os0.9-6.rcp,0.9093701996927803,155,1776,n60,FEASIBILITY,5,63,,,,,,,,-1,-1.0
2.4603174603174605,47,n60os0.9-6.rcp,0.9093701996927803,155,1776,n60,MULTIFLOW,5,63,24.0,68025,39.0,39.0,0.0,7436.249198,0.0,2,7436.249198
2.253968253968254,46,n60os0.9-7.rcp,0.9093701996927803,142,1776,n60,FEASIBILITY,5,63,,,,,,,,-1,-1.0
2.253968253968254,46,n60os0.9-7.rcp,0.9093701996927803,142,1776,n60,MULTIFLOW,5,63,22.0,5452,41.0,41.0,0.0,468.207401,0.0,2,468.207401
2.380952380952381,51,n60os0.9-8.rcp,0.9093701996927803,150,1776,n60,FEASIBILITY,4,63,,,,,,,,-1,-1.0
2.380952380952381,51,n60os0.9-8.rcp,0.9093701996927803,150,1776,n60,MULTIFLOW,4,63,23.0,4699,40.0,40.0,0.0,346.796522,0.0,2,346.796522
2.3015873015873014,44,n60os0.9-9.rcp,0.9093701996927803,145,1776,n60,FEASIBILITY,5,63,,,,,,,,-1,-1.0
2.3015873015873014,44,n60os0.9-9.rcp,0.9093701996927803,145,1776,n60,MULTIFLOW,5,63,23.0,1,40.0,40.0,0.0,41.514037,0.0,2,41.514037
2.015873015873016,42,n60os0.95-1.rcp,0.9544290834613415,127,1864,n60,FEASIBILITY,4,63,,,,,,,,-1,-1.0
2.015873015873016,42,n60os0.95-1.rcp,0.9544290834613415,127,1864,n60,MULTIFLOW,4,63,23.0,1,40.0,40.0,0.0,7.303365,0.0,2,7.303365
1.873015873015873,40,n60os0.95-10.rcp,0.9544290834613415,118,1864,n60,FEASIBILITY,5,63,,,,,,,,-1,-1.0
1.873015873015873,40,n60os0.95-10.rcp,0.9544290834613415,118,1864,n60,MULTIFLOW,5,63,21.0,1,42.0,42.0,0.0,3.292941,0.0,2,3.292941
1.7777777777777777,38,n60os0.95-2.rcp,0.9544290834613415,112,1864,n60,FEASIBILITY,3,63,,,,,,,,-1,-1.0
1.7777777777777777,38,n60os0.95-2.rcp,0.9544290834613415,112,1864,n60,MULTIFLOW,3,63,19.0,1,44.0,44.0,0.0,2.265146,0.0,2,2.265146
1.7142857142857142,35,n60os0.95-3.rcp,0.9544290834613415,108,1864,n60,FEASIBILITY,3,63,,,,,,,,-1,-1.0
1.7142857142857142,35,n60os0.95-3.rcp,0.9544290834613415,108,1864,n60,MULTIFLOW,3,63,19.0,1,44.0,44.0,0.0,3.570686,0.0,2,3.570686
1.746031746031746,36,n60os0.95-4.rcp,0.9544290834613415,110,1864,n60,FEASIBILITY,3,63,,,,,,,,-1,-1.0
1.746031746031746,36,n60os0.95-4.rcp,0.9544290834613415,110,1864,n60,MULTIFLOW,3,63,18.0,1,45.0,45.0,0.0,2.659217,0.0,2,2.659217
1.8571428571428572,42,n60os0.95-5.rcp,0.9544290834613415,117,1864,n60,FEASIBILITY,5,63,,,,,,,,-1,-1.0
1.8571428571428572,42,n60os0.95-5.rcp,0.9544290834613415,117,1864,n60,MULTIFLOW,5,63,22.0,1,41.0,41.0,0.0,4.071073,0.0,2,4.071073
1.7936507936507937,36,n60os0.95-6.rcp,0.9544290834613415,113,1864,n60,FEASIBILITY,4,63,,,,,,,,-1,-1.0
1.7936507936507937,36,n60os0.95-6.rcp,0.9544290834613415,113,1864,n60,MULTIFLOW,4,63,20.0,1,43.0,43.0,0.0,2.292458,0.0,2,2.292458
1.9047619047619047,41,n60os0.95-7.rcp,0.9544290834613415,120,1864,n60,FEASIBILITY,4,63,,,,,,,,-1,-1.0
1.9047619047619047,41,n60os0.95-7.rcp,0.9544290834613415,120,1864,n60,MULTIFLOW,4,63,20.0,1,43.0,43.0,0.0,4.630388,0.0,2,4.630388
1.9523809523809523,40,n60os0.95-8.rcp,0.9544290834613415,123,1864,n60,FEASIBILITY,4,63,,,,,,,,-1,-1.0
1.9523809523809523,40,n60os0.95-8.rcp,0.9544290834613415,123,1864,n60,MULTIFLOW,4,63,23.0,1,40.0,40.0,0.0,3.137553,0.0,2,3.137553
1.8571428571428572,38,n60os0.95-9.rcp,0.9544290834613415,117,1864,n60,FEASIBILITY,4,63,,,,,,,,-1,-1.0
1.8571428571428572,38,n60os0.95-9.rcp,0.9544290834613415,117,1864,n60,MULTIFLOW,4,63,21.0,1,42.0,42.0,0.0,3.310228,0.0,2,3.310228
4.6438356164383565,36,n70os0.2-1.rcp,0.2648401826484018,339,696,n70,FEASIBILITY,18,73,,,,,,,,-1,-1.0
4.6438356164383565,36,n70os0.2-1.rcp,0.2648401826484018,339,696,n70,MULTIFLOW,18,73,,,,,,,,-1,-1.0
5.068493150684931,37,n70os0.2-10.rcp,0.2648401826484018,370,696,n70,FEASIBILITY,20,73,,,,,,,,-1,-1.0
5.068493150684931,37,n70os0.2-10.rcp,0.2648401826484018,370,696,n70,MULTIFLOW,20,73,,,,,,,,-1,-1.0
5.123287671232877,37,n70os0.2-2.rcp,0.2648401826484018,374,696,n70,FEASIBILITY,20,73,,,,,,,,-1,-1.0
5.123287671232877,37,n70os0.2-2.rcp,0.2648401826484018,374,696,n70,MULTIFLOW,20,73,,,,,,,,-1,-1.0
5.698630136986301,41,n70os0.2-3.rcp,0.2648401826484018,416,696,n70,FEASIBILITY,29,73,,,,,,,,-1,-1.0
5.698630136986301,41,n70os0.2-3.rcp,0.2648401826484018,416,696,n70,MULTIFLOW,29,73,,,,,,,,-1,-1.0
5.013698630136986,43,n70os0.2-4.rcp,0.2648401826484018,366,696,n70,FEASIBILITY,27,73,,,,,,,,-1,-1.0
5.013698630136986,43,n70os0.2-4.rcp,0.2648401826484018,366,696,n70,MULTIFLOW,27,73,,,,,,,,-1,-1.0
5.315068493150685,40,n70os0.2-5.rcp,0.2648401826484018,388,696,n70,FEASIBILITY,23,73,,,,,,,,-1,-1.0
5.315068493150685,40,n70os0.2-5.rcp,0.2648401826484018,388,696,n70,MULTIFLOW,23,73,,,,,,,,-1,-1.0
5.1506849315068495,39,n70os0.2-6.rcp,0.2648401826484018,376,696,n70,FEASIBILITY,21,73,,,,,,,,-1,-1.0
5.1506849315068495,39,n70os0.2-6.rcp,0.2648401826484018,376,696,n70,MULTIFLOW,21,73,,,,,,,,-1,-1.0
5.260273972602739,39,n70os0.2-7.rcp,0.2648401826484018,384,696,n70,FEASIBILITY,23,73,,,,,,,,-1,-1.0
5.260273972602739,39,n70os0.2-7.rcp,0.2648401826484018,384,696,n70,MULTIFLOW,23,73,,,,,,,,-1,-1.0
4.890410958904109,42,n70os0.2-8.rcp,0.2648401826484018,357,696,n70,FEASIBILITY,25,73,,,,,,,,-1,-1.0
4.890410958904109,42,n70os0.2-8.rcp,0.2648401826484018,357,696,n70,MULTIFLOW,25,73,,,,,,,,-1,-1.0
4.8493150684931505,42,n70os0.2-9.rcp,0.2648401826484018,354,696,n70,FEASIBILITY,21,73,,,,,,,,-1,-1.0
4.8493150684931505,42,n70os0.2-9.rcp,0.2648401826484018,354,696,n70,MULTIFLOW,21,73,,,,,,,,-1,-1.0
5.671232876712328,55,n70os0.5-1.rcp,0.5403348554033486,414,1420,n70,FEASIBILITY,13,73,,,,,,,,-1,-1.0
5.671232876712328,55,n70os0.5-1.rcp,0.5403348554033486,414,1420,n70,MULTIFLOW,13,73,,,,,,,,-1,-1.0
5.561643835616438,54,n70os0.5-10.rcp,0.5403348554033486,406,1420,n70,FEASIBILITY,13,73,,,,,,,,-1,-1.0
5.561643835616438,54,n70os0.5-10.rcp,0.5403348554033486,406,1420,n70,MULTIFLOW,13,73,,,,,,,,-1,-1.0
5.424657534246576,52,n70os0.5-2.rcp,0.5403348554033486,396,1420,n70,FEASIBILITY,14,73,,,,,,,,-1,-1.0
5.424657534246576,52,n70os0.5-2.rcp,0.5403348554033486,396,1420,n70,MULTIFLOW,14,73,,,,,,,,-1,-1.0
5.424657534246576,51,n70os0.5-3.rcp,0.5403348554033486,396,1420,n70,FEASIBILITY,14,73,,,,,,,,-1,-1.0
5.424657534246576,51,n70os0.5-3.rcp,0.5403348554033486,396,1420,n70,MULTIFLOW,14,73,,,,,,,,-1,-1.0
5.767123287671233,50,n70os0.5-4.rcp,0.5403348554033486,421,1420,n70,FEASIBILITY,13,73,,,,,,,,-1,-1.0
5.767123287671233,50,n70os0.5-4.rcp,0.5403348554033486,421,1420,n70,MULTIFLOW,13,73,,,,,,,,-1,-1.0
4.890410958904109,57,n70os0.5-5.rcp,0.5403348554033486,357,1420,n70,FEASIBILITY,13,73,,,,,,,,-1,-1.0
4.890410958904109,57,n70os0.5-5.rcp,0.5403348554033486,357,1420,n70,MULTIFLOW,13,73,,,,,,,,-1,-1.0
5.808219178082192,53,n70os0.5-6.rcp,0.5403348554033486,424,1420,n70,FEASIBILITY,15,73,,,,,,,,-1,-1.0
5.808219178082192,53,n70os0.5-6.rcp,0.5403348554033486,424,1420,n70,MULTIFLOW,15,73,,,,,,,,-1,-1.0
5.438356164383562,52,n70os0.5-7.rcp,0.5403348554033486,397,1420,n70,FEASIBILITY,13,73,,,,,,,,-1,-1.0
5.438356164383562,52,n70os0.5-7.rcp,0.5403348554033486,397,1420,n70,MULTIFLOW,13,73,,,,,,,,-1,-1.0
5.52054794520548,52,n70os0.5-8.rcp,0.5403348554033486,403,1420,n70,FEASIBILITY,15,73,,,,,,,,-1,-1.0
5.52054794520548,52,n70os0.5-8.rcp,0.5403348554033486,403,1420,n70,MULTIFLOW,15,73,,,,,,,,-1,-1.0
5.301369863013699,54,n70os0.5-9.rcp,0.5403348554033486,387,1420,n70,FEASIBILITY,12,73,,,,,,,,-1,-1.0
5.301369863013699,54,n70os0.5-9.rcp,0.5403348554033486,387,1420,n70,MULTIFLOW,12,73,,,,,,,,-1,-1.0
4.575342465753424,57,n70os0.7-1.rcp,0.724124809741248,334,1903,n70,FEASIBILITY,10,73,,,,,,,,-1,-1.0
4.575342465753424,57,n70os0.7-1.rcp,0.724124809741248,334,1903,n70,MULTIFLOW,10,73,,,,,,,,-1,-1.0
4.410958904109589,62,n70os0.7-10.rcp,0.724124809741248,322,1903,n70,FEASIBILITY,10,73,,,,,,,,-1,-1.0
4.410958904109589,62,n70os0.7-10.rcp,0.724124809741248,322,1903,n70,MULTIFLOW,10,73,,,,,,,,-1,-1.0
4.3561643835616435,60,n70os0.7-2.rcp,0.724124809741248,318,1903,n70,FEASIBILITY,9,73,,,,,,,,-1,-1.0
4.3561643835616435,60,n70os0.7-2.rcp,0.724124809741248,318,1903,n70,MULTIFLOW,9,73,,,,,,,,-1,-1.0
4.397260273972603,60,n70os0.7-3.rcp,0.724124809741248,321,1903,n70,FEASIBILITY,11,73,,,,,,,,-1,-1.0
4.397260273972603,60,n70os0.7-3.rcp,0.724124809741248,321,1903,n70,MULTIFLOW,11,73,,,,,,,,-1,-1.0
4.232876712328767,59,n70os0.7-4.rcp,0.724124809741248,309,1903,n70,FEASIBILITY,11,73,,,,,,,,-1,-1.0
4.232876712328767,59,n70os0.7-4.rcp,0.724124809741248,309,1903,n70,MULTIFLOW,11,73,,,,,,,,-1,-1.0
4.136986301369863,59,n70os0.7-5.rcp,0.724124809741248,302,1903,n70,FEASIBILITY,8,73,,,,,,,,-1,-1.0
4.136986301369863,59,n70os0.7-5.rcp,0.724124809741248,302,1903,n70,MULTIFLOW,8,73,,,,,,,,-1,-1.0
4.205479452054795,58,n70os0.7-6.rcp,0.724124809741248,307,1903,n70,FEASIBILITY,9,73,,,,,,,,-1,-1.0
4.205479452054795,58,n70os0.7-6.rcp,0.724124809741248,307,1903,n70,MULTIFLOW,9,73,,,,,,,,-1,-1.0
4.575342465753424,57,n70os0.7-7.rcp,0.724124809741248,334,1903,n70,FEASIBILITY,9,73,,,,,,,,-1,-1.0
4.575342465753424,57,n70os0.7-7.rcp,0.724124809741248,334,1903,n70,MULTIFLOW,9,73,,,,,,,,-1,-1.0
4.178082191780822,57,n70os0.7-8.rcp,0.724124809741248,305,1903,n70,FEASIBILITY,10,73,,,,,,,,-1,-1.0
4.178082191780822,57,n70os0.7-8.rcp,0.724124809741248,305,1903,n70,MULTIFLOW,10,73,,,,,,,,-1,-1.0
4.219178082191781,61,n70os0.7-9.rcp,0.724124809741248,308,1903,n70,FEASIBILITY,9,73,,,,,,,,-1,-1.0
4.219178082191781,61,n70os0.7-9.rcp,0.724124809741248,308,1903,n70,MULTIFLOW,9,73,,,,,,,,-1,-1.0
3.191780821917808,55,n70os0.8-1.rcp,0.8162100456621004,233,2145,n70,FEASIBILITY,7,73,,,,,,,,-1,-1.0
3.191780821917808,55,n70os0.8-1.rcp,0.8162100456621004,233,2145,n70,MULTIFLOW,7,73,,,,,,,,-1,-1.0
3.4657534246575343,62,n70os0.8-10.rcp,0.8162100456621004,253,2145,n70,FEASIBILITY,7,73,,,,,,,,-1,-1.0
3.4657534246575343,62,n70os0.8-10.rcp,0.8162100456621004,253,2145,n70,MULTIFLOW,7,73,,,,,,,,-1,-1.0
3.6575342465753424,61,n70os0.8-2.rcp,0.8162100456621004,267,2145,n70,FEASIBILITY,8,73,,,,,,,,-1,-1.0
3.6575342465753424,61,n70os0.8-2.rcp,0.8162100456621004,267,2145,n70,MULTIFLOW,8,73,,,,,,,,-1,-1.0
3.452054794520548,60,n70os0.8-3.rcp,0.8162100456621004,252,2145,n70,FEASIBILITY,7,73,,,,,,,,-1,-1.0
3.452054794520548,60,n70os0.8-3.rcp,0.8162100456621004,252,2145,n70,MULTIFLOW,7,73,,,,,,,,-1,-1.0
3.835616438356164,60,n70os0.8-4.rcp,0.8162100456621004,280,2145,n70,FEASIBILITY,8,73,,,,,,,,-1,-1.0
3.835616438356164,60,n70os0.8-4.rcp,0.8162100456621004,280,2145,n70,MULTIFLOW,8,73,32.0,2471,41.0,47.0,0.0,18001.198762,0.0,9,18001.198762
3.73972602739726,62,n70os0.8-5.rcp,0.8162100456621004,273,2145,n70,FEASIBILITY,8,73,,,,,,,,-1,-1.0
3.73972602739726,62,n70os0.8-5.rcp,0.8162100456621004,273,2145,n70,MULTIFLOW,8,73,,,,,,,,-1,-1.0
3.7260273972602738,64,n70os0.8-6.rcp,0.8162100456621004,272,2145,n70,FEASIBILITY,8,73,,,,,,,,-1,-1.0
3.7260273972602738,64,n70os0.8-6.rcp,0.8162100456621004,272,2145,n70,MULTIFLOW,8,73,37.0,1113,36.0,48.0,0.0,18001.233771,0.0,9,18001.233771
3.808219178082192,62,n70os0.8-7.rcp,0.8162100456621004,278,2145,n70,FEASIBILITY,9,73,,,,,,,,-1,-1.0
3.808219178082192,62,n70os0.8-7.rcp,0.8162100456621004,278,2145,n70,MULTIFLOW,9,73,,,,,,,,-1,-1.0
3.684931506849315,62,n70os0.8-8.rcp,0.8162100456621004,269,2145,n70,FEASIBILITY,7,73,,,,,,,,-1,-1.0
3.684931506849315,62,n70os0.8-8.rcp,0.8162100456621004,269,2145,n70,MULTIFLOW,7,73,,,,,,,,-1,-1.0
3.780821917808219,60,n70os0.8-9.rcp,0.8162100456621004,276,2145,n70,FEASIBILITY,9,73,,,,,,,,-1,-1.0
3.780821917808219,60,n70os0.8-9.rcp,0.8162100456621004,276,2145,n70,MULTIFLOW,9,73,30.0,2081,43.0,47.0,0.0,18001.209042,0.0,9,18001.209042
2.3972602739726026,55,n70os0.9-1.rcp,0.9079147640791476,175,2386,n70,FEASIBILITY,6,73,,,,,,,,-1,-1.0
2.3972602739726026,55,n70os0.9-1.rcp,0.9079147640791476,175,2386,n70,MULTIFLOW,6,73,26.0,13314,47.0,47.0,0.0,2456.834335,0.0,2,2456.834335
2.493150684931507,60,n70os0.9-10.rcp,0.9079147640791476,182,2386,n70,FEASIBILITY,5,73,,,,,,,,-1,-1.0
2.493150684931507,60,n70os0.9-10.rcp,0.9079147640791476,182,2386,n70,MULTIFLOW,5,73,27.0,8357,46.0,46.0,0.0,1608.566629,0.0,2,1608.566629
2.5342465753424657,63,n70os0.9-2.rcp,0.9079147640791476,185,2386,n70,FEASIBILITY,5,73,,,,,,,,-1,-1.0
2.5342465753424657,63,n70os0.9-2.rcp,0.9079147640791476,185,2386,n70,MULTIFLOW,5,73,26.0,22533,47.0,47.0,0.0,5039.136473,0.0,2,5039.136473
2.6027397260273974,57,n70os0.9-3.rcp,0.9079147640791476,190,2386,n70,FEASIBILITY,5,73,,,,,,,,-1,-1.0
2.6027397260273974,57,n70os0.9-3.rcp,0.9079147640791476,190,2386,n70,MULTIFLOW,5,73,28.0,23203,45.0,45.0,0.0,3612.620807,0.0,2,3612.620807
2.5205479452054793,60,n70os0.9-4.rcp,0.9079147640791476,184,2386,n70,FEASIBILITY,5,73,,,,,,,,-1,-1.0
2.5205479452054793,60,n70os0.9-4.rcp,0.9079147640791476,184,2386,n70,MULTIFLOW,5,73,25.0,3336,48.0,48.0,0.0,1882.923564,0.0,2,1882.923564
2.767123287671233,60,n70os0.9-5.rcp,0.9079147640791476,202,2386,n70,FEASIBILITY,5,73,,,,,,,,-1,-1.0
2.767123287671233,60,n70os0.9-5.rcp,0.9079147640791476,202,2386,n70,MULTIFLOW,5,73,27.0,2801,46.0,46.0,0.0,1174.953739,0.0,2,1174.953739
2.6027397260273974,53,n70os0.9-6.rcp,0.9079147640791476,190,2386,n70,FEASIBILITY,5,73,,,,,,,,-1,-1.0
2.6027397260273974,53,n70os0.9-6.rcp,0.9079147640791476,190,2386,n70,MULTIFLOW,5,73,28.0,929,45.0,45.0,0.0,352.287693,0.0,2,352.287693
2.4794520547945207,64,n70os0.9-7.rcp,0.9079147640791476,181,2386,n70,FEASIBILITY,5,73,,,,,,,,-1,-1.0
2.4794520547945207,64,n70os0.9-7.rcp,0.9079147640791476,181,2386,n70,MULTIFLOW,5,73,24.0,23,49.0,49.0,0.0,124.32028,0.0,2,124.32028
2.506849315068493,56,n70os0.9-8.rcp,0.9079147640791476,183,2386,n70,FEASIBILITY,7,73,,,,,,,,-1,-1.0
2.506849315068493,56,n70os0.9-8.rcp,0.9079147640791476,183,2386,n70,MULTIFLOW,7,73,28.0,154352,45.0,45.0,0.0,13451.697581,0.0,2,13451.697581
2.6301369863013697,63,n70os0.9-9.rcp,0.9079147640791476,192,2386,n70,FEASIBILITY,4,73,,,,,,,,-1,-1.0
2.6301369863013697,63,n70os0.9-9.rcp,0.9079147640791476,192,2386,n70,MULTIFLOW,4,73,26.0,1058,47.0,47.0,0.0,519.991083,0.0,2,519.991083
1.8904109589041096,48,n70os0.95-1.rcp,0.9539573820395738,138,2507,n70,FEASIBILITY,3,73,,,,,,,,-1,-1.0
1.8904109589041096,48,n70os0.95-1.rcp,0.9539573820395738,138,2507,n70,MULTIFLOW,3,73,23.0,1,50.0,50.0,0.0,5.828753,0.0,2,5.828753
1.8904109589041096,48,n70os0.95-10.rcp,0.9539573820395738,138,2507,n70,FEASIBILITY,5,73,,,,,,,,-1,-1.0
1.8904109589041096,48,n70os0.95-10.rcp,0.9539573820395738,138,2507,n70,MULTIFLOW,5,73,25.0,1,48.0,48.0,0.0,3.311453,0.0,2,3.311453
1.8767123287671232,44,n70os0.95-2.rcp,0.9539573820395738,137,2507,n70,FEASIBILITY,3,73,,,,,,,,-1,-1.0
1.8767123287671232,44,n70os0.95-2.rcp,0.9539573820395738,137,2507,n70,MULTIFLOW,3,73,24.0,1,49.0,49.0,0.0,4.624711,0.0,2,4.624711
1.904109589041096,44,n70os0.95-3.rcp,0.9539573820395738,139,2507,n70,FEASIBILITY,4,73,,,,,,,,-1,-1.0
1.904109589041096,44,n70os0.95-3.rcp,0.9539573820395738,139,2507,n70,MULTIFLOW,4,73,27.0,1,46.0,46.0,0.0,9.200351,0.0,2,9.200351
1.917808219178082,43,n70os0.95-4.rcp,0.9539573820395738,140,2507,n70,FEASIBILITY,4,73,,,,,,,,-1,-1.0
1.917808219178082,43,n70os0.95-4.rcp,0.9539573820395738,140,2507,n70,MULTIFLOW,4,73,24.0,9,49.0,49.0,0.0,11.24293,0.0,2,11.24293
1.917808219178082,49,n70os0.95-5.rcp,0.9539573820395738,140,2507,n70,FEASIBILITY,4,73,,,,,,,,-1,-1.0
1.917808219178082,49,n70os0.95-5.rcp,0.9539573820395738,140,2507,n70,MULTIFLOW,4,73,25.0,1,48.0,48.0,0.0,7.193769,0.0,2,7.193769
2.041095890410959,50,n70os0.95-6.rcp,0.9539573820395738,149,2507,n70,FEASIBILITY,4,73,,,,,,,,-1,-1.0
2.041095890410959,50,n70os0.95-6.rcp,0.9539573820395738,149,2507,n70,MULTIFLOW,4,73,26.0,1,47.0,47.0,0.0,6.092659,0.0,2,6.092659
1.9726027397260273,47,n70os0.95-7.rcp,0.9539573820395738,144,2507,n70,FEASIBILITY,5,73,,,,,,,,-1,-1.0
1.9726027397260273,47,n70os0.95-7.rcp,0.9539573820395738,144,2507,n70,MULTIFLOW,5,73,25.0,1,48.0,48.0,0.0,18.824243,0.0,2,18.824243
1.8904109589041096,44,n70os0.95-8.rcp,0.9539573820395738,138,2507,n70,FEASIBILITY,5,73,,,,,,,,-1,-1.0
1.8904109589041096,44,n70os0.95-8.rcp,0.9539573820395738,138,2507,n70,MULTIFLOW,5,73,25.0,149,48.0,48.0,0.0,20.593859,0.0,2,20.593859
1.904109589041096,48,n70os0.95-9.rcp,0.9539573820395738,139,2507,n70,FEASIBILITY,4,73,,,,,,,,-1,-1.0
1.904109589041096,48,n70os0.95-9.rcp,0.9539573820395738,139,2507,n70,MULTIFLOW,4,73,24.0,1,49.0,49.0,0.0,6.083503,0.0,2,6.083503
1.0,1,br17.10.sop.ajn.txt,0.22794117647058823,17,31,sop,FEASIBILITY,2,17,1.0,0,2.0,2.0,0.0,0.021302,0.021302,2,0.021302
1.0,1,br17.10.sop.ajn.txt,0.22794117647058823,17,31,sop,MULTIFLOW,2,17,1.0,1,16.0,16.0,0.0,0.173881,0.0,2,0.173881
1.0588235294117647,2,br17.12.sop.ajn.txt,0.27941176470588236,18,38,sop,FEASIBILITY,2,17,2.0,0,3.0,3.0,0.0,0.126619,0.148419,2,0.148419
1.0588235294117647,2,br17.12.sop.ajn.txt,0.27941176470588236,18,38,sop,MULTIFLOW,2,17,2.0,1,15.0,15.0,0.0,0.163684,0.0,2,0.163684
1.125,1,esc07.sop.ajn.txt,0.5,9,14,sop,FEASIBILITY,3,8,2.0,0,3.0,3.0,0.0,0.023121,0.023121,2,0.023121
1.125,1,esc07.sop.ajn.txt,0.5,9,14,sop,MULTIFLOW,3,8,2.0,1,6.0,6.0,0.0,0.014375,0.0,2,0.014375
0.9166666666666666,0,esc11.sop.ajn.txt,0.24242424242424243,11,16,sop,FEASIBILITY,1,12,0.0,0,1.0,1.0,0.0,0.003753,0.003753,2,0.003753
0.9166666666666666,0,esc11.sop.ajn.txt,0.24242424242424243,11,16,sop,MULTIFLOW,1,12,0.0,0,12.0,12.0,0.0,0.036613,0.0,2,0.036613
1.3076923076923077,2,esc12.sop.ajn.txt,0.2948717948717949,17,23,sop,FEASIBILITY,4,13,5.0,1,6.0,6.0,0.0,1.244667,4.044927,2,4.044927
1.3076923076923077,2,esc12.sop.ajn.txt,0.2948717948717949,17,23,sop,MULTIFLOW,4,13,5.0,1,8.0,8.0,0.0,0.077916,0.0,2,0.077916
1.0,1,esc25.sop.ajn.txt,0.11076923076923077,26,36,sop,FEASIBILITY,2,26,1.0,0,2.0,2.0,0.0,0.034015,0.034015,2,0.034015
1.0,1,esc25.sop.ajn.txt,0.11076923076923077,26,36,sop,MULTIFLOW,2,26,1.0,1,25.0,25.0,0.0,0.508539,0.0,2,0.508539
1.0,1,esc47.sop.ajn.txt,0.0700354609929078,48,79,sop,FEASIBILITY,2,48,1.0,0,2.0,2.0,0.0,0.099558,0.099558,2,0.099558
1.0,1,esc47.sop.ajn.txt,0.0700354609929078,48,79,sop,MULTIFLOW,2,48,1.0,1,47.0,47.0,0.0,3.338993,0.0,2,3.338993
2.3125,10,esc63.sop.ajn.txt,0.14682539682539683,148,296,sop,FEASIBILITY,10,64,,,,,,,,-1,-1.0
2.3125,10,esc63.sop.ajn.txt,0.14682539682539683,148,296,sop,MULTIFLOW,10,64,35.0,2,29.0,31.0,0.0,18001.62969,0.0,9,18001.62969
0.9873417721518988,0,esc78.sop.ajn.txt,0.11716975008114248,78,361,sop,FEASIBILITY,1,79,0.0,0,1.0,1.0,0.0,0.028661,0.028661,2,0.028661
0.9873417721518988,0,esc78.sop.ajn.txt,0.11716975008114248,78,361,sop,MULTIFLOW,1,79,0.0,1,79.0,79.0,0.0,18.633628,0.0,2,18.633628
1.0188679245283019,2,ft53.1.sop.ajn.txt,0.04644412191582003,54,64,sop,FEASIBILITY,2,53,2.0,1,3.0,3.0,0.0,3.656754,3.764714,2,3.764714
1.0188679245283019,2,ft53.1.sop.ajn.txt,0.04644412191582003,54,64,sop,MULTIFLOW,2,53,2.0,1,51.0,51.0,0.0,5.478083,0.0,2,5.478083
1.0754716981132075,5,ft53.2.sop.ajn.txt,0.059506531204644414,57,82,sop,FEASIBILITY,2,53,5.0,1,6.0,6.0,0.0,63.721983,186.799954,2,186.799954
1.0754716981132075,5,ft53.2.sop.ajn.txt,0.059506531204644414,57,82,sop,MULTIFLOW,2,53,5.0,1,48.0,48.0,0.0,24.665078,0.0,2,24.665078
1.3018867924528301,12,ft53.3.sop.ajn.txt,0.19521044992743106,69,269,sop,FEASIBILITY,5,53,,,,,,,,-1,-1.0
1.3018867924528301,12,ft53.3.sop.ajn.txt,0.19521044992743106,69,269,sop,MULTIFLOW,5,53,12.0,10362,41.0,43.0,0.0,18000.783345,0.0,9,18000.783345
1.3962264150943395,18,ft53.4.sop.ajn.txt,0.5885341074020319,74,811,sop,FEASIBILITY,4,53,,,,,,,,-1,-1.0
1.3962264150943395,18,ft53.4.sop.ajn.txt,0.5885341074020319,74,811,sop,MULTIFLOW,4,53,11.0,1,42.0,42.0,0.0,347.265667,0.0,2,347.265667
1.0285714285714285,3,ft70.1.sop.ajn.txt,0.03561076604554866,72,86,sop,FEASIBILITY,2,70,3.0,1,4.0,4.0,0.0,21.37703,28.963603,2,28.963603
1.0285714285714285,3,ft70.1.sop.ajn.txt,0.03561076604554866,72,86,sop,MULTIFLOW,2,70,3.0,1,67.0,67.0,0.0,25.14431,0.0,2,25.14431
1.1285714285714286,8,ft70.2.sop.ajn.txt,0.0484472049689441,79,117,sop,FEASIBILITY,3,70,,,,,,,,-1,-1.0
1.1285714285714286,8,ft70.2.sop.ajn.txt,0.0484472049689441,79,117,sop,MULTIFLOW,3,70,10.0,10141,60.0,60.0,0.0,669.212362,0.0,2,669.212362
1.3571428571428572,17,ft70.3.sop.ajn.txt,0.11759834368530021,95,284,sop,FEASIBILITY,5,70,,,,,,,,-1,-1.0
1.3571428571428572,17,ft70.3.sop.ajn.txt,0.11759834368530021,95,284,sop,MULTIFLOW,5,70,,,,,,,,-1,-1.0
1.4285714285714286,26,ft70.4.sop.ajn.txt,0.5772256728778468,100,1394,sop,FEASIBILITY,3,70,,,,,,,,-1,-1.0
1.4285714285714286,26,ft70.4.sop.ajn.txt,0.5772256728778468,100,1394,sop,MULTIFLOW,3,70,,,,,,,,-1,-1.0
1.02,3,kro124p.1.sop.ajn.txt,0.02666666666666667,102,132,sop,FEASIBILITY,2,100,3.0,1,4.0,4.0,0.0,84.036314,87.806424,2,87.806424
1.02,3,kro124p.1.sop.ajn.txt,0.02666666666666667,102,132,sop,MULTIFLOW,2,100,3.0,1,97.0,97.0,0.0,58.468249,0.0,2,58.468249
1.12,10,kro124p.2.sop.ajn.txt,0.03373737373737374,112,167,sop,FEASIBILITY,4,100,,,,,,,,-1,-1.0
1.12,10,kro124p.2.sop.ajn.txt,0.03373737373737374,112,167,sop,MULTIFLOW,4,100,12.0,130,88.0,91.0,0.0,18006.46834,0.0,9,18006.46834
1.3,25,kro124p.3.sop.ajn.txt,0.07373737373737374,130,365,sop,FEASIBILITY,4,100,,,,,,,,-1,-1.0
1.3,25,kro124p.3.sop.ajn.txt,0.07373737373737374,130,365,sop,MULTIFLOW,4,100,,,,,,,,-1,-1.0
1.49,41,kro124p.4.sop.ajn.txt,0.4856565656565657,149,2404,sop,FEASIBILITY,3,100,,,,,,,,-1,-1.0
1.49,41,kro124p.4.sop.ajn.txt,0.4856565656565657,149,2404,sop,MULTIFLOW,3,100,,,,,,,,-1,-1.0
1.0465116279069768,3,p43.1.sop.ajn.txt,0.058693244739756366,45,53,sop,FEASIBILITY,2,43,3.0,1,4.0,4.0,0.0,7.988044,8.913684,2,8.913684
1.0465116279069768,3,p43.1.sop.ajn.txt,0.058693244739756366,45,53,sop,MULTIFLOW,2,43,3.0,1,40.0,40.0,0.0,3.76372,0.0,2,3.76372
1.0465116279069768,3,p43.2.sop.ajn.txt,0.08416389811738649,45,76,sop,FEASIBILITY,2,43,3.0,1,4.0,4.0,0.0,9.743146,11.742117,2,11.742117
1.0465116279069768,3,p43.2.sop.ajn.txt,0.08416389811738649,45,76,sop,MULTIFLOW,2,43,3.0,1,40.0,40.0,0.0,6.44253,0.0,2,6.44253
1.2325581395348837,8,p43.3.sop.ajn.txt,0.15282392026578073,53,138,sop,FEASIBILITY,4,43,,,,,,,,-1,-1.0
1.2325581395348837,8,p43.3.sop.ajn.txt,0.15282392026578073,53,138,sop,MULTIFLOW,4,43,8.0,21672,35.0,35.0,0.0,2558.620679,0.0,2,2558.620679
1.3488372093023255,11,p43.4.sop.ajn.txt,0.5957918050941307,58,538,sop,FEASIBILITY,4,43,,,,,,,,-1,-1.0
1.3488372093023255,11,p43.4.sop.ajn.txt,0.5957918050941307,58,538,sop,MULTIFLOW,4,43,9.0,1,34.0,34.0,0.0,58.438583,0.0,2,58.438583
0.98989898989899,0,prob.100.sop.ajn.txt,0.02865388579674294,98,139,sop,FEASIBILITY,1,99,0.0,0,1.0,1.0,0.0,0.060904,0.060904,2,0.060904
0.98989898989899,0,prob.100.sop.ajn.txt,0.02865388579674294,98,139,sop,MULTIFLOW,1,99,0.0,0,99.0,99.0,0.0,37.760969,0.0,2,37.760969
1.0,1,prob.42.sop.ajn.txt,0.07195121951219512,41,59,sop,FEASIBILITY,2,41,1.0,0,2.0,2.0,0.0,0.067906,0.067906,2,0.067906
1.0,1,prob.42.sop.ajn.txt,0.07195121951219512,41,59,sop,MULTIFLOW,2,41,1.0,1,40.0,40.0,0.0,2.300233,0.0,2,2.300233
4.0,14,rbg048a.sop.ajn.txt,0.42091836734693877,196,495,sop,FEASIBILITY,18,49,,,,,,,,-1,-1.0
4.0,14,rbg048a.sop.ajn.txt,0.42091836734693877,196,495,sop,MULTIFLOW,18,49,31.0,4119,18.0,20.0,0.0,18000.565366,0.0,9,18000.565366
5.078431372549019,46,rbg050c.sop.ajn.txt,0.4376470588235294,259,558,sop,FEASIBILITY,20,51,,,,,,,,-1,-1.0
5.078431372549019,46,rbg050c.sop.ajn.txt,0.4376470588235294,259,558,sop,MULTIFLOW,20,51,,,,,,,,-1,-1.0
5.709090909090909,93,rbg109a.sop.ajn.txt,0.9070892410341952,628,5438,sop,FEASIBILITY,11,110,,,,,,,,-1,-1.0
5.709090909090909,93,rbg109a.sop.ajn.txt,0.9070892410341952,628,5438,sop,MULTIFLOW,11,110,73.0,1340,37.0,40.0,0.0,18003.365332,0.0,9,18003.365332
6.370860927152318,140,rbg150a.sop.ajn.txt,0.9257395143487859,962,10484,sop,FEASIBILITY,13,151,,,,,,,,-1,-1.0
6.370860927152318,140,rbg150a.sop.ajn.txt,0.9257395143487859,962,10484,sop,MULTIFLOW,13,151,,,,,,,,-1,-1.0
6.371428571428571,166,rbg174a.sop.ajn.txt,0.9280131362889984,1115,14129,sop,FEASIBILITY,17,175,,,,,,,,-1,-1.0
6.371428571428571,166,rbg174a.sop.ajn.txt,0.9280131362889984,1115,14129,sop,MULTIFLOW,17,175,,,,,,,,-1,-1.0
6.783464566929134,245,rbg253a.sop.ajn.txt,0.947184961563599,1723,30434,sop,FEASIBILITY,17,254,,,,,,,,-1,-1.0
6.783464566929134,245,rbg253a.sop.ajn.txt,0.947184961563599,1723,30434,sop,MULTIFLOW,17,254,,,,,,,,-1,-1.0
7.453703703703703,303,rbg323a.sop.ajn.txt,0.9273592477926843,2415,48525,sop,FEASIBILITY,30,324,,,,,,,,-1,-1.0
7.453703703703703,303,rbg323a.sop.ajn.txt,0.9273592477926843,2415,48525,sop,MULTIFLOW,30,324,,,,,,,,-1,-1.0
7.444444444444445,311,rbg341a.sop.ajn.txt,0.9371130661453242,2546,54644,sop,FEASIBILITY,22,342,,,,,,,,-1,-1.0
7.444444444444445,311,rbg341a.sop.ajn.txt,0.9371130661453242,2546,54644,sop,MULTIFLOW,22,342,,,,,,,,-1,-1.0
9.030640668523677,354,rbg358a.sop.ajn.txt,0.8853581487994273,3242,56894,sop,FEASIBILITY,23,359,,,,,,,,-1,-1.0
9.030640668523677,354,rbg358a.sop.ajn.txt,0.8853581487994273,3242,56894,sop,MULTIFLOW,23,359,,,,,,,,-1,-1.0
8.105540897097626,369,rbg378a.sop.ajn.txt,0.89295137580098,3072,63963,sop,FEASIBILITY,31,379,,,,,,,,-1,-1.0
8.105540897097626,369,rbg378a.sop.ajn.txt,0.89295137580098,3072,63963,sop,MULTIFLOW,31,379,,,,,,,,-1,-1.0
1.0,1,ry48p.1.sop.ajn.txt,0.05230496453900709,48,59,sop,FEASIBILITY,2,48,1.0,0,2.0,2.0,0.0,0.232896,0.232896,2,0.232896
1.0,1,ry48p.1.sop.ajn.txt,0.05230496453900709,48,59,sop,MULTIFLOW,2,48,1.0,1,47.0,47.0,0.0,3.99261,0.0,2,3.99261
1.0625,4,ry48p.2.sop.ajn.txt,0.06471631205673758,51,73,sop,FEASIBILITY,2,48,4.0,1,5.0,5.0,0.0,20.552327,36.971094,2,36.971094
1.0625,4,ry48p.2.sop.ajn.txt,0.06471631205673758,51,73,sop,MULTIFLOW,2,48,4.0,1,44.0,44.0,0.0,10.967427,0.0,2,10.967427
1.2708333333333333,9,ry48p.3.sop.ajn.txt,0.15868794326241134,61,179,sop,FEASIBILITY,5,48,,,,,,,,-1,-1.0
1.2708333333333333,9,ry48p.3.sop.ajn.txt,0.15868794326241134,61,179,sop,MULTIFLOW,5,48,11.0,226920,37.0,37.0,0.0,16527.445349,0.0,2,16527.445349
1.4375,15,ry48p.4.sop.ajn.txt,0.5700354609929078,69,643,sop,FEASIBILITY,4,48,,,,,,,,-1,-1.0
1.4375,15,ry48p.4.sop.ajn.txt,0.5700354609929078,69,643,sop,MULTIFLOW,4,48,,,,,,,,-1,-1.0
1.0,1,s04.txt,0.8333333333333334,4,5,sop,FEASIBILITY,2,4,,,,,,,,-1,-1.0
1.0,1,s04.txt,0.8333333333333334,4,5,sop,MULTIFLOW,2,4,,,,,,,,-1,-1.0
