group_id,num_nodes,num_edges,num_closed_edges,in_degrees,max_in_degree,mean_in_degree,nodes_indegree_gt_one,closed_edge_density,instance,algorithm,num_jumps,num_explored_nodes,primal_bound,dual_bound,cuts_added_by_solver,solve_time,sum_time,status
n10,13,20,42,"0, 1, 1, 1, 2, 1, 3, 1, 1, 1, 1, 1, 6",6,1.5384615384615385,3,0.5384615384615384,n10o0.2-1.rcp,FEASIBILITY,5.0,0,6.0,6.0,0.0,0.78826,0.78826,2
n10,13,20,42,"0, 1, 1, 1, 2, 1, 3, 1, 1, 1, 1, 1, 6",6,1.5384615384615385,3,0.5384615384615384,n10o0.2-1.rcp,MULTIFLOW,5.0,1,8.0,8.0,0.0,0.195699,0.0,2
n10,13,20,42,"0, 1, 1, 1, 1, 1, 1, 4, 2, 1, 1, 1, 5",5,1.5384615384615385,3,0.5384615384615384,n10o0.2-2.rcp,FEASIBILITY,5.0,0,6.0,6.0,0.0,0.78778,1.429612,2
n10,13,20,42,"0, 1, 1, 1, 1, 1, 1, 4, 2, 1, 1, 1, 5",5,1.5384615384615385,3,0.5384615384615384,n10o0.2-2.rcp,MULTIFLOW,5.0,1,8.0,8.0,0.0,0.101355,0.0,2
n10,13,20,42,"0, 1, 1, 1, 1, 1, 2, 2, 2, 1, 1, 1, 6",6,1.5384615384615385,4,0.5384615384615384,n10o0.2-3.rcp,FEASIBILITY,5.0,1,6.0,6.0,0.0,0.952894,0.952894,2
n10,13,20,42,"0, 1, 1, 1, 1, 1, 2, 2, 2, 1, 1, 1, 6",6,1.5384615384615385,4,0.5384615384615384,n10o0.2-3.rcp,MULTIFLOW,5.0,1,8.0,8.0,0.0,0.177625,0.0,2
n10,13,19,42,"0, 1, 1, 1, 1, 2, 1, 1, 4, 1, 1, 1, 4",4,1.4615384615384615,3,0.5384615384615384,n10o0.2-4.rcp,FEASIBILITY,6.0,1,7.0,7.0,0.0,1.680628,5.986883,2
n10,13,19,42,"0, 1, 1, 1, 1, 2, 1, 1, 4, 1, 1, 1, 4",4,1.4615384615384615,3,0.5384615384615384,n10o0.2-4.rcp,MULTIFLOW,6.0,1,7.0,7.0,0.0,0.074582,0.0,2
n10,13,18,42,"0, 1, 1, 1, 1, 2, 1, 1, 3, 1, 1, 1, 4",4,1.3846153846153846,3,0.5384615384615384,n10o0.2-5.rcp,FEASIBILITY,6.0,1,7.0,7.0,0.0,1.334428,6.246811,2
n10,13,18,42,"0, 1, 1, 1, 1, 2, 1, 1, 3, 1, 1, 1, 4",4,1.3846153846153846,3,0.5384615384615384,n10o0.2-5.rcp,MULTIFLOW,6.0,1,7.0,7.0,0.0,0.083081,0.0,2
n10,13,18,42,"0, 1, 1, 1, 1, 1, 1, 1, 3, 2, 1, 1, 4",4,1.3846153846153846,3,0.5384615384615384,n10o0.2-6.rcp,FEASIBILITY,5.0,1,6.0,6.0,0.0,0.95045,1.851817,2
n10,13,18,42,"0, 1, 1, 1, 1, 1, 1, 1, 3, 2, 1, 1, 4",4,1.3846153846153846,3,0.5384615384615384,n10o0.2-6.rcp,MULTIFLOW,5.0,1,8.0,8.0,0.0,0.072164,0.0,2
n10,13,22,42,"0, 1, 1, 1, 1, 1, 4, 3, 1, 1, 1, 1, 6",6,1.6923076923076923,3,0.5384615384615384,n10o0.2-7.rcp,FEASIBILITY,5.0,1,6.0,6.0,0.0,1.087327,1.087327,2
n10,13,22,42,"0, 1, 1, 1, 1, 1, 4, 3, 1, 1, 1, 1, 6",6,1.6923076923076923,3,0.5384615384615384,n10o0.2-7.rcp,MULTIFLOW,5.0,1,8.0,8.0,0.0,0.067312,0.0,2
n10,13,20,42,"0, 1, 1, 1, 1, 1, 3, 2, 1, 1, 1, 1, 6",6,1.5384615384615385,3,0.5384615384615384,n10o0.2-8.rcp,FEASIBILITY,5.0,1,6.0,6.0,0.0,1.120341,1.120341,2
n10,13,20,42,"0, 1, 1, 1, 1, 1, 3, 2, 1, 1, 1, 1, 6",6,1.5384615384615385,3,0.5384615384615384,n10o0.2-8.rcp,MULTIFLOW,5.0,1,8.0,8.0,0.0,0.082428,0.0,2
n10,13,18,42,"0, 1, 1, 1, 1, 1, 1, 2, 2, 1, 1, 1, 5",5,1.3846153846153846,3,0.5384615384615384,n10o0.2-9.rcp,FEASIBILITY,5.0,1,6.0,6.0,0.0,0.995882,1.71504,2
n10,13,18,42,"0, 1, 1, 1, 1, 1, 1, 2, 2, 1, 1, 1, 5",5,1.3846153846153846,3,0.5384615384615384,n10o0.2-9.rcp,MULTIFLOW,5.0,1,8.0,8.0,0.0,0.071511,0.0,2
n10,13,20,55,"0, 1, 1, 1, 1, 2, 2, 2, 2, 2, 2, 1, 3",3,1.5384615384615385,7,0.7051282051282052,n10o0.5-1.rcp,FEASIBILITY,4.0,0,5.0,5.0,0.0,0.224111,0.346501,2
n10,13,20,55,"0, 1, 1, 1, 1, 2, 2, 2, 2, 2, 2, 1, 3",3,1.5384615384615385,7,0.7051282051282052,n10o0.5-1.rcp,MULTIFLOW,4.0,1,9.0,9.0,0.0,0.069771,0.0,2
n10,13,22,55,"0, 1, 1, 1, 2, 1, 3, 2, 1, 4, 2, 1, 3",4,1.6923076923076923,6,0.7051282051282052,n10o0.5-10.rcp,FEASIBILITY,4.0,0,5.0,5.0,0.0,0.228814,0.307269,2
n10,13,22,55,"0, 1, 1, 1, 2, 1, 3, 2, 1, 4, 2, 1, 3",4,1.6923076923076923,6,0.7051282051282052,n10o0.5-10.rcp,MULTIFLOW,4.0,1,9.0,9.0,0.0,0.061693,0.0,2
n10,13,20,55,"0, 1, 1, 1, 1, 1, 1, 3, 3, 1, 3, 2, 2",3,1.5384615384615385,5,0.7051282051282052,n10o0.5-2.rcp,FEASIBILITY,4.0,0,5.0,5.0,0.0,0.278105,0.402001,2
n10,13,20,55,"0, 1, 1, 1, 1, 1, 1, 3, 3, 1, 3, 2, 2",3,1.5384615384615385,5,0.7051282051282052,n10o0.5-2.rcp,MULTIFLOW,4.0,1,9.0,9.0,0.0,0.067317,0.0,2
n10,13,23,55,"0, 1, 1, 1, 1, 3, 2, 2, 2, 4, 1, 2, 3",4,1.7692307692307692,7,0.7051282051282052,n10o0.5-3.rcp,FEASIBILITY,5.0,0,6.0,6.0,0.0,0.594872,0.879694,2
n10,13,23,55,"0, 1, 1, 1, 1, 3, 2, 2, 2, 4, 1, 2, 3",4,1.7692307692307692,7,0.7051282051282052,n10o0.5-3.rcp,MULTIFLOW,5.0,1,8.0,8.0,0.0,0.103261,0.0,2
n10,13,23,55,"0, 1, 1, 1, 1, 2, 1, 1, 2, 3, 4, 3, 3",4,1.7692307692307692,6,0.7051282051282052,n10o0.5-4.rcp,FEASIBILITY,5.0,1,6.0,6.0,0.0,0.608473,0.912847,2
n10,13,23,55,"0, 1, 1, 1, 1, 2, 1, 1, 2, 3, 4, 3, 3",4,1.7692307692307692,6,0.7051282051282052,n10o0.5-4.rcp,MULTIFLOW,5.0,1,8.0,8.0,0.0,0.07387,0.0,2
n10,13,21,55,"0, 1, 1, 1, 1, 1, 3, 1, 2, 3, 2, 1, 4",4,1.6153846153846154,5,0.7051282051282052,n10o0.5-5.rcp,FEASIBILITY,5.0,0,6.0,6.0,0.0,0.548679,0.865102,2
n10,13,21,55,"0, 1, 1, 1, 1, 1, 3, 1, 2, 3, 2, 1, 4",4,1.6153846153846154,5,0.7051282051282052,n10o0.5-5.rcp,MULTIFLOW,5.0,1,8.0,8.0,0.0,0.060222,0.0,2
n10,13,22,55,"0, 1, 1, 1, 1, 3, 2, 1, 3, 2, 1, 2, 4",4,1.6923076923076923,6,0.7051282051282052,n10o0.5-6.rcp,FEASIBILITY,4.0,0,5.0,5.0,0.0,0.212221,0.29009,2
n10,13,22,55,"0, 1, 1, 1, 1, 3, 2, 1, 3, 2, 1, 2, 4",4,1.6923076923076923,6,0.7051282051282052,n10o0.5-6.rcp,MULTIFLOW,4.0,1,9.0,9.0,0.0,0.060812,0.0,2
n10,13,22,55,"0, 1, 1, 1, 1, 1, 1, 1, 4, 3, 2, 2, 4",4,1.6923076923076923,5,0.7051282051282052,n10o0.5-7.rcp,FEASIBILITY,4.0,0,5.0,5.0,0.0,0.239196,0.333769,2
n10,13,22,55,"0, 1, 1, 1, 1, 1, 1, 1, 4, 3, 2, 2, 4",4,1.6923076923076923,5,0.7051282051282052,n10o0.5-7.rcp,MULTIFLOW,4.0,1,9.0,9.0,0.0,0.042457,0.0,2
n10,13,24,55,"0, 1, 1, 1, 1, 1, 1, 3, 1, 4, 3, 4, 3",4,1.8461538461538463,5,0.7051282051282052,n10o0.5-8.rcp,FEASIBILITY,5.0,0,6.0,6.0,0.0,0.599421,0.889114,2
n10,13,24,55,"0, 1, 1, 1, 1, 1, 1, 3, 1, 4, 3, 4, 3",4,1.8461538461538463,5,0.7051282051282052,n10o0.5-8.rcp,MULTIFLOW,5.0,1,8.0,8.0,0.0,0.070728,0.0,2
n10,13,23,55,"0, 1, 1, 1, 1, 2, 1, 1, 2, 4, 4, 2, 3",4,1.7692307692307692,6,0.7051282051282052,n10o0.5-9.rcp,FEASIBILITY,4.0,0,5.0,5.0,0.0,0.237152,0.316871,2
n10,13,23,55,"0, 1, 1, 1, 1, 2, 1, 1, 2, 4, 4, 2, 3",4,1.7692307692307692,6,0.7051282051282052,n10o0.5-9.rcp,MULTIFLOW,4.0,1,9.0,9.0,0.0,0.049617,0.0,2
n10,13,17,64,"0, 1, 1, 1, 1, 2, 1, 1, 1, 2, 1, 4, 1",4,1.3076923076923077,3,0.8205128205128205,n10o0.7-1.rcp,FEASIBILITY,3.0,0,4.0,4.0,0.0,0.09498,0.09498,2
n10,13,17,64,"0, 1, 1, 1, 1, 2, 1, 1, 1, 2, 1, 4, 1",4,1.3076923076923077,3,0.8205128205128205,n10o0.7-1.rcp,MULTIFLOW,3.0,1,10.0,10.0,0.0,0.036312,0.0,2
n10,13,23,64,"0, 1, 1, 1, 1, 3, 2, 1, 3, 1, 3, 3, 3",3,1.7692307692307692,6,0.8205128205128205,n10o0.7-10.rcp,FEASIBILITY,4.0,0,5.0,5.0,0.0,0.192168,0.305734,2
n10,13,23,64,"0, 1, 1, 1, 1, 3, 2, 1, 3, 1, 3, 3, 3",3,1.7692307692307692,6,0.8205128205128205,n10o0.7-10.rcp,MULTIFLOW,4.0,1,9.0,9.0,0.0,0.030235,0.0,2
n10,13,17,64,"0, 1, 1, 1, 1, 1, 1, 2, 2, 2, 1, 1, 3",3,1.3076923076923077,4,0.8205128205128205,n10o0.7-2.rcp,FEASIBILITY,2.0,0,3.0,3.0,0.0,0.041341,0.041341,2
n10,13,17,64,"0, 1, 1, 1, 1, 1, 1, 2, 2, 2, 1, 1, 3",3,1.3076923076923077,4,0.8205128205128205,n10o0.7-2.rcp,MULTIFLOW,2.0,1,11.0,11.0,0.0,0.027724,0.0,2
n10,13,19,64,"0, 1, 1, 1, 1, 2, 2, 2, 1, 1, 3, 2, 2",3,1.4615384615384615,6,0.8205128205128205,n10o0.7-3.rcp,FEASIBILITY,3.0,0,4.0,4.0,0.0,0.100524,0.141417,2
n10,13,19,64,"0, 1, 1, 1, 1, 2, 2, 2, 1, 1, 3, 2, 2",3,1.4615384615384615,6,0.8205128205128205,n10o0.7-3.rcp,MULTIFLOW,3.0,1,10.0,10.0,0.0,0.035701,0.0,2
n10,13,19,64,"0, 1, 1, 1, 1, 2, 2, 2, 2, 1, 2, 2, 2",2,1.4615384615384615,7,0.8205128205128205,n10o0.7-4.rcp,FEASIBILITY,3.0,0,4.0,4.0,0.0,0.078274,0.127561,2
n10,13,19,64,"0, 1, 1, 1, 1, 2, 2, 2, 2, 1, 2, 2, 2",2,1.4615384615384615,7,0.8205128205128205,n10o0.7-4.rcp,MULTIFLOW,3.0,1,10.0,10.0,0.0,0.035924,0.0,2
n10,13,21,64,"0, 1, 1, 1, 2, 1, 1, 3, 3, 2, 1, 2, 3",3,1.6153846153846154,6,0.8205128205128205,n10o0.7-5.rcp,FEASIBILITY,3.0,0,4.0,4.0,0.0,0.073428,0.114319,2
n10,13,21,64,"0, 1, 1, 1, 2, 1, 1, 3, 3, 2, 1, 2, 3",3,1.6153846153846154,6,0.8205128205128205,n10o0.7-5.rcp,MULTIFLOW,3.0,1,10.0,10.0,0.0,0.031221,0.0,2
n10,13,17,64,"0, 1, 1, 1, 1, 1, 1, 2, 2, 1, 2, 1, 3",3,1.3076923076923077,4,0.8205128205128205,n10o0.7-6.rcp,FEASIBILITY,3.0,0,4.0,4.0,0.0,0.09076,0.130545,2
n10,13,17,64,"0, 1, 1, 1, 1, 1, 1, 2, 2, 1, 2, 1, 3",3,1.3076923076923077,4,0.8205128205128205,n10o0.7-6.rcp,MULTIFLOW,3.0,1,10.0,10.0,0.0,0.034895,0.0,2
n10,13,19,64,"0, 1, 1, 1, 1, 1, 3, 1, 1, 1, 1, 3, 4",4,1.4615384615384615,3,0.8205128205128205,n10o0.7-7.rcp,FEASIBILITY,5.0,0,6.0,6.0,0.0,0.458041,0.719603,2
n10,13,19,64,"0, 1, 1, 1, 1, 1, 3, 1, 1, 1, 1, 3, 4",4,1.4615384615384615,3,0.8205128205128205,n10o0.7-7.rcp,MULTIFLOW,5.0,1,8.0,8.0,0.0,0.024955,0.0,2
n10,13,18,64,"0, 1, 1, 1, 1, 2, 1, 1, 1, 3, 2, 2, 2",3,1.3846153846153846,5,0.8205128205128205,n10o0.7-8.rcp,FEASIBILITY,3.0,0,4.0,4.0,0.0,0.088059,0.128368,2
n10,13,18,64,"0, 1, 1, 1, 1, 2, 1, 1, 1, 3, 2, 2, 2",3,1.3846153846153846,5,0.8205128205128205,n10o0.7-8.rcp,MULTIFLOW,3.0,1,10.0,10.0,0.0,0.032391,0.0,2
n10,13,21,64,"0, 1, 1, 1, 1, 1, 2, 2, 2, 3, 2, 2, 3",3,1.6153846153846154,7,0.8205128205128205,n10o0.7-9.rcp,FEASIBILITY,4.0,0,5.0,5.0,0.0,0.198874,0.314645,2
n10,13,21,64,"0, 1, 1, 1, 1, 1, 2, 2, 2, 3, 2, 2, 3",3,1.6153846153846154,7,0.8205128205128205,n10o0.7-9.rcp,MULTIFLOW,4.0,1,9.0,9.0,0.0,0.034058,0.0,2
n10,13,17,69,"0, 1, 1, 1, 2, 1, 2, 2, 1, 1, 2, 1, 2",2,1.3076923076923077,5,0.8846153846153846,n10o0.8-1.rcp,FEASIBILITY,3.0,0,4.0,4.0,0.0,0.074597,0.12315,2
n10,13,17,69,"0, 1, 1, 1, 2, 1, 2, 2, 1, 1, 2, 1, 2",2,1.3076923076923077,5,0.8846153846153846,n10o0.8-1.rcp,MULTIFLOW,3.0,1,10.0,10.0,0.0,0.027074,0.0,2
n10,13,18,69,"0, 1, 1, 1, 1, 1, 3, 1, 1, 1, 3, 2, 2",3,1.3846153846153846,4,0.8846153846153846,n10o0.8-10.rcp,FEASIBILITY,4.0,0,5.0,5.0,0.0,0.174815,0.288029,2
n10,13,18,69,"0, 1, 1, 1, 1, 1, 3, 1, 1, 1, 3, 2, 2",3,1.3846153846153846,4,0.8846153846153846,n10o0.8-10.rcp,MULTIFLOW,4.0,1,9.0,9.0,0.0,0.025363,0.0,2
n10,13,17,69,"0, 1, 1, 1, 2, 1, 2, 2, 2, 1, 1, 2, 1",2,1.3076923076923077,5,0.8846153846153846,n10o0.8-2.rcp,FEASIBILITY,2.0,0,3.0,3.0,0.0,0.039003,0.049593,2
n10,13,17,69,"0, 1, 1, 1, 2, 1, 2, 2, 2, 1, 1, 2, 1",2,1.3076923076923077,5,0.8846153846153846,n10o0.8-2.rcp,MULTIFLOW,2.0,1,11.0,11.0,0.0,0.025323,0.0,2
n10,13,17,69,"0, 1, 1, 1, 1, 1, 2, 1, 2, 2, 2, 1, 2",2,1.3076923076923077,5,0.8846153846153846,n10o0.8-3.rcp,FEASIBILITY,3.0,0,4.0,4.0,0.0,0.081187,0.129394,2
n10,13,17,69,"0, 1, 1, 1, 1, 1, 2, 1, 2, 2, 2, 1, 2",2,1.3076923076923077,5,0.8846153846153846,n10o0.8-3.rcp,MULTIFLOW,3.0,1,10.0,10.0,0.0,0.027075,0.0,2
n10,13,17,69,"0, 1, 1, 1, 1, 2, 1, 2, 2, 1, 1, 1, 3",3,1.3076923076923077,4,0.8846153846153846,n10o0.8-4.rcp,FEASIBILITY,3.0,0,4.0,4.0,0.0,0.07296,0.112568,2
n10,13,17,69,"0, 1, 1, 1, 1, 2, 1, 2, 2, 1, 1, 1, 3",3,1.3076923076923077,4,0.8846153846153846,n10o0.8-4.rcp,MULTIFLOW,3.0,1,10.0,10.0,0.0,0.02957,0.0,2
n10,13,18,69,"0, 1, 1, 1, 1, 2, 1, 1, 2, 2, 2, 2, 2",2,1.3846153846153846,6,0.8846153846153846,n10o0.8-5.rcp,FEASIBILITY,3.0,0,4.0,4.0,0.0,0.086251,0.135397,2
n10,13,18,69,"0, 1, 1, 1, 1, 2, 1, 1, 2, 2, 2, 2, 2",2,1.3846153846153846,6,0.8846153846153846,n10o0.8-5.rcp,MULTIFLOW,3.0,1,10.0,10.0,0.0,0.026612,0.0,2
n10,13,20,69,"0, 1, 1, 1, 1, 1, 2, 3, 2, 2, 2, 2, 2",3,1.5384615384615385,7,0.8846153846153846,n10o0.8-6.rcp,FEASIBILITY,4.0,0,5.0,5.0,0.0,0.16917,0.281654,2
n10,13,20,69,"0, 1, 1, 1, 1, 1, 2, 3, 2, 2, 2, 2, 2",3,1.5384615384615385,7,0.8846153846153846,n10o0.8-6.rcp,MULTIFLOW,4.0,1,9.0,9.0,0.0,0.028381,0.0,2
n10,13,16,69,"0, 1, 1, 1, 1, 2, 1, 2, 1, 2, 1, 2, 1",2,1.2307692307692308,4,0.8846153846153846,n10o0.8-7.rcp,FEASIBILITY,3.0,0,4.0,4.0,0.0,0.089278,0.137807,2
n10,13,16,69,"0, 1, 1, 1, 1, 2, 1, 2, 1, 2, 1, 2, 1",2,1.2307692307692308,4,0.8846153846153846,n10o0.8-7.rcp,MULTIFLOW,3.0,1,10.0,10.0,0.0,0.023992,0.0,2
n10,13,17,69,"0, 1, 1, 1, 1, 1, 1, 3, 1, 2, 1, 2, 2",3,1.3076923076923077,4,0.8846153846153846,n10o0.8-8.rcp,FEASIBILITY,3.0,0,4.0,4.0,0.0,0.081066,0.120663,2
n10,13,17,69,"0, 1, 1, 1, 1, 1, 1, 3, 1, 2, 1, 2, 2",3,1.3076923076923077,4,0.8846153846153846,n10o0.8-8.rcp,MULTIFLOW,3.0,1,10.0,10.0,0.0,0.023653,0.0,2
n10,13,20,69,"0, 1, 1, 1, 1, 2, 2, 2, 2, 2, 2, 2, 2",2,1.5384615384615385,8,0.8846153846153846,n10o0.8-9.rcp,FEASIBILITY,4.0,0,5.0,5.0,0.0,0.181555,0.301278,2
n10,13,20,69,"0, 1, 1, 1, 1, 2, 2, 2, 2, 2, 2, 2, 2",2,1.5384615384615385,8,0.8846153846153846,n10o0.8-9.rcp,MULTIFLOW,4.0,1,9.0,9.0,0.0,0.029513,0.0,2
n10,13,17,75,"0, 1, 1, 1, 1, 1, 1, 1, 2, 2, 2, 2, 2",2,1.3076923076923077,5,0.9615384615384616,n10o0.95-1.rcp,FEASIBILITY,3.0,0,4.0,4.0,0.0,0.075372,0.123664,2
n10,13,17,75,"0, 1, 1, 1, 1, 1, 1, 1, 2, 2, 2, 2, 2",2,1.3076923076923077,5,0.9615384615384616,n10o0.95-1.rcp,MULTIFLOW,3.0,0,10.0,10.0,0.0,0.015508,0.0,2
n10,13,16,75,"0, 1, 1, 1, 2, 1, 1, 1, 1, 1, 2, 2, 2",2,1.2307692307692308,4,0.9615384615384616,n10o0.95-2.rcp,FEASIBILITY,3.0,0,4.0,4.0,0.0,0.075421,0.123212,2
n10,13,16,75,"0, 1, 1, 1, 2, 1, 1, 1, 1, 1, 2, 2, 2",2,1.2307692307692308,4,0.9615384615384616,n10o0.95-2.rcp,MULTIFLOW,3.0,0,10.0,10.0,0.0,0.01532,0.0,2
n10,13,14,75,"0, 1, 1, 1, 2, 1, 1, 1, 2, 1, 1, 1, 1",2,1.0769230769230769,2,0.9615384615384616,n10o0.95-3.rcp,FEASIBILITY,2.0,0,3.0,3.0,0.0,0.039503,0.050149,2
n10,13,14,75,"0, 1, 1, 1, 2, 1, 1, 1, 2, 1, 1, 1, 1",2,1.0769230769230769,2,0.9615384615384616,n10o0.95-3.rcp,MULTIFLOW,2.0,0,11.0,11.0,0.0,0.014594,0.0,2
n10,13,14,75,"0, 1, 1, 1, 1, 1, 2, 1, 1, 1, 2, 1, 1",2,1.0769230769230769,2,0.9615384615384616,n10o0.95-4.rcp,FEASIBILITY,2.0,0,3.0,3.0,0.0,0.038761,0.049163,2
n10,13,14,75,"0, 1, 1, 1, 1, 1, 2, 1, 1, 1, 2, 1, 1",2,1.0769230769230769,2,0.9615384615384616,n10o0.95-4.rcp,MULTIFLOW,2.0,0,11.0,11.0,0.0,0.014477,0.0,2
n10,13,14,75,"0, 1, 1, 1, 1, 1, 1, 1, 2, 1, 1, 1, 2",2,1.0769230769230769,2,0.9615384615384616,n10o0.95-5.rcp,FEASIBILITY,2.0,0,3.0,3.0,0.0,0.03857,0.049064,2
n10,13,14,75,"0, 1, 1, 1, 1, 1, 1, 1, 2, 1, 1, 1, 2",2,1.0769230769230769,2,0.9615384615384616,n10o0.95-5.rcp,MULTIFLOW,2.0,0,11.0,11.0,0.0,0.013373,0.0,2
n10,13,14,75,"0, 1, 1, 1, 2, 1, 1, 1, 1, 1, 1, 2, 1",2,1.0769230769230769,2,0.9615384615384616,n10o0.95-6.rcp,FEASIBILITY,2.0,0,3.0,3.0,0.0,0.038775,0.049278,2
n10,13,14,75,"0, 1, 1, 1, 2, 1, 1, 1, 1, 1, 1, 2, 1",2,1.0769230769230769,2,0.9615384615384616,n10o0.95-6.rcp,MULTIFLOW,2.0,0,11.0,11.0,0.0,0.014951,0.0,2
n10,13,14,75,"0, 1, 1, 1, 1, 1, 2, 1, 1, 1, 1, 1, 2",2,1.0769230769230769,2,0.9615384615384616,n10o0.95-7.rcp,FEASIBILITY,2.0,0,3.0,3.0,0.0,0.038663,0.0492,2
n10,13,14,75,"0, 1, 1, 1, 1, 1, 2, 1, 1, 1, 1, 1, 2",2,1.0769230769230769,2,0.9615384615384616,n10o0.95-7.rcp,MULTIFLOW,2.0,0,11.0,11.0,0.0,0.01519,0.0,2
n10,13,14,75,"0, 1, 1, 1, 1, 1, 2, 1, 1, 1, 2, 1, 1",2,1.0769230769230769,2,0.9615384615384616,n10o0.95-8.rcp,FEASIBILITY,2.0,0,3.0,3.0,0.0,0.038631,0.049145,2
n10,13,14,75,"0, 1, 1, 1, 1, 1, 2, 1, 1, 1, 2, 1, 1",2,1.0769230769230769,2,0.9615384615384616,n10o0.95-8.rcp,MULTIFLOW,2.0,0,11.0,11.0,0.0,0.014869,0.0,2
n10,13,14,75,"0, 1, 1, 1, 1, 2, 1, 1, 1, 1, 1, 1, 2",2,1.0769230769230769,2,0.9615384615384616,n10o0.95-9.rcp,FEASIBILITY,2.0,0,3.0,3.0,0.0,0.039037,0.049899,2
n10,13,14,75,"0, 1, 1, 1, 1, 2, 1, 1, 1, 1, 1, 1, 2",2,1.0769230769230769,2,0.9615384615384616,n10o0.95-9.rcp,MULTIFLOW,2.0,0,11.0,11.0,0.0,0.014973,0.0,2
n10,13,16,73,"0, 1, 1, 1, 1, 2, 2, 2, 1, 1, 1, 1, 2",2,1.2307692307692308,4,0.9358974358974359,n10os0.9-1.rcp,FEASIBILITY,3.0,0,4.0,4.0,0.0,0.075462,0.123603,2
n10,13,16,73,"0, 1, 1, 1, 1, 2, 2, 2, 1, 1, 1, 1, 2",2,1.2307692307692308,4,0.9358974358974359,n10os0.9-1.rcp,MULTIFLOW,3.0,0,10.0,10.0,0.0,0.017042,0.0,2
n10,13,15,73,"0, 1, 1, 1, 1, 1, 1, 1, 2, 1, 1, 2, 2",2,1.1538461538461537,3,0.9358974358974359,n10os0.9-10.rcp,FEASIBILITY,2.0,0,3.0,3.0,0.0,0.040008,0.05063,2
n10,13,15,73,"0, 1, 1, 1, 1, 1, 1, 1, 2, 1, 1, 2, 2",2,1.1538461538461537,3,0.9358974358974359,n10os0.9-10.rcp,MULTIFLOW,2.0,0,11.0,11.0,0.0,0.017273,0.0,2
n10,13,17,73,"0, 1, 1, 1, 2, 1, 1, 1, 2, 2, 2, 1, 2",2,1.3076923076923077,5,0.9358974358974359,n10os0.9-2.rcp,FEASIBILITY,3.0,0,4.0,4.0,0.0,0.072314,0.119918,2
n10,13,17,73,"0, 1, 1, 1, 2, 1, 1, 1, 2, 2, 2, 1, 2",2,1.3076923076923077,5,0.9358974358974359,n10os0.9-2.rcp,MULTIFLOW,3.0,0,10.0,10.0,0.0,0.01917,0.0,2
n10,13,15,73,"0, 1, 1, 1, 1, 1, 1, 1, 1, 3, 1, 1, 2",3,1.1538461538461537,2,0.9358974358974359,n10os0.9-3.rcp,FEASIBILITY,3.0,0,4.0,4.0,0.0,0.081881,0.120832,2
n10,13,15,73,"0, 1, 1, 1, 1, 1, 1, 1, 1, 3, 1, 1, 2",3,1.1538461538461537,2,0.9358974358974359,n10os0.9-3.rcp,MULTIFLOW,3.0,0,10.0,10.0,0.0,0.017804,0.0,2
n10,13,16,73,"0, 1, 1, 1, 2, 1, 1, 1, 1, 1, 2, 2, 2",2,1.2307692307692308,4,0.9358974358974359,n10os0.9-4.rcp,FEASIBILITY,3.0,0,4.0,4.0,0.0,0.082518,0.130445,2
n10,13,16,73,"0, 1, 1, 1, 2, 1, 1, 1, 1, 1, 2, 2, 2",2,1.2307692307692308,4,0.9358974358974359,n10os0.9-4.rcp,MULTIFLOW,3.0,1,10.0,10.0,0.0,0.018922,0.0,2
n10,13,17,73,"0, 1, 1, 1, 1, 2, 2, 2, 1, 1, 2, 1, 2",2,1.3076923076923077,5,0.9358974358974359,n10os0.9-5.rcp,FEASIBILITY,3.0,0,4.0,4.0,0.0,0.073833,0.1225,2
n10,13,17,73,"0, 1, 1, 1, 1, 2, 2, 2, 1, 1, 2, 1, 2",2,1.3076923076923077,5,0.9358974358974359,n10os0.9-5.rcp,MULTIFLOW,3.0,0,10.0,10.0,0.0,0.019961,0.0,2
n10,13,15,73,"0, 1, 1, 1, 1, 1, 2, 1, 1, 2, 1, 1, 2",2,1.1538461538461537,3,0.9358974358974359,n10os0.9-6.rcp,FEASIBILITY,2.0,0,3.0,3.0,0.0,0.038543,0.049243,2
n10,13,15,73,"0, 1, 1, 1, 1, 1, 2, 1, 1, 2, 1, 1, 2",2,1.1538461538461537,3,0.9358974358974359,n10os0.9-6.rcp,MULTIFLOW,2.0,0,11.0,11.0,0.0,0.017349,0.0,2
n10,13,16,73,"0, 1, 1, 1, 2, 1, 2, 2, 1, 1, 1, 2, 1",2,1.2307692307692308,4,0.9358974358974359,n10os0.9-7.rcp,FEASIBILITY,3.0,0,4.0,4.0,0.0,0.075266,0.123603,2
n10,13,16,73,"0, 1, 1, 1, 2, 1, 2, 2, 1, 1, 1, 2, 1",2,1.2307692307692308,4,0.9358974358974359,n10os0.9-7.rcp,MULTIFLOW,3.0,0,10.0,10.0,0.0,0.018259,0.0,2
n10,13,17,73,"0, 1, 1, 1, 1, 2, 2, 2, 1, 2, 2, 1, 1",2,1.3076923076923077,5,0.9358974358974359,n10os0.9-8.rcp,FEASIBILITY,3.0,0,4.0,4.0,0.0,0.081551,0.13072,2
n10,13,17,73,"0, 1, 1, 1, 1, 2, 2, 2, 1, 2, 2, 1, 1",2,1.3076923076923077,5,0.9358974358974359,n10os0.9-8.rcp,MULTIFLOW,3.0,0,10.0,10.0,0.0,0.019089,0.0,2
n10,13,15,73,"0, 1, 1, 1, 1, 1, 3, 1, 1, 1, 2, 1, 1",3,1.1538461538461537,2,0.9358974358974359,n10os0.9-9.rcp,FEASIBILITY,3.0,0,4.0,4.0,0.0,0.080795,0.11994,2
n10,13,15,73,"0, 1, 1, 1, 1, 1, 3, 1, 1, 1, 2, 1, 1",3,1.1538461538461537,2,0.9358974358974359,n10os0.9-9.rcp,MULTIFLOW,3.0,1,10.0,10.0,0.0,0.017832,0.0,2
n20,23,48,101,"0, 1, 1, 1, 1, 1, 1, 1, 1, 1, 1, 4, 1, 1, 5, 6, 4, 3, 3, 1, 1, 1, 8",8,2.0869565217391304,7,0.39920948616600793,n20o0.2-1.rcp,MULTIFLOW,9.0,1,14.0,14.0,0.0,2.758294,0.0,2
n20,23,45,101,"0, 1, 1, 1, 1, 1, 1, 1, 3, 2, 1, 1, 1, 1, 1, 7, 5, 3, 3, 1, 1, 1, 7",7,1.9565217391304348,7,0.39920948616600793,n20o0.2-10.rcp,MULTIFLOW,10.0,1,13.0,13.0,0.0,2.746728,0.0,2
n20,23,46,101,"0, 1, 1, 1, 1, 1, 2, 1, 1, 5, 2, 1, 1, 5, 4, 3, 1, 2, 1, 1, 1, 1, 9",9,2.0,8,0.39920948616600793,n20o0.2-2.rcp,MULTIFLOW,11.0,111,12.0,12.0,0.0,9.610974,0.0,2
n20,23,47,101,"0, 1, 1, 1, 1, 1, 1, 1, 1, 2, 2, 1, 1, 4, 4, 3, 4, 3, 3, 1, 1, 1, 9",9,2.0434782608695654,9,0.39920948616600793,n20o0.2-3.rcp,MULTIFLOW,11.0,163016,12.0,12.0,0.0,764.571532,0.0,2
n20,23,43,101,"0, 1, 1, 1, 1, 1, 1, 1, 2, 1, 1, 3, 3, 1, 3, 4, 2, 3, 2, 1, 1, 1, 8",8,1.8695652173913044,9,0.39920948616600793,n20o0.2-4.rcp,MULTIFLOW,10.0,1,13.0,13.0,0.0,2.781389,0.0,2
n20,23,50,101,"0, 1, 1, 1, 1, 1, 1, 1, 2, 1, 2, 1, 1, 5, 4, 5, 3, 4, 2, 2, 1, 1, 9",9,2.1739130434782608,10,0.39920948616600793,n20o0.2-5.rcp,MULTIFLOW,10.0,1656,13.0,13.0,0.0,56.743698,0.0,2
n20,23,51,101,"0, 1, 1, 1, 1, 1, 1, 1, 2, 1, 2, 1, 1, 6, 5, 5, 3, 2, 3, 2, 1, 1, 9",9,2.217391304347826,10,0.39920948616600793,n20o0.2-6.rcp,MULTIFLOW,10.0,725,13.0,13.0,0.0,20.792015,0.0,2
n20,23,48,101,"0, 1, 1, 1, 1, 1, 1, 1, 1, 1, 1, 1, 5, 4, 3, 4, 3, 2, 2, 2, 1, 1, 10",10,2.0869565217391304,9,0.39920948616600793,n20o0.2-7.rcp,FEASIBILITY,9.0,24169,10.0,10.0,0.0,2427.015549,2427.015549,2
n20,23,48,101,"0, 1, 1, 1, 1, 1, 1, 1, 1, 1, 1, 1, 5, 4, 3, 4, 3, 2, 2, 2, 1, 1, 10",10,2.0869565217391304,9,0.39920948616600793,n20o0.2-7.rcp,MULTIFLOW,9.0,21,14.0,14.0,0.0,7.368632,0.0,2
n20,23,46,101,"0, 1, 1, 1, 1, 1, 1, 1, 1, 4, 2, 2, 1, 1, 1, 4, 6, 3, 3, 2, 1, 1, 7",7,2.0,9,0.39920948616600793,n20o0.2-8.rcp,MULTIFLOW,10.0,91,13.0,13.0,0.0,10.117751,0.0,2
n20,23,51,101,"0, 1, 1, 1, 1, 1, 2, 1, 1, 1, 1, 1, 1, 6, 4, 5, 4, 2, 3, 2, 2, 1, 9",9,2.217391304347826,10,0.39920948616600793,n20o0.2-9.rcp,FEASIBILITY,9.0,13257,10.0,10.0,0.0,844.191948,3116.759376,2
n20,23,51,101,"0, 1, 1, 1, 1, 1, 2, 1, 1, 1, 1, 1, 1, 6, 4, 5, 4, 2, 3, 2, 2, 1, 9",9,2.217391304347826,10,0.39920948616600793,n20o0.2-9.rcp,MULTIFLOW,9.0,1,14.0,14.0,0.0,4.41065,0.0,2
n20,23,51,158,"0, 1, 1, 1, 1, 1, 1, 3, 1, 1, 4, 2, 2, 2, 3, 2, 2, 3, 3, 4, 4, 4, 5",5,2.217391304347826,14,0.6245059288537549,n20o0.5-1.rcp,FEASIBILITY,8.0,3488,9.0,9.0,0.0,151.748916,256.072991,2
n20,23,51,158,"0, 1, 1, 1, 1, 1, 1, 3, 1, 1, 4, 2, 2, 2, 3, 2, 2, 3, 3, 4, 4, 4, 5",5,2.217391304347826,14,0.6245059288537549,n20o0.5-1.rcp,MULTIFLOW,8.0,1,15.0,15.0,0.0,2.680035,0.0,2
n20,23,44,158,"0, 1, 1, 1, 1, 1, 1, 1, 2, 1, 3, 2, 2, 2, 3, 3, 1, 2, 4, 2, 2, 1, 7",7,1.9130434782608696,12,0.6245059288537549,n20o0.5-10.rcp,FEASIBILITY,7.0,1,8.0,8.0,0.0,20.9483,33.214748,2
n20,23,44,158,"0, 1, 1, 1, 1, 1, 1, 1, 2, 1, 3, 2, 2, 2, 3, 3, 1, 2, 4, 2, 2, 1, 7",7,1.9130434782608696,12,0.6245059288537549,n20o0.5-10.rcp,MULTIFLOW,7.0,1,16.0,16.0,0.0,1.326845,0.0,2
n20,23,57,158,"0, 1, 1, 1, 1, 1, 1, 3, 3, 2, 1, 1, 4, 3, 5, 3, 5, 3, 4, 2, 5, 3, 4",5,2.4782608695652173,14,0.6245059288537549,n20o0.5-2.rcp,FEASIBILITY,10.0,3070,11.0,11.0,0.0,293.455722,1936.010316,2
n20,23,57,158,"0, 1, 1, 1, 1, 1, 1, 3, 3, 2, 1, 1, 4, 3, 5, 3, 5, 3, 4, 2, 5, 3, 4",5,2.4782608695652173,14,0.6245059288537549,n20o0.5-2.rcp,MULTIFLOW,10.0,2168,13.0,13.0,0.0,52.427449,0.0,2
n20,23,56,158,"0, 1, 1, 1, 1, 1, 3, 1, 1, 2, 2, 3, 1, 1, 5, 4, 2, 5, 4, 5, 5, 2, 5",5,2.4347826086956523,13,0.6245059288537549,n20o0.5-3.rcp,FEASIBILITY,8.0,156,9.0,9.0,0.0,67.275519,101.049853,2
n20,23,56,158,"0, 1, 1, 1, 1, 1, 3, 1, 1, 2, 2, 3, 1, 1, 5, 4, 2, 5, 4, 5, 5, 2, 5",5,2.4347826086956523,13,0.6245059288537549,n20o0.5-3.rcp,MULTIFLOW,8.0,1,15.0,15.0,0.0,3.176361,0.0,2
n20,23,45,158,"0, 1, 1, 1, 1, 1, 1, 1, 4, 3, 2, 1, 1, 1, 1, 5, 3, 3, 2, 2, 2, 1, 7",7,1.9565217391304348,10,0.6245059288537549,n20o0.5-4.rcp,FEASIBILITY,8.0,4354,9.0,9.0,0.0,133.111297,166.151607,2
n20,23,45,158,"0, 1, 1, 1, 1, 1, 1, 1, 4, 3, 2, 1, 1, 1, 1, 5, 3, 3, 2, 2, 2, 1, 7",7,1.9565217391304348,10,0.6245059288537549,n20o0.5-4.rcp,MULTIFLOW,8.0,1,15.0,15.0,0.0,2.753394,0.0,2
n20,23,51,158,"0, 1, 1, 1, 1, 1, 1, 1, 1, 3, 1, 2, 2, 1, 2, 4, 3, 3, 4, 6, 4, 4, 4",6,2.217391304347826,12,0.6245059288537549,n20o0.5-5.rcp,FEASIBILITY,8.0,3824,9.0,9.0,0.0,138.159478,232.108607,2
n20,23,51,158,"0, 1, 1, 1, 1, 1, 1, 1, 1, 3, 1, 2, 2, 1, 2, 4, 3, 3, 4, 6, 4, 4, 4",6,2.217391304347826,12,0.6245059288537549,n20o0.5-5.rcp,MULTIFLOW,8.0,1,15.0,15.0,0.0,1.482894,0.0,2
n20,23,57,158,"0, 1, 1, 1, 1, 1, 1, 2, 1, 1, 2, 1, 3, 3, 4, 4, 3, 2, 5, 6, 5, 5, 4",6,2.4782608695652173,13,0.6245059288537549,n20o0.5-6.rcp,FEASIBILITY,9.0,1821,10.0,10.0,0.0,182.558437,674.392818,2
n20,23,57,158,"0, 1, 1, 1, 1, 1, 1, 2, 1, 1, 2, 1, 3, 3, 4, 4, 3, 2, 5, 6, 5, 5, 4",6,2.4782608695652173,13,0.6245059288537549,n20o0.5-6.rcp,MULTIFLOW,9.0,272,14.0,14.0,0.0,6.758714,0.0,2
n20,23,52,158,"0, 1, 1, 1, 1, 1, 1, 1, 3, 1, 1, 3, 1, 3, 1, 3, 3, 5, 5, 5, 4, 4, 3",5,2.260869565217391,11,0.6245059288537549,n20o0.5-7.rcp,FEASIBILITY,7.0,1120,8.0,8.0,0.0,55.632313,68.777543,2
n20,23,52,158,"0, 1, 1, 1, 1, 1, 1, 1, 3, 1, 1, 3, 1, 3, 1, 3, 3, 5, 5, 5, 4, 4, 3",5,2.260869565217391,11,0.6245059288537549,n20o0.5-7.rcp,MULTIFLOW,7.0,1,16.0,16.0,0.0,2.749505,0.0,2
n20,23,58,158,"0, 1, 1, 1, 1, 1, 1, 1, 3, 2, 1, 1, 3, 5, 4, 3, 4, 3, 7, 2, 5, 4, 4",7,2.5217391304347827,13,0.6245059288537549,n20o0.5-8.rcp,FEASIBILITY,8.0,7965,9.0,9.0,0.0,181.361502,221.507866,2
n20,23,58,158,"0, 1, 1, 1, 1, 1, 1, 1, 3, 2, 1, 1, 3, 5, 4, 3, 4, 3, 7, 2, 5, 4, 4",7,2.5217391304347827,13,0.6245059288537549,n20o0.5-8.rcp,MULTIFLOW,8.0,237,15.0,15.0,0.0,9.441568,0.0,2
n20,23,46,158,"0, 1, 1, 1, 1, 1, 3, 1, 1, 2, 3, 2, 1, 3, 3, 1, 3, 3, 3, 3, 3, 2, 4",4,2.0,13,0.6245059288537549,n20o0.5-9.rcp,FEASIBILITY,10.0,1,11.0,11.0,0.0,94.234446,2066.900322,2
n20,23,46,158,"0, 1, 1, 1, 1, 1, 3, 1, 1, 2, 3, 2, 1, 3, 3, 1, 3, 3, 3, 3, 3, 2, 4",4,2.0,13,0.6245059288537549,n20o0.5-9.rcp,MULTIFLOW,10.0,29072,13.0,13.0,0.0,137.467511,0.0,2
n20,23,50,196,"0, 1, 1, 1, 1, 2, 1, 3, 3, 3, 1, 3, 1, 3, 2, 2, 2, 4, 4, 3, 2, 2, 5",5,2.1739130434782608,15,0.7747035573122529,n20o0.7-1.rcp,FEASIBILITY,9.0,1,10.0,10.0,0.0,46.487875,77.061301,2
n20,23,50,196,"0, 1, 1, 1, 1, 2, 1, 3, 3, 3, 1, 3, 1, 3, 2, 2, 2, 4, 4, 3, 2, 2, 5",5,2.1739130434782608,15,0.7747035573122529,n20o0.7-1.rcp,MULTIFLOW,9.0,1,14.0,14.0,0.0,1.179745,0.0,2
n20,23,46,196,"0, 1, 1, 1, 1, 3, 1, 1, 1, 1, 2, 4, 3, 2, 3, 3, 2, 3, 3, 2, 1, 3, 4",4,2.0,13,0.7747035573122529,n20o0.7-10.rcp,FEASIBILITY,9.0,1,10.0,10.0,0.0,23.416467,55.773814,2
n20,23,46,196,"0, 1, 1, 1, 1, 3, 1, 1, 1, 1, 2, 4, 3, 2, 3, 3, 2, 3, 3, 2, 1, 3, 4",4,2.0,13,0.7747035573122529,n20o0.7-10.rcp,MULTIFLOW,9.0,1,14.0,14.0,0.0,0.434017,0.0,2
n20,23,41,196,"0, 1, 1, 1, 1, 1, 1, 3, 1, 1, 5, 4, 2, 1, 2, 2, 2, 1, 1, 2, 3, 3, 2",5,1.7826086956521738,11,0.7747035573122529,n20o0.7-2.rcp,FEASIBILITY,9.0,1,10.0,10.0,0.0,35.3306,91.790986,2
n20,23,41,196,"0, 1, 1, 1, 1, 1, 1, 3, 1, 1, 5, 4, 2, 1, 2, 2, 2, 1, 1, 2, 3, 3, 2",5,1.7826086956521738,11,0.7747035573122529,n20o0.7-2.rcp,MULTIFLOW,9.0,1,14.0,14.0,0.0,0.830175,0.0,2
n20,23,42,196,"0, 1, 1, 1, 1, 1, 1, 1, 1, 2, 3, 2, 2, 2, 4, 2, 1, 3, 2, 3, 2, 2, 4",4,1.826086956521739,13,0.7747035573122529,n20o0.7-3.rcp,FEASIBILITY,8.0,1,9.0,9.0,0.0,17.823543,31.430547,2
n20,23,42,196,"0, 1, 1, 1, 1, 1, 1, 1, 1, 2, 3, 2, 2, 2, 4, 2, 1, 3, 2, 3, 2, 2, 4",4,1.826086956521739,13,0.7747035573122529,n20o0.7-3.rcp,MULTIFLOW,8.0,1,15.0,15.0,0.0,0.560093,0.0,2
n20,23,43,196,"0, 1, 1, 1, 1, 1, 1, 2, 1, 3, 1, 3, 2, 1, 2, 2, 2, 2, 3, 3, 2, 2, 6",6,1.8695652173913044,13,0.7747035573122529,n20o0.7-4.rcp,FEASIBILITY,9.0,1,10.0,10.0,0.0,33.972649,74.367356,2
n20,23,43,196,"0, 1, 1, 1, 1, 1, 1, 2, 1, 3, 1, 3, 2, 1, 2, 2, 2, 2, 3, 3, 2, 2, 6",6,1.8695652173913044,13,0.7747035573122529,n20o0.7-4.rcp,MULTIFLOW,9.0,1,14.0,14.0,0.0,0.952109,0.0,2
n20,23,50,196,"0, 1, 1, 1, 1, 1, 1, 5, 3, 1, 5, 1, 4, 2, 2, 2, 1, 4, 4, 2, 2, 3, 3",5,2.1739130434782608,13,0.7747035573122529,n20o0.7-5.rcp,FEASIBILITY,9.0,7032,10.0,10.0,0.0,103.678361,146.225789,2
n20,23,50,196,"0, 1, 1, 1, 1, 1, 1, 5, 3, 1, 5, 1, 4, 2, 2, 2, 1, 4, 4, 2, 2, 3, 3",5,2.1739130434782608,13,0.7747035573122529,n20o0.7-5.rcp,MULTIFLOW,9.0,1,14.0,14.0,0.0,1.302344,0.0,2
n20,23,56,196,"0, 1, 1, 1, 1, 1, 1, 4, 3, 2, 2, 5, 2, 2, 2, 4, 4, 4, 3, 3, 3, 2, 5",5,2.4347826086956523,16,0.7747035573122529,n20o0.7-6.rcp,FEASIBILITY,9.0,1,10.0,10.0,0.0,40.306142,68.507495,2
n20,23,56,196,"0, 1, 1, 1, 1, 1, 1, 4, 3, 2, 2, 5, 2, 2, 2, 4, 4, 4, 3, 3, 3, 2, 5",5,2.4347826086956523,16,0.7747035573122529,n20o0.7-6.rcp,MULTIFLOW,9.0,1,14.0,14.0,0.0,0.482924,0.0,2
n20,23,53,196,"0, 1, 1, 1, 1, 1, 2, 3, 3, 2, 3, 1, 3, 5, 3, 6, 2, 1, 4, 2, 2, 3, 3",6,2.3043478260869565,15,0.7747035573122529,n20o0.7-7.rcp,FEASIBILITY,8.0,1,9.0,9.0,0.0,16.114468,28.68886,2
n20,23,53,196,"0, 1, 1, 1, 1, 1, 2, 3, 3, 2, 3, 1, 3, 5, 3, 6, 2, 1, 4, 2, 2, 3, 3",6,2.3043478260869565,15,0.7747035573122529,n20o0.7-7.rcp,MULTIFLOW,8.0,1,15.0,15.0,0.0,0.899869,0.0,2
n20,23,48,196,"0, 1, 1, 1, 1, 1, 1, 1, 3, 2, 1, 4, 2, 5, 3, 2, 2, 2, 3, 3, 3, 2, 4",5,2.0869565217391304,14,0.7747035573122529,n20o0.7-8.rcp,FEASIBILITY,8.0,1,9.0,9.0,0.0,19.459361,33.193392,2
n20,23,48,196,"0, 1, 1, 1, 1, 1, 1, 1, 3, 2, 1, 4, 2, 5, 3, 2, 2, 2, 3, 3, 3, 2, 4",5,2.0869565217391304,14,0.7747035573122529,n20o0.7-8.rcp,MULTIFLOW,8.0,1,15.0,15.0,0.0,0.408372,0.0,2
n20,23,62,196,"0, 1, 1, 1, 1, 1, 1, 3, 3, 3, 3, 3, 4, 3, 5, 4, 3, 3, 4, 3, 3, 5, 4",5,2.6956521739130435,16,0.7747035573122529,n20o0.7-9.rcp,FEASIBILITY,10.0,12113,11.0,11.0,0.0,239.65452,341.238083,2
n20,23,62,196,"0, 1, 1, 1, 1, 1, 1, 3, 3, 3, 3, 3, 4, 3, 5, 4, 3, 3, 4, 3, 3, 5, 4",5,2.6956521739130435,16,0.7747035573122529,n20o0.7-9.rcp,MULTIFLOW,10.0,211,13.0,13.0,0.0,5.608799,0.0,2
n20,23,42,215,"0, 1, 1, 1, 1, 2, 1, 1, 2, 1, 2, 2, 2, 2, 1, 1, 4, 3, 2, 3, 4, 3, 2",4,1.826086956521739,13,0.849802371541502,n20o0.8-1.rcp,FEASIBILITY,7.0,1,8.0,8.0,0.0,5.728618,9.863671,2
n20,23,42,215,"0, 1, 1, 1, 1, 2, 1, 1, 2, 1, 2, 2, 2, 2, 1, 1, 4, 3, 2, 3, 4, 3, 2",4,1.826086956521739,13,0.849802371541502,n20o0.8-1.rcp,MULTIFLOW,7.0,1,16.0,16.0,0.0,0.203544,0.0,2
n20,23,44,215,"0, 1, 1, 1, 1, 1, 1, 2, 1, 3, 3, 3, 3, 3, 2, 3, 3, 2, 3, 1, 2, 2, 2",3,1.9130434782608696,14,0.849802371541502,n20o0.8-10.rcp,FEASIBILITY,7.0,1,8.0,8.0,0.0,7.17324,11.596013,2
n20,23,44,215,"0, 1, 1, 1, 1, 1, 1, 2, 1, 3, 3, 3, 3, 3, 2, 3, 3, 2, 3, 1, 2, 2, 2",3,1.9130434782608696,14,0.849802371541502,n20o0.8-10.rcp,MULTIFLOW,7.0,1,16.0,16.0,0.0,0.305308,0.0,2
n20,23,42,215,"0, 1, 1, 1, 1, 1, 1, 3, 3, 2, 3, 2, 1, 1, 3, 1, 3, 3, 3, 1, 3, 1, 3",3,1.826086956521739,11,0.849802371541502,n20o0.8-2.rcp,FEASIBILITY,8.0,1,9.0,9.0,0.0,15.561162,28.204149,2
n20,23,42,215,"0, 1, 1, 1, 1, 1, 1, 3, 3, 2, 3, 2, 1, 1, 3, 1, 3, 3, 3, 1, 3, 1, 3",3,1.826086956521739,11,0.849802371541502,n20o0.8-2.rcp,MULTIFLOW,8.0,1,15.0,15.0,0.0,0.249339,0.0,2
n20,23,40,215,"0, 1, 1, 1, 1, 1, 1, 2, 1, 4, 3, 3, 3, 1, 1, 1, 1, 2, 1, 3, 3, 2, 3",4,1.7391304347826086,10,0.849802371541502,n20o0.8-3.rcp,FEASIBILITY,8.0,1,9.0,9.0,0.0,16.188968,28.814151,2
n20,23,40,215,"0, 1, 1, 1, 1, 1, 1, 2, 1, 4, 3, 3, 3, 1, 1, 1, 1, 2, 1, 3, 3, 2, 3",4,1.7391304347826086,10,0.849802371541502,n20o0.8-3.rcp,MULTIFLOW,8.0,1,15.0,15.0,0.0,0.160422,0.0,2
n20,23,43,215,"0, 1, 1, 1, 1, 1, 3, 2, 2, 1, 1, 3, 2, 4, 2, 3, 1, 6, 2, 1, 2, 2, 1",6,1.8695652173913044,12,0.849802371541502,n20o0.8-4.rcp,FEASIBILITY,8.0,1,9.0,9.0,0.0,13.228368,27.100018,2
n20,23,43,215,"0, 1, 1, 1, 1, 1, 3, 2, 2, 1, 1, 3, 2, 4, 2, 3, 1, 6, 2, 1, 2, 2, 1",6,1.8695652173913044,12,0.849802371541502,n20o0.8-4.rcp,MULTIFLOW,8.0,1,15.0,15.0,0.0,0.284694,0.0,2
n20,23,40,215,"0, 1, 1, 1, 1, 2, 1, 1, 3, 1, 2, 1, 2, 3, 3, 4, 2, 2, 1, 2, 1, 2, 3",4,1.7391304347826086,12,0.849802371541502,n20o0.8-5.rcp,FEASIBILITY,7.0,1,8.0,8.0,0.0,6.12962,10.430282,2
n20,23,40,215,"0, 1, 1, 1, 1, 2, 1, 1, 3, 1, 2, 1, 2, 3, 3, 4, 2, 2, 1, 2, 1, 2, 3",4,1.7391304347826086,12,0.849802371541502,n20o0.8-5.rcp,MULTIFLOW,7.0,1,16.0,16.0,0.0,0.277139,0.0,2
n20,23,42,215,"0, 1, 1, 1, 1, 1, 2, 2, 2, 2, 1, 2, 3, 2, 3, 4, 2, 2, 2, 2, 1, 2, 3",4,1.826086956521739,15,0.849802371541502,n20o0.8-6.rcp,FEASIBILITY,7.0,1,8.0,8.0,0.0,5.176287,8.651722,2
n20,23,42,215,"0, 1, 1, 1, 1, 1, 2, 2, 2, 2, 1, 2, 3, 2, 3, 4, 2, 2, 2, 2, 1, 2, 3",4,1.826086956521739,15,0.849802371541502,n20o0.8-6.rcp,MULTIFLOW,7.0,1,16.0,16.0,0.0,0.259861,0.0,2
n20,23,39,215,"0, 1, 1, 1, 1, 2, 2, 2, 3, 1, 1, 2, 1, 2, 1, 2, 2, 2, 2, 3, 3, 1, 3",3,1.6956521739130435,13,0.849802371541502,n20o0.8-7.rcp,FEASIBILITY,7.0,0,8.0,8.0,0.0,6.037847,10.597415,2
n20,23,39,215,"0, 1, 1, 1, 1, 2, 2, 2, 3, 1, 1, 2, 1, 2, 1, 2, 2, 2, 2, 3, 3, 1, 3",3,1.6956521739130435,13,0.849802371541502,n20o0.8-7.rcp,MULTIFLOW,7.0,1,16.0,16.0,0.0,0.174849,0.0,2
n20,23,42,215,"0, 1, 1, 1, 1, 1, 1, 2, 2, 4, 3, 2, 2, 1, 1, 2, 3, 3, 3, 2, 2, 2, 2",4,1.826086956521739,14,0.849802371541502,n20o0.8-8.rcp,FEASIBILITY,7.0,0,8.0,8.0,0.0,5.67936,9.821757,2
n20,23,42,215,"0, 1, 1, 1, 1, 1, 1, 2, 2, 4, 3, 2, 2, 1, 1, 2, 3, 3, 3, 2, 2, 2, 2",4,1.826086956521739,14,0.849802371541502,n20o0.8-8.rcp,MULTIFLOW,7.0,1,16.0,16.0,0.0,0.180164,0.0,2
n20,23,41,215,"0, 1, 1, 1, 1, 1, 1, 2, 3, 2, 3, 1, 1, 3, 3, 2, 2, 2, 2, 1, 2, 2, 4",4,1.7826086956521738,13,0.849802371541502,n20o0.8-9.rcp,FEASIBILITY,7.0,1,8.0,8.0,0.0,5.756452,9.183106,2
n20,23,41,215,"0, 1, 1, 1, 1, 1, 1, 2, 3, 2, 3, 1, 1, 3, 3, 2, 2, 2, 2, 1, 2, 2, 4",4,1.7826086956521738,13,0.849802371541502,n20o0.8-9.rcp,MULTIFLOW,7.0,1,16.0,16.0,0.0,0.192317,0.0,2
n20,23,35,234,"0, 1, 1, 1, 1, 3, 1, 1, 2, 2, 1, 2, 2, 3, 2, 2, 1, 2, 2, 1, 2, 1, 1",3,1.5217391304347827,11,0.924901185770751,n20o0.9-1.rcp,FEASIBILITY,7.0,0,8.0,8.0,0.0,4.853653,8.140727,2
n20,23,35,234,"0, 1, 1, 1, 1, 3, 1, 1, 2, 2, 1, 2, 2, 3, 2, 2, 1, 2, 2, 1, 2, 1, 1",3,1.5217391304347827,11,0.924901185770751,n20o0.9-1.rcp,MULTIFLOW,7.0,1,16.0,16.0,0.0,0.076119,0.0,2
n20,23,35,234,"0, 1, 1, 1, 1, 1, 3, 1, 2, 2, 1, 3, 1, 3, 2, 1, 1, 2, 1, 1, 2, 2, 2",3,1.5217391304347827,10,0.924901185770751,n20o0.9-10.rcp,FEASIBILITY,7.0,0,8.0,8.0,0.0,4.832298,8.193217,2
n20,23,35,234,"0, 1, 1, 1, 1, 1, 3, 1, 2, 2, 1, 3, 1, 3, 2, 1, 1, 2, 1, 1, 2, 2, 2",3,1.5217391304347827,10,0.924901185770751,n20o0.9-10.rcp,MULTIFLOW,7.0,1,16.0,16.0,0.0,0.110912,0.0,2
n20,23,35,234,"0, 1, 1, 1, 1, 1, 2, 2, 3, 3, 2, 1, 2, 2, 2, 1, 2, 1, 1, 1, 2, 1, 2",3,1.5217391304347827,11,0.924901185770751,n20o0.9-2.rcp,FEASIBILITY,5.0,0,6.0,6.0,0.0,0.766002,1.524063,2
n20,23,35,234,"0, 1, 1, 1, 1, 1, 2, 2, 3, 3, 2, 1, 2, 2, 2, 1, 2, 1, 1, 1, 2, 1, 2",3,1.5217391304347827,11,0.924901185770751,n20o0.9-2.rcp,MULTIFLOW,5.0,1,18.0,18.0,0.0,0.087808,0.0,2
n20,23,31,234,"0, 1, 1, 1, 1, 1, 2, 2, 2, 2, 1, 2, 1, 3, 1, 1, 1, 1, 1, 1, 3, 1, 1",3,1.3478260869565217,7,0.924901185770751,n20o0.9-3.rcp,FEASIBILITY,5.0,0,6.0,6.0,0.0,1.305615,2.060111,2
n20,23,31,234,"0, 1, 1, 1, 1, 1, 2, 2, 2, 2, 1, 2, 1, 3, 1, 1, 1, 1, 1, 1, 3, 1, 1",3,1.3478260869565217,7,0.924901185770751,n20o0.9-3.rcp,MULTIFLOW,5.0,1,18.0,18.0,0.0,0.087477,0.0,2
n20,23,35,234,"0, 1, 1, 1, 1, 1, 1, 3, 1, 1, 1, 2, 2, 2, 3, 1, 1, 1, 3, 3, 2, 2, 1",3,1.5217391304347827,9,0.924901185770751,n20o0.9-4.rcp,FEASIBILITY,8.0,1,9.0,9.0,0.0,11.936397,22.182424,2
n20,23,35,234,"0, 1, 1, 1, 1, 1, 1, 3, 1, 1, 1, 2, 2, 2, 3, 1, 1, 1, 3, 3, 2, 2, 1",3,1.5217391304347827,9,0.924901185770751,n20o0.9-4.rcp,MULTIFLOW,8.0,1,15.0,15.0,0.0,0.076429,0.0,2
n20,23,32,234,"0, 1, 1, 1, 1, 2, 1, 1, 2, 1, 2, 1, 1, 1, 2, 1, 1, 1, 3, 1, 2, 2, 3",3,1.391304347826087,8,0.924901185770751,n20o0.9-5.rcp,FEASIBILITY,5.0,0,6.0,6.0,0.0,1.259928,2.017824,2
n20,23,32,234,"0, 1, 1, 1, 1, 2, 1, 1, 2, 1, 2, 1, 1, 1, 2, 1, 1, 1, 3, 1, 2, 2, 3",3,1.391304347826087,8,0.924901185770751,n20o0.9-5.rcp,MULTIFLOW,5.0,1,18.0,18.0,0.0,0.084485,0.0,2
n20,23,34,234,"0, 1, 1, 1, 1, 1, 1, 1, 1, 2, 1, 2, 2, 2, 2, 2, 1, 2, 2, 2, 1, 2, 3",3,1.4782608695652173,11,0.924901185770751,n20o0.9-6.rcp,FEASIBILITY,6.0,0,7.0,7.0,0.0,1.997606,3.531349,2
n20,23,34,234,"0, 1, 1, 1, 1, 1, 1, 1, 1, 2, 1, 2, 2, 2, 2, 2, 1, 2, 2, 2, 1, 2, 3",3,1.4782608695652173,11,0.924901185770751,n20o0.9-6.rcp,MULTIFLOW,6.0,1,17.0,17.0,0.0,0.091966,0.0,2
n20,23,34,234,"0, 1, 1, 1, 1, 2, 2, 2, 2, 1, 2, 2, 2, 1, 2, 2, 1, 2, 2, 1, 1, 1, 2",2,1.4782608695652173,12,0.924901185770751,n20o0.9-7.rcp,FEASIBILITY,7.0,0,8.0,8.0,0.0,4.437777,7.863179,2
n20,23,34,234,"0, 1, 1, 1, 1, 2, 2, 2, 2, 1, 2, 2, 2, 1, 2, 2, 1, 2, 2, 1, 1, 1, 2",2,1.4782608695652173,12,0.924901185770751,n20o0.9-7.rcp,MULTIFLOW,7.0,1,16.0,16.0,0.0,0.095423,0.0,2
n20,23,32,234,"0, 1, 1, 1, 1, 2, 2, 1, 1, 2, 3, 1, 3, 2, 1, 2, 1, 2, 1, 1, 1, 1, 1",3,1.391304347826087,8,0.924901185770751,n20o0.9-8.rcp,FEASIBILITY,5.0,0,6.0,6.0,0.0,1.108048,1.882899,2
n20,23,32,234,"0, 1, 1, 1, 1, 2, 2, 1, 1, 2, 3, 1, 3, 2, 1, 2, 1, 2, 1, 1, 1, 1, 1",3,1.391304347826087,8,0.924901185770751,n20o0.9-8.rcp,MULTIFLOW,5.0,1,18.0,18.0,0.0,0.0917,0.0,2
n20,23,31,234,"0, 1, 1, 1, 1, 1, 2, 1, 2, 1, 2, 1, 1, 1, 1, 3, 1, 1, 3, 2, 1, 2, 1",3,1.3478260869565217,7,0.924901185770751,n20o0.9-9.rcp,FEASIBILITY,5.0,0,6.0,6.0,0.0,1.122024,1.875634,2
n20,23,31,234,"0, 1, 1, 1, 1, 1, 2, 1, 2, 1, 2, 1, 1, 1, 1, 3, 1, 1, 3, 2, 1, 2, 1",3,1.3478260869565217,7,0.924901185770751,n20o0.9-9.rcp,MULTIFLOW,5.0,1,18.0,18.0,0.0,0.083864,0.0,2
n20,23,26,243,"0, 1, 1, 1, 1, 2, 1, 2, 1, 1, 1, 1, 1, 1, 1, 3, 1, 1, 1, 1, 1, 1, 1",3,1.1304347826086956,3,0.9604743083003953,n20o0.95-1.rcp,FEASIBILITY,3.0,0,4.0,4.0,0.0,0.260765,0.378531,2
n20,23,26,243,"0, 1, 1, 1, 1, 2, 1, 2, 1, 1, 1, 1, 1, 1, 1, 3, 1, 1, 1, 1, 1, 1, 1",3,1.1304347826086956,3,0.9604743083003953,n20o0.95-1.rcp,MULTIFLOW,3.0,1,20.0,20.0,0.0,0.059713,0.0,2
n20,23,28,243,"0, 1, 1, 1, 2, 1, 1, 3, 1, 2, 2, 1, 1, 1, 1, 1, 1, 1, 1, 1, 1, 1, 2",3,1.2173913043478262,5,0.9604743083003953,n20o0.95-10.rcp,FEASIBILITY,3.0,0,4.0,4.0,0.0,0.223927,0.342327,2
n20,23,28,243,"0, 1, 1, 1, 2, 1, 1, 3, 1, 2, 2, 1, 1, 1, 1, 1, 1, 1, 1, 1, 1, 1, 2",3,1.2173913043478262,5,0.9604743083003953,n20o0.95-10.rcp,MULTIFLOW,3.0,1,20.0,20.0,0.0,0.056532,0.0,2
n20,23,30,243,"0, 1, 1, 1, 1, 1, 2, 1, 2, 2, 1, 2, 2, 1, 2, 2, 1, 1, 1, 1, 2, 1, 1",2,1.3043478260869565,8,0.9604743083003953,n20o0.95-2.rcp,FEASIBILITY,5.0,0,6.0,6.0,0.0,0.919709,1.687299,2
n20,23,30,243,"0, 1, 1, 1, 1, 1, 2, 1, 2, 2, 1, 2, 2, 1, 2, 2, 1, 1, 1, 1, 2, 1, 1",2,1.3043478260869565,8,0.9604743083003953,n20o0.95-2.rcp,MULTIFLOW,5.0,0,18.0,18.0,0.0,0.060743,0.0,2
n20,23,29,243,"0, 1, 1, 1, 1, 1, 2, 1, 1, 1, 1, 2, 1, 2, 1, 2, 1, 1, 1, 1, 2, 2, 2",2,1.2608695652173914,7,0.9604743083003953,n20o0.95-3.rcp,FEASIBILITY,5.0,0,6.0,6.0,0.0,1.078657,1.845578,2
n20,23,29,243,"0, 1, 1, 1, 1, 1, 2, 1, 1, 1, 1, 2, 1, 2, 1, 2, 1, 1, 1, 1, 2, 2, 2",2,1.2608695652173914,7,0.9604743083003953,n20o0.95-3.rcp,MULTIFLOW,5.0,1,18.0,18.0,0.0,0.058247,0.0,2
n20,23,27,243,"0, 1, 1, 1, 2, 2, 2, 1, 2, 1, 1, 1, 1, 1, 1, 1, 1, 1, 1, 1, 1, 1, 2",2,1.173913043478261,5,0.9604743083003953,n20o0.95-4.rcp,FEASIBILITY,4.0,0,5.0,5.0,0.0,0.535,0.894607,2
n20,23,27,243,"0, 1, 1, 1, 2, 2, 2, 1, 2, 1, 1, 1, 1, 1, 1, 1, 1, 1, 1, 1, 1, 1, 2",2,1.173913043478261,5,0.9604743083003953,n20o0.95-4.rcp,MULTIFLOW,4.0,1,19.0,19.0,0.0,0.052671,0.0,2
n20,23,28,243,"0, 1, 1, 1, 1, 2, 1, 1, 1, 1, 1, 2, 1, 2, 1, 1, 1, 1, 2, 2, 2, 1, 1",2,1.2173913043478262,6,0.9604743083003953,n20o0.95-5.rcp,FEASIBILITY,5.0,0,6.0,6.0,0.0,1.388068,2.149845,2
n20,23,28,243,"0, 1, 1, 1, 1, 2, 1, 1, 1, 1, 1, 2, 1, 2, 1, 1, 1, 1, 2, 2, 2, 1, 1",2,1.2173913043478262,6,0.9604743083003953,n20o0.95-5.rcp,MULTIFLOW,5.0,1,18.0,18.0,0.0,0.05864,0.0,2
n20,23,31,243,"0, 1, 1, 1, 1, 1, 1, 1, 2, 1, 2, 2, 1, 1, 1, 2, 2, 2, 1, 2, 2, 2, 1",2,1.3478260869565217,9,0.9604743083003953,n20o0.95-6.rcp,FEASIBILITY,5.0,0,6.0,6.0,0.0,0.867385,1.630193,2
n20,23,31,243,"0, 1, 1, 1, 1, 1, 1, 1, 2, 1, 2, 2, 1, 1, 1, 2, 2, 2, 1, 2, 2, 2, 1",2,1.3478260869565217,9,0.9604743083003953,n20o0.95-6.rcp,MULTIFLOW,5.0,1,18.0,18.0,0.0,0.06817,0.0,2
n20,23,32,243,"0, 1, 1, 1, 2, 1, 1, 1, 1, 2, 1, 1, 1, 1, 2, 2, 2, 1, 1, 2, 3, 2, 2",3,1.391304347826087,9,0.9604743083003953,n20o0.95-7.rcp,FEASIBILITY,6.0,0,7.0,7.0,0.0,2.454901,4.223736,2
n20,23,32,243,"0, 1, 1, 1, 2, 1, 1, 1, 1, 2, 1, 1, 1, 1, 2, 2, 2, 1, 1, 2, 3, 2, 2",3,1.391304347826087,9,0.9604743083003953,n20o0.95-7.rcp,MULTIFLOW,6.0,1,17.0,17.0,0.0,0.063201,0.0,2
n20,23,35,243,"0, 1, 1, 1, 1, 1, 2, 2, 2, 2, 2, 1, 2, 1, 2, 2, 2, 2, 1, 1, 2, 2, 2",2,1.5217391304347827,13,0.9604743083003953,n20o0.95-8.rcp,FEASIBILITY,7.0,0,8.0,8.0,0.0,2.773702,6.072435,2
n20,23,35,243,"0, 1, 1, 1, 1, 1, 2, 2, 2, 2, 2, 1, 2, 1, 2, 2, 2, 2, 1, 1, 2, 2, 2",2,1.5217391304347827,13,0.9604743083003953,n20o0.95-8.rcp,MULTIFLOW,7.0,0,16.0,16.0,0.0,0.070726,0.0,2
n20,23,30,243,"0, 1, 1, 1, 1, 1, 1, 2, 1, 1, 1, 1, 1, 2, 1, 1, 1, 2, 2, 2, 2, 2, 2",2,1.3043478260869565,8,0.9604743083003953,n20o0.95-9.rcp,FEASIBILITY,5.0,0,6.0,6.0,0.0,1.099519,1.868799,2
n20,23,30,243,"0, 1, 1, 1, 1, 1, 1, 2, 1, 1, 1, 1, 1, 2, 1, 1, 1, 2, 2, 2, 2, 2, 2",2,1.3043478260869565,8,0.9604743083003953,n20o0.95-9.rcp,MULTIFLOW,5.0,1,18.0,18.0,0.0,0.064756,0.0,2
n30,33,56,484,"0, 1, 1, 1, 2, 1, 2, 1, 1, 2, 1, 2, 1, 1, 2, 1, 2, 1, 3, 1, 3, 2, 1, 1, 3, 2, 2, 3, 2, 2, 2, 4, 2",4,1.696969696969697,18,0.9166666666666666,n30os0.9-1.rcp,FEASIBILITY,10.0,1,11.0,11.0,0.0,132.691356,330.904211,2
n30,33,56,484,"0, 1, 1, 1, 2, 1, 2, 1, 1, 2, 1, 2, 1, 1, 2, 1, 2, 1, 3, 1, 3, 2, 1, 1, 3, 2, 2, 3, 2, 2, 2, 4, 2",4,1.696969696969697,18,0.9166666666666666,n30os0.9-1.rcp,MULTIFLOW,10.0,1,23.0,23.0,0.0,0.348334,0.0,2
n30,33,55,484,"0, 1, 1, 1, 2, 1, 1, 1, 2, 1, 2, 1, 1, 1, 1, 3, 3, 2, 1, 2, 2, 2, 1, 1, 2, 2, 2, 2, 2, 3, 3, 2, 3",3,1.6666666666666667,18,0.9166666666666666,n30os0.9-10.rcp,FEASIBILITY,11.0,1,12.0,12.0,0.0,158.983707,468.53439,2
n30,33,55,484,"0, 1, 1, 1, 2, 1, 1, 1, 2, 1, 2, 1, 1, 1, 1, 3, 3, 2, 1, 2, 2, 2, 1, 1, 2, 2, 2, 2, 2, 3, 3, 2, 3",3,1.6666666666666667,18,0.9166666666666666,n30os0.9-10.rcp,MULTIFLOW,11.0,1,22.0,22.0,0.0,0.324347,0.0,2
n30,33,56,484,"0, 1, 1, 1, 1, 2, 1, 1, 3, 1, 1, 2, 1, 1, 1, 2, 3, 3, 1, 2, 2, 3, 2, 2, 3, 3, 3, 2, 3, 1, 1, 1, 1",3,1.696969696969697,16,0.9166666666666666,n30os0.9-2.rcp,FEASIBILITY,10.0,1,11.0,11.0,0.0,125.594299,304.433589,2
n30,33,56,484,"0, 1, 1, 1, 1, 2, 1, 1, 3, 1, 1, 2, 1, 1, 1, 2, 3, 3, 1, 2, 2, 3, 2, 2, 3, 3, 3, 2, 3, 1, 1, 1, 1",3,1.696969696969697,16,0.9166666666666666,n30os0.9-2.rcp,MULTIFLOW,10.0,1,23.0,23.0,0.0,0.375321,0.0,2
n30,33,52,484,"0, 1, 1, 1, 1, 1, 1, 2, 3, 2, 3, 2, 3, 2, 2, 1, 4, 1, 1, 1, 1, 2, 1, 1, 3, 1, 1, 1, 2, 1, 1, 3, 1",4,1.5757575757575757,13,0.9166666666666666,n30os0.9-3.rcp,FEASIBILITY,9.0,1,10.0,10.0,0.0,94.707482,184.243802,2
n30,33,52,484,"0, 1, 1, 1, 1, 1, 1, 2, 3, 2, 3, 2, 3, 2, 2, 1, 4, 1, 1, 1, 1, 2, 1, 1, 3, 1, 1, 1, 2, 1, 1, 3, 1",4,1.5757575757575757,13,0.9166666666666666,n30os0.9-3.rcp,MULTIFLOW,9.0,1,24.0,24.0,0.0,0.281182,0.0,2
n30,33,59,484,"0, 1, 1, 1, 1, 1, 1, 1, 3, 2, 2, 1, 2, 1, 2, 1, 2, 2, 2, 3, 2, 3, 3, 2, 2, 3, 2, 2, 2, 2, 2, 3, 1",3,1.7878787878787878,21,0.9166666666666666,n30os0.9-4.rcp,FEASIBILITY,9.0,1,10.0,10.0,0.0,88.958176,173.895882,2
n30,33,59,484,"0, 1, 1, 1, 1, 1, 1, 1, 3, 2, 2, 1, 2, 1, 2, 1, 2, 2, 2, 3, 2, 3, 3, 2, 2, 3, 2, 2, 2, 2, 2, 3, 1",3,1.7878787878787878,21,0.9166666666666666,n30os0.9-4.rcp,MULTIFLOW,9.0,1,24.0,24.0,0.0,0.345855,0.0,2
n30,33,53,484,"0, 1, 1, 1, 2, 1, 1, 2, 2, 1, 1, 2, 2, 1, 2, 1, 2, 1, 2, 1, 3, 2, 2, 1, 1, 3, 1, 3, 2, 2, 1, 3, 2",3,1.606060606060606,17,0.9166666666666666,n30os0.9-5.rcp,FEASIBILITY,10.0,1,11.0,11.0,0.0,122.836194,308.550528,2
n30,33,53,484,"0, 1, 1, 1, 2, 1, 1, 2, 2, 1, 1, 2, 2, 1, 2, 1, 2, 1, 2, 1, 3, 2, 2, 1, 1, 3, 1, 3, 2, 2, 1, 3, 2",3,1.606060606060606,17,0.9166666666666666,n30os0.9-5.rcp,MULTIFLOW,10.0,1,23.0,23.0,0.0,0.300823,0.0,2
n30,33,55,484,"0, 1, 1, 1, 1, 1, 2, 1, 2, 2, 1, 1, 2, 2, 2, 2, 3, 1, 3, 2, 1, 2, 2, 2, 2, 1, 2, 1, 3, 1, 3, 1, 3",3,1.6666666666666667,18,0.9166666666666666,n30os0.9-6.rcp,FEASIBILITY,8.0,1,9.0,9.0,0.0,60.450208,97.1185,2
n30,33,55,484,"0, 1, 1, 1, 1, 1, 2, 1, 2, 2, 1, 1, 2, 2, 2, 2, 3, 1, 3, 2, 1, 2, 2, 2, 2, 1, 2, 1, 3, 1, 3, 1, 3",3,1.6666666666666667,18,0.9166666666666666,n30os0.9-6.rcp,MULTIFLOW,8.0,1,25.0,25.0,0.0,0.303754,0.0,2
n30,33,57,484,"0, 1, 1, 1, 1, 1, 3, 3, 2, 1, 1, 1, 1, 2, 2, 2, 1, 2, 1, 2, 2, 2, 1, 3, 1, 1, 2, 4, 3, 2, 2, 2, 3",4,1.7272727272727273,18,0.9166666666666666,n30os0.9-7.rcp,FEASIBILITY,12.0,1,13.0,13.0,0.0,198.753132,658.56174,2
n30,33,57,484,"0, 1, 1, 1, 1, 1, 3, 3, 2, 1, 1, 1, 1, 2, 2, 2, 1, 2, 1, 2, 2, 2, 1, 3, 1, 1, 2, 4, 3, 2, 2, 2, 3",4,1.7272727272727273,18,0.9166666666666666,n30os0.9-7.rcp,MULTIFLOW,12.0,1,21.0,21.0,0.0,0.361158,0.0,2
n30,33,58,484,"0, 1, 1, 1, 1, 2, 2, 1, 2, 2, 2, 3, 3, 1, 2, 1, 1, 2, 2, 2, 1, 2, 1, 2, 2, 3, 1, 2, 3, 3, 1, 2, 3",3,1.7575757575757576,20,0.9166666666666666,n30os0.9-8.rcp,FEASIBILITY,12.0,1,13.0,13.0,0.0,192.593702,648.901404,2
n30,33,58,484,"0, 1, 1, 1, 1, 2, 2, 1, 2, 2, 2, 3, 3, 1, 2, 1, 1, 2, 2, 2, 1, 2, 1, 2, 2, 3, 1, 2, 3, 3, 1, 2, 3",3,1.7575757575757576,20,0.9166666666666666,n30os0.9-8.rcp,MULTIFLOW,12.0,1,21.0,21.0,0.0,0.437815,0.0,2
n30,33,58,484,"0, 1, 1, 1, 1, 1, 3, 2, 2, 1, 2, 2, 3, 1, 2, 2, 1, 2, 2, 2, 2, 2, 3, 2, 2, 1, 1, 1, 1, 3, 3, 2, 3",3,1.7575757575757576,20,0.9166666666666666,n30os0.9-9.rcp,FEASIBILITY,10.0,1,11.0,11.0,0.0,117.325021,297.981071,2
n30,33,58,484,"0, 1, 1, 1, 1, 1, 3, 2, 2, 1, 2, 2, 3, 1, 2, 2, 1, 2, 2, 2, 2, 2, 3, 2, 2, 1, 1, 1, 1, 3, 3, 2, 3",3,1.7575757575757576,20,0.9166666666666666,n30os0.9-9.rcp,MULTIFLOW,10.0,1,23.0,23.0,0.0,0.710606,0.0,2
n30,33,46,506,"0, 1, 1, 1, 1, 1, 2, 2, 2, 1, 1, 1, 1, 1, 2, 2, 1, 1, 2, 2, 2, 3, 1, 1, 1, 2, 1, 2, 1, 2, 1, 2, 1",3,1.393939393939394,13,0.9583333333333334,n30os0.95-1.rcp,FEASIBILITY,7.0,1,8.0,8.0,0.0,26.977771,34.340613,2
n30,33,46,506,"0, 1, 1, 1, 1, 1, 2, 2, 2, 1, 1, 1, 1, 1, 2, 2, 1, 1, 2, 2, 2, 3, 1, 1, 1, 2, 1, 2, 1, 2, 1, 2, 1",3,1.393939393939394,13,0.9583333333333334,n30os0.95-1.rcp,MULTIFLOW,7.0,1,26.0,26.0,0.0,0.177203,0.0,2
n30,33,46,506,"0, 1, 1, 1, 1, 1, 2, 1, 1, 1, 1, 1, 1, 2, 2, 2, 1, 2, 2, 1, 1, 1, 1, 1, 1, 2, 2, 3, 2, 2, 2, 2, 1",3,1.393939393939394,13,0.9583333333333334,n30os0.95-10.rcp,FEASIBILITY,7.0,1,8.0,8.0,0.0,31.35852,40.75803,2
n30,33,46,506,"0, 1, 1, 1, 1, 1, 2, 1, 1, 1, 1, 1, 1, 2, 2, 2, 1, 2, 2, 1, 1, 1, 1, 1, 1, 2, 2, 3, 2, 2, 2, 2, 1",3,1.393939393939394,13,0.9583333333333334,n30os0.95-10.rcp,MULTIFLOW,7.0,1,26.0,26.0,0.0,0.176977,0.0,2
n30,33,48,506,"0, 1, 1, 1, 1, 1, 2, 2, 2, 1, 1, 2, 1, 2, 2, 1, 1, 1, 1, 2, 1, 2, 2, 3, 3, 2, 1, 2, 2, 1, 1, 1, 1",3,1.4545454545454546,14,0.9583333333333334,n30os0.95-2.rcp,FEASIBILITY,9.0,1,10.0,10.0,0.0,89.445809,176.864636,2
n30,33,48,506,"0, 1, 1, 1, 1, 1, 2, 2, 2, 1, 1, 2, 1, 2, 2, 1, 1, 1, 1, 2, 1, 2, 2, 3, 3, 2, 1, 2, 2, 1, 1, 1, 1",3,1.4545454545454546,14,0.9583333333333334,n30os0.95-2.rcp,MULTIFLOW,9.0,1,24.0,24.0,0.0,0.173723,0.0,2
n30,33,48,506,"0, 1, 1, 1, 1, 1, 2, 1, 1, 1, 2, 2, 2, 2, 2, 1, 3, 2, 2, 1, 1, 2, 1, 1, 2, 2, 2, 1, 1, 2, 1, 1, 2",3,1.4545454545454546,15,0.9583333333333334,n30os0.95-3.rcp,FEASIBILITY,9.0,1,10.0,10.0,0.0,87.562299,169.612874,2
n30,33,48,506,"0, 1, 1, 1, 1, 1, 2, 1, 1, 1, 2, 2, 2, 2, 2, 1, 3, 2, 2, 1, 1, 2, 1, 1, 2, 2, 2, 1, 1, 2, 1, 1, 2",3,1.4545454545454546,15,0.9583333333333334,n30os0.95-3.rcp,MULTIFLOW,9.0,1,24.0,24.0,0.0,0.184425,0.0,2
n30,33,48,506,"0, 1, 1, 1, 1, 2, 1, 2, 1, 1, 1, 2, 2, 1, 2, 2, 2, 2, 1, 1, 1, 2, 1, 1, 1, 3, 2, 2, 1, 2, 2, 1, 2",3,1.4545454545454546,15,0.9583333333333334,n30os0.95-4.rcp,FEASIBILITY,8.0,1,9.0,9.0,0.0,58.345115,93.438801,2
n30,33,48,506,"0, 1, 1, 1, 1, 2, 1, 2, 1, 1, 1, 2, 2, 1, 2, 2, 2, 2, 1, 1, 1, 2, 1, 1, 1, 3, 2, 2, 1, 2, 2, 1, 2",3,1.4545454545454546,15,0.9583333333333334,n30os0.95-4.rcp,MULTIFLOW,8.0,1,25.0,25.0,0.0,0.207804,0.0,2
n30,33,44,506,"0, 1, 1, 1, 1, 1, 1, 1, 1, 1, 2, 2, 1, 2, 2, 1, 2, 2, 1, 1, 2, 2, 1, 1, 1, 1, 1, 1, 2, 2, 1, 3, 1",3,1.3333333333333333,11,0.9583333333333334,n30os0.95-5.rcp,FEASIBILITY,6.0,0,7.0,7.0,0.0,6.13242,9.314974,2
n30,33,44,506,"0, 1, 1, 1, 1, 1, 1, 1, 1, 1, 2, 2, 1, 2, 2, 1, 2, 2, 1, 1, 2, 2, 1, 1, 1, 1, 1, 1, 2, 2, 1, 3, 1",3,1.3333333333333333,11,0.9583333333333334,n30os0.95-5.rcp,MULTIFLOW,6.0,1,27.0,27.0,0.0,0.196026,0.0,2
n30,33,48,506,"0, 1, 1, 1, 1, 1, 1, 2, 2, 2, 1, 2, 2, 1, 1, 1, 1, 3, 3, 2, 2, 2, 1, 2, 2, 2, 1, 1, 2, 1, 1, 1, 1",3,1.4545454545454546,14,0.9583333333333334,n30os0.95-6.rcp,FEASIBILITY,8.0,1,9.0,9.0,0.0,48.682074,81.015662,2
n30,33,48,506,"0, 1, 1, 1, 1, 1, 1, 2, 2, 2, 1, 2, 2, 1, 1, 1, 1, 3, 3, 2, 2, 2, 1, 2, 2, 2, 1, 1, 2, 1, 1, 1, 1",3,1.4545454545454546,14,0.9583333333333334,n30os0.95-6.rcp,MULTIFLOW,8.0,1,25.0,25.0,0.0,0.179984,0.0,2
n30,33,47,506,"0, 1, 1, 1, 2, 2, 1, 3, 1, 3, 2, 1, 1, 1, 2, 1, 2, 1, 1, 1, 2, 1, 2, 2, 2, 1, 1, 1, 2, 1, 1, 2, 1",3,1.4242424242424243,13,0.9583333333333334,n30os0.95-7.rcp,FEASIBILITY,8.0,1,9.0,9.0,0.0,54.084737,85.475138,2
n30,33,47,506,"0, 1, 1, 1, 2, 2, 1, 3, 1, 3, 2, 1, 1, 1, 2, 1, 2, 1, 1, 1, 2, 1, 2, 2, 2, 1, 1, 1, 2, 1, 1, 2, 1",3,1.4242424242424243,13,0.9583333333333334,n30os0.95-7.rcp,MULTIFLOW,8.0,1,25.0,25.0,0.0,0.185758,0.0,2
n30,33,45,506,"0, 1, 1, 1, 1, 1, 1, 2, 1, 2, 2, 2, 1, 1, 1, 1, 1, 1, 1, 1, 2, 1, 1, 1, 3, 1, 1, 1, 1, 2, 3, 3, 2",3,1.3636363636363635,10,0.9583333333333334,n30os0.95-8.rcp,FEASIBILITY,8.0,1,9.0,9.0,0.0,60.034027,101.375319,2
n30,33,45,506,"0, 1, 1, 1, 1, 1, 1, 2, 1, 2, 2, 2, 1, 1, 1, 1, 1, 1, 1, 1, 2, 1, 1, 1, 3, 1, 1, 1, 1, 2, 3, 3, 2",3,1.3636363636363635,10,0.9583333333333334,n30os0.95-8.rcp,MULTIFLOW,8.0,1,25.0,25.0,0.0,0.1879,0.0,2
n30,33,46,506,"0, 1, 1, 1, 1, 1, 1, 2, 1, 2, 2, 2, 2, 2, 2, 2, 1, 1, 1, 1, 1, 1, 1, 2, 1, 2, 2, 2, 1, 2, 2, 1, 1",2,1.393939393939394,14,0.9583333333333334,n30os0.95-9.rcp,FEASIBILITY,8.0,1,9.0,9.0,0.0,57.766241,92.666009,2
n30,33,46,506,"0, 1, 1, 1, 1, 1, 1, 2, 1, 2, 2, 2, 2, 2, 2, 2, 1, 1, 1, 1, 1, 1, 1, 2, 1, 2, 2, 2, 1, 2, 2, 1, 1",2,1.393939393939394,14,0.9583333333333334,n30os0.95-9.rcp,MULTIFLOW,8.0,1,25.0,25.0,0.0,0.19463,0.0,2
n30,33,96,180,"0, 1, 1, 1, 1, 1, 1, 1, 1, 1, 1, 1, 2, 1, 1, 1, 1, 5, 4, 3, 3, 1, 7, 9, 7, 5, 5, 5, 4, 4, 4, 3, 10",10,2.909090909090909,16,0.3409090909090909,n30s0.2-1.rcp,MULTIFLOW,15.0,92104,18.0,19.0,0.0,18000.188428,0.0,9
n30,33,82,180,"0, 1, 1, 1, 1, 1, 1, 1, 1, 1, 1, 1, 1, 1, 1, 1, 4, 1, 7, 6, 5, 5, 5, 5, 4, 3, 2, 2, 1, 1, 1, 1, 14",14,2.484848484848485,12,0.3409090909090909,n30s0.2-10.rcp,MULTIFLOW,15.0,1151,18.0,18.0,0.0,347.382256,0.0,2
n30,33,83,180,"0, 1, 1, 1, 1, 1, 1, 1, 1, 2, 2, 1, 1, 2, 1, 1, 1, 1, 4, 2, 2, 1, 1, 9, 6, 8, 7, 6, 4, 2, 1, 1, 9",9,2.515151515151515,14,0.3409090909090909,n30s0.2-2.rcp,MULTIFLOW,14.0,133766,19.0,19.0,0.0,4704.07563,0.0,2
n30,33,87,180,"0, 1, 1, 1, 1, 1, 1, 1, 2, 1, 1, 2, 2, 1, 5, 2, 1, 1, 1, 1, 7, 5, 7, 6, 4, 4, 6, 4, 2, 1, 1, 1, 12",12,2.6363636363636362,15,0.3409090909090909,n30s0.2-3.rcp,MULTIFLOW,16.0,182152,17.0,19.0,0.0,18000.190332,0.0,9
n30,33,90,180,"0, 1, 1, 1, 1, 1, 1, 1, 1, 1, 1, 1, 1, 1, 1, 1, 2, 7, 4, 3, 2, 1, 10, 5, 6, 6, 5, 5, 4, 3, 1, 1, 10",10,2.727272727272727,14,0.3409090909090909,n30s0.2-4.rcp,MULTIFLOW,15.0,1599,18.0,18.0,0.0,530.156422,0.0,2
n30,33,84,180,"0, 1, 1, 1, 1, 1, 1, 2, 1, 1, 4, 2, 1, 1, 1, 1, 4, 3, 1, 1, 8, 6, 6, 3, 4, 3, 4, 2, 3, 2, 1, 1, 12",12,2.5454545454545454,16,0.3409090909090909,n30s0.2-5.rcp,MULTIFLOW,16.0,735906,17.0,18.0,0.0,18000.209788,0.0,9
n30,33,83,180,"0, 1, 1, 1, 1, 1, 1, 1, 1, 1, 1, 1, 1, 3, 2, 2, 1, 1, 1, 1, 7, 6, 7, 6, 5, 4, 4, 3, 3, 1, 1, 1, 12",12,2.515151515151515,13,0.3409090909090909,n30s0.2-6.rcp,MULTIFLOW,15.0,1073950,18.0,19.0,0.0,18000.18198,0.0,9
n30,33,83,180,"0, 1, 1, 1, 1, 1, 1, 1, 1, 1, 1, 1, 1, 1, 1, 5, 1, 5, 3, 2, 2, 6, 7, 5, 5, 5, 3, 2, 2, 2, 2, 1, 11",11,2.515151515151515,16,0.3409090909090909,n30s0.2-7.rcp,MULTIFLOW,15.0,376110,18.0,20.0,0.0,18000.180541,0.0,9
n30,33,95,180,"0, 1, 1, 1, 1, 1, 1, 1, 1, 3, 1, 1, 1, 2, 1, 1, 2, 1, 8, 8, 7, 7, 6, 4, 4, 4, 4, 3, 2, 1, 1, 1, 14",14,2.878787878787879,15,0.3409090909090909,n30s0.2-8.rcp,MULTIFLOW,15.0,1278,18.0,18.0,0.0,660.253789,0.0,2
n30,33,89,180,"0, 1, 1, 1, 1, 1, 1, 1, 1, 1, 1, 1, 1, 1, 3, 2, 7, 6, 3, 3, 2, 1, 8, 8, 4, 7, 5, 2, 2, 1, 1, 1, 10",10,2.696969696969697,15,0.3409090909090909,n30s0.2-9.rcp,MULTIFLOW,15.0,483862,18.0,19.0,0.0,18000.204625,0.0,9
n30,33,98,310,"0, 1, 1, 1, 1, 1, 1, 1, 1, 1, 3, 1, 2, 1, 1, 4, 2, 7, 6, 5, 5, 5, 5, 4, 3, 2, 4, 3, 3, 7, 7, 2, 7",7,2.9696969696969697,20,0.5871212121212122,n30s0.5-1.rcp,MULTIFLOW,14.0,476986,19.0,20.0,0.0,18000.155521,0.0,9
n30,33,97,310,"0, 1, 1, 1, 1, 1, 1, 1, 2, 2, 3, 2, 1, 4, 2, 2, 2, 3, 2, 4, 5, 4, 4, 4, 4, 3, 5, 6, 5, 5, 4, 6, 6",6,2.9393939393939394,24,0.5871212121212122,n30s0.5-10.rcp,MULTIFLOW,13.0,387504,20.0,21.0,0.0,18000.153333,0.0,9
n30,33,101,310,"0, 1, 1, 1, 1, 1, 1, 4, 2, 1, 4, 1, 3, 5, 2, 2, 2, 3, 6, 3, 2, 3, 4, 5, 4, 6, 2, 5, 5, 3, 6, 5, 7",7,3.0606060606060606,24,0.5871212121212122,n30s0.5-2.rcp,MULTIFLOW,14.0,195080,19.0,21.0,0.0,18000.15631,0.0,9
n30,33,83,310,"0, 1, 1, 1, 1, 1, 1, 1, 3, 2, 1, 1, 4, 3, 1, 1, 5, 2, 1, 4, 4, 4, 4, 2, 4, 4, 3, 3, 3, 5, 1, 4, 7",7,2.515151515151515,19,0.5871212121212122,n30s0.5-3.rcp,MULTIFLOW,13.0,793,20.0,20.0,0.0,142.453124,0.0,2
n30,33,104,310,"0, 1, 1, 1, 1, 1, 1, 1, 1, 2, 2, 1, 5, 2, 1, 2, 3, 5, 3, 2, 3, 4, 4, 5, 5, 5, 5, 7, 7, 7, 4, 6, 6",7,3.1515151515151514,22,0.5871212121212122,n30s0.5-4.rcp,MULTIFLOW,12.0,7610,21.0,21.0,0.0,888.568451,0.0,2
n30,33,99,310,"0, 1, 1, 1, 1, 1, 1, 1, 1, 1, 2, 1, 4, 3, 1, 3, 2, 2, 4, 4, 5, 3, 6, 5, 4, 6, 5, 7, 3, 4, 5, 6, 5",7,3.0,21,0.5871212121212122,n30s0.5-5.rcp,MULTIFLOW,15.0,655572,18.0,19.0,0.0,18000.151072,0.0,9
n30,33,94,310,"0, 1, 1, 1, 1, 1, 1, 1, 2, 2, 1, 1, 4, 1, 3, 3, 1, 3, 2, 4, 3, 4, 7, 5, 5, 6, 5, 4, 5, 3, 3, 2, 8",8,2.8484848484848486,21,0.5871212121212122,n30s0.5-6.rcp,MULTIFLOW,14.0,249417,19.0,19.0,0.0,5761.035933,0.0,2
n30,33,93,310,"0, 1, 1, 1, 1, 1, 1, 1, 1, 2, 1, 2, 3, 4, 4, 2, 3, 4, 2, 4, 5, 1, 4, 3, 2, 5, 6, 7, 5, 4, 3, 2, 7",7,2.8181818181818183,22,0.5871212121212122,n30s0.5-7.rcp,FEASIBILITY,11.0,19717,12.0,12.0,0.0,13322.0813,25162.447741,2
n30,33,93,310,"0, 1, 1, 1, 1, 1, 1, 1, 1, 2, 1, 2, 3, 4, 4, 2, 3, 4, 2, 4, 5, 1, 4, 3, 2, 5, 6, 7, 5, 4, 3, 2, 7",7,2.8181818181818183,22,0.5871212121212122,n30s0.5-7.rcp,MULTIFLOW,11.0,1141,22.0,22.0,0.0,168.644511,0.0,2
n30,33,107,310,"0, 1, 1, 1, 1, 1, 1, 1, 1, 2, 2, 4, 1, 2, 2, 1, 1, 3, 5, 5, 5, 7, 5, 7, 7, 5, 3, 6, 5, 3, 6, 5, 7",7,3.242424242424242,21,0.5871212121212122,n30s0.5-8.rcp,MULTIFLOW,13.0,1367,20.0,20.0,0.0,231.705043,0.0,2
n30,33,98,310,"0, 1, 1, 1, 1, 1, 2, 1, 1, 2, 1, 2, 1, 1, 2, 1, 3, 4, 2, 5, 4, 7, 5, 4, 4, 8, 3, 4, 6, 3, 3, 6, 8",8,2.9696969696969697,21,0.5871212121212122,n30s0.5-9.rcp,MULTIFLOW,16.0,525261,17.0,19.0,0.0,18000.149629,0.0,9
n30,33,84,397,"0, 1, 1, 1, 1, 1, 1, 2, 2, 1, 4, 1, 5, 1, 4, 3, 5, 3, 2, 5, 1, 4, 4, 1, 2, 4, 3, 3, 4, 4, 2, 3, 5",5,2.5454545454545454,21,0.7518939393939394,n30s0.7-1.rcp,MULTIFLOW,13.0,1,20.0,20.0,0.0,22.108762,0.0,2
n30,33,81,397,"0, 1, 1, 1, 1, 2, 1, 1, 3, 1, 2, 1, 1, 4, 2, 3, 2, 2, 2, 3, 2, 3, 2, 3, 4, 4, 4, 6, 3, 5, 4, 2, 5",6,2.4545454545454546,23,0.7518939393939394,n30s0.7-10.rcp,FEASIBILITY,12.0,9547,13.0,13.0,0.0,2462.055334,5973.231862,2
n30,33,81,397,"0, 1, 1, 1, 1, 2, 1, 1, 3, 1, 2, 1, 1, 4, 2, 3, 2, 2, 2, 3, 2, 3, 2, 3, 4, 4, 4, 6, 3, 5, 4, 2, 5",6,2.4545454545454546,23,0.7518939393939394,n30s0.7-10.rcp,MULTIFLOW,12.0,3038,21.0,21.0,0.0,137.001555,0.0,2
n30,33,91,397,"0, 1, 1, 1, 1, 1, 1, 1, 2, 1, 3, 4, 2, 4, 4, 4, 4, 1, 5, 5, 4, 3, 4, 3, 2, 4, 2, 4, 5, 4, 2, 5, 3",5,2.757575757575758,23,0.7518939393939394,n30s0.7-2.rcp,FEASIBILITY,12.0,6731,13.0,13.0,0.0,2487.047643,5886.038124,2
n30,33,91,397,"0, 1, 1, 1, 1, 1, 1, 1, 2, 1, 3, 4, 2, 4, 4, 4, 4, 1, 5, 5, 4, 3, 4, 3, 2, 4, 2, 4, 5, 4, 2, 5, 3",5,2.757575757575758,23,0.7518939393939394,n30s0.7-2.rcp,MULTIFLOW,12.0,1637,21.0,21.0,0.0,87.293242,0.0,2
n30,33,91,397,"0, 1, 1, 1, 1, 1, 1, 1, 1, 3, 1, 2, 2, 4, 4, 5, 5, 4, 4, 3, 5, 5, 3, 3, 4, 5, 2, 3, 5, 2, 5, 1, 3",5,2.757575757575758,22,0.7518939393939394,n30s0.7-3.rcp,FEASIBILITY,13.0,4799,14.0,14.0,0.0,1912.952747,13124.787364,2
n30,33,91,397,"0, 1, 1, 1, 1, 1, 1, 1, 1, 3, 1, 2, 2, 4, 4, 5, 5, 4, 4, 3, 5, 5, 3, 3, 4, 5, 2, 3, 5, 2, 5, 1, 3",5,2.757575757575758,22,0.7518939393939394,n30s0.7-3.rcp,MULTIFLOW,13.0,7934,20.0,20.0,0.0,203.782702,0.0,2
n30,33,95,397,"0, 1, 1, 1, 1, 1, 1, 2, 1, 1, 3, 2, 2, 5, 4, 6, 4, 4, 5, 4, 5, 6, 5, 2, 2, 2, 4, 4, 2, 3, 4, 5, 2",6,2.878787878787879,24,0.7518939393939394,n30s0.7-4.rcp,FEASIBILITY,14.0,8187,15.0,15.0,0.0,3614.194982,17696.638015,2
n30,33,95,397,"0, 1, 1, 1, 1, 1, 1, 2, 1, 1, 3, 2, 2, 5, 4, 6, 4, 4, 5, 4, 5, 6, 5, 2, 2, 2, 4, 4, 2, 3, 4, 5, 2",6,2.878787878787879,24,0.7518939393939394,n30s0.7-4.rcp,MULTIFLOW,14.0,27070,19.0,19.0,0.0,747.126913,0.0,2
n30,33,88,397,"0, 1, 1, 1, 1, 1, 1, 1, 1, 3, 2, 3, 3, 1, 5, 3, 4, 6, 4, 5, 1, 5, 4, 3, 5, 2, 2, 2, 3, 2, 4, 4, 4",6,2.6666666666666665,22,0.7518939393939394,n30s0.7-5.rcp,FEASIBILITY,12.0,10092,13.0,13.0,0.0,2936.317842,4902.676185,2
n30,33,88,397,"0, 1, 1, 1, 1, 1, 1, 1, 1, 3, 2, 3, 3, 1, 5, 3, 4, 6, 4, 5, 1, 5, 4, 3, 5, 2, 2, 2, 3, 2, 4, 4, 4",6,2.6666666666666665,22,0.7518939393939394,n30s0.7-5.rcp,MULTIFLOW,12.0,1480,21.0,21.0,0.0,68.041498,0.0,2
n30,33,91,397,"0, 1, 1, 1, 1, 1, 1, 1, 3, 2, 1, 4, 4, 4, 6, 4, 3, 4, 4, 3, 4, 6, 3, 3, 3, 3, 2, 4, 1, 1, 1, 4, 7",7,2.757575757575758,21,0.7518939393939394,n30s0.7-6.rcp,FEASIBILITY,14.0,15977,15.0,15.0,0.0,6946.786633,16087.531987,2
n30,33,91,397,"0, 1, 1, 1, 1, 1, 1, 1, 3, 2, 1, 4, 4, 4, 6, 4, 3, 4, 4, 3, 4, 6, 3, 3, 3, 3, 2, 4, 1, 1, 1, 4, 7",7,2.757575757575758,21,0.7518939393939394,n30s0.7-6.rcp,MULTIFLOW,14.0,4893,19.0,19.0,0.0,198.855698,0.0,2
n30,33,73,397,"0, 1, 1, 1, 1, 1, 1, 1, 1, 1, 3, 3, 1, 6, 4, 3, 1, 3, 3, 5, 2, 2, 2, 1, 3, 1, 2, 5, 2, 2, 3, 2, 5",6,2.212121212121212,19,0.7518939393939394,n30s0.7-7.rcp,FEASIBILITY,13.0,6906,14.0,14.0,0.0,4465.121812,13098.744951,2
n30,33,73,397,"0, 1, 1, 1, 1, 1, 1, 1, 1, 1, 3, 3, 1, 6, 4, 3, 1, 3, 3, 5, 2, 2, 2, 1, 3, 1, 2, 5, 2, 2, 3, 2, 5",6,2.212121212121212,19,0.7518939393939394,n30s0.7-7.rcp,MULTIFLOW,13.0,420,20.0,20.0,0.0,51.570079,0.0,2
n30,33,96,397,"0, 1, 1, 1, 1, 1, 1, 1, 2, 3, 4, 2, 3, 3, 2, 4, 4, 3, 3, 3, 5, 4, 4, 6, 5, 4, 6, 3, 3, 2, 2, 4, 5",6,2.909090909090909,25,0.7518939393939394,n30s0.7-8.rcp,FEASIBILITY,12.0,10981,13.0,13.0,0.0,2955.352129,5205.446059,2
n30,33,96,397,"0, 1, 1, 1, 1, 1, 1, 1, 2, 3, 4, 2, 3, 3, 2, 4, 4, 3, 3, 3, 5, 4, 4, 6, 5, 4, 6, 3, 3, 2, 2, 4, 5",6,2.909090909090909,25,0.7518939393939394,n30s0.7-8.rcp,MULTIFLOW,12.0,1027,21.0,21.0,0.0,61.944407,0.0,2
n30,33,93,397,"0, 1, 1, 1, 1, 2, 1, 2, 4, 2, 2, 3, 1, 4, 2, 3, 4, 5, 2, 3, 5, 3, 4, 3, 5, 4, 2, 1, 5, 5, 3, 5, 4",5,2.8181818181818183,25,0.7518939393939394,n30s0.7-9.rcp,FEASIBILITY,12.0,3522,13.0,13.0,0.0,1020.983812,3108.734427,2
n30,33,93,397,"0, 1, 1, 1, 1, 2, 1, 2, 4, 2, 2, 3, 1, 4, 2, 3, 4, 5, 2, 3, 5, 3, 4, 3, 5, 4, 2, 1, 5, 5, 3, 5, 4",5,2.8181818181818183,25,0.7518939393939394,n30s0.7-9.rcp,MULTIFLOW,12.0,1,21.0,21.0,0.0,13.921906,0.0,2
n30,33,70,441,"0, 1, 1, 1, 1, 1, 1, 2, 1, 3, 4, 3, 3, 1, 3, 1, 1, 1, 3, 2, 3, 2, 2, 3, 3, 2, 3, 1, 2, 4, 4, 4, 3",4,2.121212121212121,20,0.8352272727272727,n30s0.8-1.rcp,FEASIBILITY,11.0,951,12.0,12.0,0.0,279.01607,641.248507,2
n30,33,70,441,"0, 1, 1, 1, 1, 1, 1, 2, 1, 3, 4, 3, 3, 1, 3, 1, 1, 1, 3, 2, 3, 2, 2, 3, 3, 2, 3, 1, 2, 4, 4, 4, 3",4,2.121212121212121,20,0.8352272727272727,n30s0.8-1.rcp,MULTIFLOW,11.0,1,22.0,22.0,0.0,2.393001,0.0,2
n30,33,80,441,"0, 1, 1, 1, 1, 2, 1, 1, 1, 2, 2, 4, 2, 3, 2, 3, 3, 2, 3, 1, 4, 3, 5, 3, 5, 3, 4, 3, 3, 3, 3, 2, 3",5,2.4242424242424243,24,0.8352272727272727,n30s0.8-10.rcp,FEASIBILITY,13.0,2627,14.0,14.0,0.0,655.728241,1872.249187,2
n30,33,80,441,"0, 1, 1, 1, 1, 2, 1, 1, 1, 2, 2, 4, 2, 3, 2, 3, 3, 2, 3, 1, 4, 3, 5, 3, 5, 3, 4, 3, 3, 3, 3, 2, 3",5,2.4242424242424243,24,0.8352272727272727,n30s0.8-10.rcp,MULTIFLOW,13.0,385,20.0,20.0,0.0,18.299504,0.0,2
n30,33,66,441,"0, 1, 1, 1, 1, 1, 1, 1, 1, 1, 3, 2, 1, 4, 4, 3, 1, 5, 2, 2, 1, 3, 2, 1, 2, 2, 2, 2, 3, 3, 3, 2, 4",5,2.0,19,0.8352272727272727,n30s0.8-2.rcp,FEASIBILITY,10.0,453,11.0,11.0,0.0,175.33288,390.279264,2
n30,33,66,441,"0, 1, 1, 1, 1, 1, 1, 1, 1, 1, 3, 2, 1, 4, 4, 3, 1, 5, 2, 2, 1, 3, 2, 1, 2, 2, 2, 2, 3, 3, 3, 2, 4",5,2.0,19,0.8352272727272727,n30s0.8-2.rcp,MULTIFLOW,10.0,1,23.0,23.0,0.0,1.648075,0.0,2
n30,33,72,441,"0, 1, 1, 1, 1, 1, 2, 2, 2, 1, 2, 2, 2, 2, 3, 1, 1, 2, 3, 4, 2, 4, 2, 3, 3, 4, 3, 2, 2, 1, 5, 3, 4",5,2.1818181818181817,23,0.8352272727272727,n30s0.8-3.rcp,FEASIBILITY,10.0,37,11.0,11.0,0.0,213.132261,438.084254,2
n30,33,72,441,"0, 1, 1, 1, 1, 1, 2, 2, 2, 1, 2, 2, 2, 2, 3, 1, 1, 2, 3, 4, 2, 4, 2, 3, 3, 4, 3, 2, 2, 1, 5, 3, 4",5,2.1818181818181817,23,0.8352272727272727,n30s0.8-3.rcp,MULTIFLOW,10.0,1,23.0,23.0,0.0,5.448424,0.0,2
n30,33,72,441,"0, 1, 1, 1, 2, 1, 2, 2, 1, 1, 2, 2, 3, 1, 2, 4, 3, 2, 1, 2, 2, 1, 2, 3, 2, 4, 3, 3, 4, 4, 3, 3, 4",4,2.1818181818181817,23,0.8352272727272727,n30s0.8-4.rcp,FEASIBILITY,12.0,9522,13.0,13.0,0.0,712.992329,1671.881945,2
n30,33,72,441,"0, 1, 1, 1, 2, 1, 2, 2, 1, 1, 2, 2, 3, 1, 2, 4, 3, 2, 1, 2, 2, 1, 2, 3, 2, 4, 3, 3, 4, 4, 3, 3, 4",4,2.1818181818181817,23,0.8352272727272727,n30s0.8-4.rcp,MULTIFLOW,12.0,1,21.0,21.0,0.0,6.215176,0.0,2
n30,33,76,441,"0, 1, 1, 1, 1, 1, 2, 2, 2, 2, 1, 3, 4, 2, 4, 1, 1, 3, 2, 3, 3, 4, 4, 2, 4, 4, 3, 2, 3, 2, 2, 3, 3",4,2.303030303030303,24,0.8352272727272727,n30s0.8-5.rcp,FEASIBILITY,12.0,6187,13.0,13.0,0.0,571.198417,1353.116602,2
n30,33,76,441,"0, 1, 1, 1, 1, 1, 2, 2, 2, 2, 1, 3, 4, 2, 4, 1, 1, 3, 2, 3, 3, 4, 4, 2, 4, 4, 3, 2, 3, 2, 2, 3, 3",4,2.303030303030303,24,0.8352272727272727,n30s0.8-5.rcp,MULTIFLOW,12.0,455,21.0,21.0,0.0,14.260312,0.0,2
n30,33,65,441,"0, 1, 1, 1, 1, 1, 1, 3, 2, 2, 2, 1, 1, 5, 1, 1, 2, 1, 2, 2, 2, 1, 3, 2, 2, 2, 5, 4, 2, 3, 3, 2, 3",5,1.9696969696969697,20,0.8352272727272727,n30s0.8-6.rcp,FEASIBILITY,12.0,4044,13.0,13.0,0.0,518.282209,1008.489972,2
n30,33,65,441,"0, 1, 1, 1, 1, 1, 1, 3, 2, 2, 2, 1, 1, 5, 1, 1, 2, 1, 2, 2, 2, 1, 3, 2, 2, 2, 5, 4, 2, 3, 3, 2, 3",5,1.9696969696969697,20,0.8352272727272727,n30s0.8-6.rcp,MULTIFLOW,12.0,42,21.0,21.0,0.0,3.741385,0.0,2
n30,33,72,441,"0, 1, 1, 1, 1, 2, 1, 1, 3, 2, 2, 2, 1, 2, 2, 2, 4, 3, 6, 3, 3, 3, 2, 2, 1, 3, 2, 3, 3, 1, 2, 2, 5",6,2.1818181818181817,23,0.8352272727272727,n30s0.8-7.rcp,FEASIBILITY,12.0,7153,13.0,13.0,0.0,547.442392,1022.722838,2
n30,33,72,441,"0, 1, 1, 1, 1, 2, 1, 1, 3, 2, 2, 2, 1, 2, 2, 2, 4, 3, 6, 3, 3, 3, 2, 2, 1, 3, 2, 3, 3, 1, 2, 2, 5",6,2.1818181818181817,23,0.8352272727272727,n30s0.8-7.rcp,MULTIFLOW,12.0,1,21.0,21.0,0.0,2.101469,0.0,2
n30,33,76,441,"0, 1, 1, 1, 1, 1, 1, 1, 2, 4, 3, 3, 3, 4, 4, 2, 2, 3, 4, 1, 4, 4, 2, 4, 4, 3, 1, 2, 2, 1, 3, 2, 2",4,2.303030303030303,22,0.8352272727272727,n30s0.8-8.rcp,FEASIBILITY,12.0,7198,13.0,13.0,0.0,689.435058,1329.316374,2
n30,33,76,441,"0, 1, 1, 1, 1, 1, 1, 1, 2, 4, 3, 3, 3, 4, 4, 2, 2, 3, 4, 1, 4, 4, 2, 4, 4, 3, 1, 2, 2, 1, 3, 2, 2",4,2.303030303030303,22,0.8352272727272727,n30s0.8-8.rcp,MULTIFLOW,12.0,1,21.0,21.0,0.0,5.562775,0.0,2
n30,33,69,441,"0, 1, 1, 1, 2, 1, 1, 2, 3, 2, 2, 1, 2, 2, 2, 3, 1, 2, 1, 2, 2, 2, 3, 3, 3, 3, 3, 2, 3, 2, 4, 3, 4",4,2.090909090909091,24,0.8352272727272727,n30s0.8-9.rcp,FEASIBILITY,10.0,1,11.0,11.0,0.0,141.791391,341.116632,2
n30,33,69,441,"0, 1, 1, 1, 2, 1, 1, 2, 3, 2, 2, 1, 2, 2, 2, 3, 1, 2, 1, 2, 2, 2, 3, 3, 3, 3, 3, 2, 3, 2, 4, 3, 4",4,2.090909090909091,24,0.8352272727272727,n30s0.8-9.rcp,MULTIFLOW,10.0,1,23.0,23.0,0.0,1.448478,0.0,2
n40,43,156,279,"0, 1, 1, 1, 1, 1, 1, 1, 1, 1, 1, 1, 1, 1, 1, 1, 1, 4, 1, 1, 1, 9, 10, 9, 9, 7, 5, 8, 6, 5, 5, 3, 5, 4, 4, 4, 4, 4, 3, 3, 3, 2, 21",21,3.627906976744186,23,0.3089700996677741,n40os0.2-1.rcp,MULTIFLOW,23.0,19750,20.0,23.0,0.0,18000.401377,0.0,9
n40,43,135,279,"0, 1, 1, 1, 1, 1, 1, 1, 1, 1, 1, 1, 1, 4, 1, 1, 1, 1, 1, 1, 3, 3, 1, 8, 4, 3, 2, 1, 7, 8, 10, 6, 8, 7, 7, 6, 6, 3, 2, 2, 1, 1, 14",14,3.13953488372093,20,0.3089700996677741,n40os0.2-10.rcp,MULTIFLOW,20.0,96098,23.0,24.0,0.0,18000.396227,0.0,9
n40,43,124,279,"0, 1, 1, 1, 1, 1, 1, 1, 1, 1, 1, 1, 1, 1, 1, 1, 1, 2, 1, 1, 1, 1, 2, 1, 8, 5, 6, 4, 4, 3, 2, 1, 8, 7, 7, 8, 8, 5, 6, 4, 2, 1, 10",10,2.883720930232558,19,0.3089700996677741,n40os0.2-2.rcp,MULTIFLOW,20.0,8131,23.0,26.0,0.0,18000.390926,0.0,9
n40,43,138,279,"0, 1, 1, 1, 1, 1, 1, 1, 1, 1, 1, 1, 1, 5, 2, 4, 1, 1, 1, 1, 1, 1, 3, 2, 1, 1, 8, 9, 10, 7, 7, 4, 8, 4, 6, 4, 5, 4, 2, 3, 3, 2, 16",16,3.2093023255813953,22,0.3089700996677741,n40os0.2-3.rcp,MULTIFLOW,21.0,30549,22.0,24.0,0.0,18000.390943,0.0,9
n40,43,132,279,"0, 1, 1, 1, 1, 1, 1, 1, 1, 1, 1, 1, 1, 4, 1, 4, 1, 1, 1, 1, 7, 4, 2, 1, 5, 2, 8, 6, 6, 8, 4, 7, 4, 5, 6, 4, 4, 4, 1, 1, 1, 1, 16",16,3.0697674418604652,20,0.3089700996677741,n40os0.2-4.rcp,MULTIFLOW,20.0,10324,23.0,26.0,0.0,18000.370607,0.0,9
n40,43,144,279,"0, 1, 1, 1, 1, 1, 1, 1, 1, 1, 1, 1, 1, 1, 1, 1, 1, 1, 1, 1, 1, 1, 9, 7, 4, 4, 2, 2, 1, 1, 1, 13, 11, 7, 5, 11, 7, 10, 7, 5, 4, 1, 11",13,3.3488372093023258,17,0.3089700996677741,n40os0.2-5.rcp,MULTIFLOW,21.0,22807,22.0,23.0,0.0,18000.402148,0.0,9
n40,43,146,279,"0, 1, 1, 1, 1, 1, 1, 1, 1, 1, 1, 1, 1, 1, 4, 1, 1, 1, 1, 1, 1, 1, 3, 1, 7, 3, 3, 1, 9, 11, 10, 12, 8, 7, 7, 7, 4, 6, 6, 1, 1, 1, 14",14,3.395348837209302,17,0.3089700996677741,n40os0.2-6.rcp,MULTIFLOW,23.0,9359,20.0,24.0,0.0,18000.382801,0.0,9
n40,43,139,279,"0, 1, 1, 1, 1, 1, 1, 1, 1, 1, 1, 2, 1, 1, 1, 1, 4, 2, 1, 5, 3, 1, 5, 2, 1, 1, 1, 1, 8, 9, 8, 8, 10, 6, 9, 7, 4, 4, 3, 4, 1, 1, 14",14,3.2325581395348837,20,0.3089700996677741,n40os0.2-7.rcp,MULTIFLOW,21.0,17522,22.0,25.0,0.0,18000.379433,0.0,9
n40,43,128,279,"0, 1, 1, 1, 1, 1, 1, 1, 1, 1, 1, 1, 1, 3, 1, 1, 1, 5, 3, 2, 1, 7, 5, 5, 3, 1, 1, 5, 7, 7, 6, 7, 5, 6, 5, 2, 4, 3, 2, 1, 1, 1, 15",15,2.9767441860465116,21,0.3089700996677741,n40os0.2-8.rcp,MULTIFLOW,23.0,21274,20.0,23.0,0.0,18000.410901,0.0,9
n40,43,135,279,"0, 1, 1, 1, 1, 1, 1, 1, 1, 1, 1, 1, 1, 2, 1, 1, 1, 3, 2, 1, 1, 5, 4, 2, 2, 2, 1, 1, 11, 7, 5, 7, 7, 6, 7, 5, 7, 6, 5, 5, 1, 1, 14",14,3.13953488372093,21,0.3089700996677741,n40os0.2-9.rcp,MULTIFLOW,21.0,15888,22.0,25.0,0.0,18000.628907,0.0,9
n40,43,173,513,"0, 1, 1, 1, 1, 2, 1, 1, 1, 1, 2, 3, 1, 1, 2, 1, 4, 3, 6, 5, 3, 2, 5, 5, 4, 8, 4, 6, 3, 6, 5, 5, 9, 6, 10, 5, 8, 8, 8, 7, 4, 8, 6",10,4.023255813953488,31,0.5681063122923588,n40os0.5-1.rcp,MULTIFLOW,19.0,17720,24.0,28.0,0.0,18000.344685,0.0,9
n40,43,167,513,"0, 1, 1, 1, 1, 1, 1, 1, 1, 1, 2, 1, 3, 3, 4, 5, 4, 1, 4, 4, 4, 2, 8, 1, 5, 9, 6, 6, 8, 7, 7, 4, 4, 3, 4, 7, 6, 6, 7, 4, 7, 6, 6",9,3.883720930232558,30,0.5681063122923588,n40os0.5-10.rcp,MULTIFLOW,19.0,24394,24.0,27.0,0.0,18000.357246,0.0,9
n40,43,160,513,"0, 1, 1, 1, 1, 1, 1, 1, 1, 1, 1, 1, 1, 3, 3, 7, 2, 4, 6, 4, 1, 3, 6, 7, 6, 5, 5, 6, 5, 4, 7, 3, 5, 6, 6, 6, 6, 5, 6, 4, 4, 4, 9",9,3.7209302325581395,29,0.5681063122923588,n40os0.5-2.rcp,MULTIFLOW,19.0,158190,24.0,25.0,0.0,18000.340935,0.0,9
n40,43,191,513,"0, 1, 1, 1, 1, 1, 1, 1, 1, 1, 1, 1, 1, 5, 6, 3, 3, 4, 2, 4, 2, 7, 4, 7, 6, 5, 8, 4, 4, 10, 5, 6, 9, 9, 8, 7, 7, 8, 5, 5, 9, 7, 10",10,4.441860465116279,30,0.5681063122923588,n40os0.5-3.rcp,MULTIFLOW,21.0,29384,22.0,26.0,0.0,18000.313461,0.0,9
n40,43,148,513,"0, 1, 1, 1, 1, 1, 1, 1, 1, 1, 1, 1, 1, 2, 4, 4, 1, 5, 8, 2, 8, 4, 3, 3, 7, 5, 4, 5, 4, 4, 4, 3, 6, 7, 6, 3, 4, 4, 2, 4, 5, 5, 10",10,3.441860465116279,29,0.5681063122923588,n40os0.5-4.rcp,MULTIFLOW,17.0,129572,26.0,27.0,0.0,18000.325046,0.0,9
n40,43,153,513,"0, 1, 1, 1, 1, 1, 1, 1, 1, 1, 1, 1, 1, 2, 3, 3, 3, 1, 4, 4, 5, 6, 4, 3, 6, 3, 3, 6, 6, 7, 7, 3, 7, 7, 2, 4, 7, 4, 6, 5, 7, 7, 6",7,3.558139534883721,29,0.5681063122923588,n40os0.5-5.rcp,MULTIFLOW,17.0,44347,26.0,28.0,0.0,18000.347765,0.0,9
n40,43,160,513,"0, 1, 1, 1, 1, 1, 1, 3, 2, 1, 1, 4, 4, 3, 2, 1, 5, 2, 1, 2, 4, 4, 5, 3, 3, 2, 3, 7, 5, 5, 7, 5, 6, 7, 6, 5, 5, 6, 4, 7, 7, 7, 10",10,3.7209302325581395,32,0.5681063122923588,n40os0.5-6.rcp,MULTIFLOW,18.0,36258,25.0,28.0,0.0,18000.350338,0.0,9
n40,43,154,513,"0, 1, 1, 1, 1, 1, 1, 1, 1, 1, 1, 1, 4, 3, 2, 4, 3, 3, 5, 4, 4, 2, 5, 4, 5, 4, 5, 6, 7, 5, 3, 6, 6, 5, 4, 5, 6, 3, 5, 4, 5, 6, 10",10,3.5813953488372094,31,0.5681063122923588,n40os0.5-7.rcp,MULTIFLOW,18.0,75255,25.0,27.0,0.0,18000.334022,0.0,9
n40,43,174,513,"0, 1, 1, 1, 1, 1, 1, 2, 1, 1, 1, 1, 2, 1, 2, 1, 4, 4, 3, 1, 2, 4, 1, 11, 6, 6, 9, 5, 6, 6, 7, 7, 7, 9, 6, 8, 7, 4, 6, 8, 5, 7, 7",11,4.046511627906977,28,0.5681063122923588,n40os0.5-8.rcp,MULTIFLOW,19.0,23001,24.0,27.0,0.0,18000.320659,0.0,9
n40,43,130,513,"0, 1, 1, 1, 1, 1, 1, 1, 1, 1, 1, 4, 1, 1, 4, 2, 3, 5, 4, 3, 1, 3, 3, 2, 3, 4, 4, 5, 5, 3, 5, 3, 1, 5, 5, 5, 4, 3, 5, 5, 5, 3, 11",11,3.0232558139534884,28,0.5681063122923588,n40os0.5-9.rcp,,,,,,,,,
n40,43,145,669,"0, 1, 1, 1, 1, 2, 1, 1, 1, 2, 3, 3, 3, 2, 3, 3, 5, 2, 5, 2, 5, 4, 5, 5, 4, 5, 4, 5, 3, 3, 4, 6, 2, 6, 4, 3, 2, 6, 6, 6, 5, 3, 7",7,3.372093023255814,35,0.7408637873754153,n40os0.7-1.rcp,MULTIFLOW,18.0,112698,25.0,27.0,0.0,18000.289168,0.0,9
n40,43,131,669,"0, 1, 1, 1, 2, 1, 1, 1, 1, 4, 2, 3, 2, 4, 2, 4, 5, 1, 3, 3, 5, 2, 3, 4, 3, 5, 3, 5, 2, 4, 5, 3, 5, 7, 5, 7, 3, 2, 3, 2, 1, 6, 4",7,3.046511627906977,33,0.7408637873754153,n40os0.7-10.rcp,MULTIFLOW,16.0,22070,27.0,27.0,0.0,4383.908285,0.0,2
n40,43,121,669,"0, 1, 1, 1, 1, 1, 1, 1, 3, 1, 1, 1, 5, 3, 6, 2, 2, 3, 3, 3, 8, 2, 3, 2, 2, 4, 3, 4, 2, 3, 2, 3, 3, 4, 5, 4, 2, 4, 4, 4, 4, 3, 6",8,2.813953488372093,32,0.7408637873754153,n40os0.7-2.rcp,MULTIFLOW,17.0,15154,26.0,26.0,0.0,2867.988514,0.0,2
n40,43,140,669,"0, 1, 1, 1, 1, 1, 3, 1, 2, 1, 1, 1, 2, 1, 4, 2, 4, 3, 7, 4, 5, 4, 6, 1, 6, 5, 3, 5, 8, 3, 5, 5, 7, 3, 3, 2, 5, 4, 4, 4, 5, 3, 3",8,3.255813953488372,31,0.7408637873754153,n40os0.7-3.rcp,MULTIFLOW,16.0,12619,27.0,27.0,0.0,2278.727343,0.0,2
n40,43,147,669,"0, 1, 1, 1, 1, 1, 1, 1, 1, 3, 2, 2, 2, 3, 5, 5, 5, 7, 3, 5, 3, 3, 3, 5, 4, 7, 3, 5, 5, 5, 7, 5, 4, 3, 6, 5, 1, 4, 6, 2, 6, 2, 3",7,3.4186046511627906,33,0.7408637873754153,n40os0.7-4.rcp,MULTIFLOW,17.0,104462,26.0,27.0,0.0,18000.317885,0.0,9
n40,43,122,669,"0, 1, 1, 1, 1, 1, 1, 1, 1, 2, 3, 1, 3, 2, 2, 4, 4, 3, 5, 3, 3, 4, 5, 5, 5, 4, 3, 4, 1, 4, 4, 5, 2, 4, 2, 2, 4, 5, 3, 3, 2, 2, 6",6,2.8372093023255816,32,0.7408637873754153,n40os0.7-5.rcp,MULTIFLOW,16.0,110604,27.0,27.0,0.0,11506.341357,0.0,2
n40,43,126,669,"0, 1, 1, 1, 1, 1, 1, 4, 1, 1, 3, 3, 2, 3, 3, 2, 2, 5, 2, 1, 2, 4, 2, 3, 4, 4, 4, 5, 5, 7, 3, 2, 2, 5, 4, 5, 2, 3, 4, 5, 2, 4, 7",7,2.9302325581395348,33,0.7408637873754153,n40os0.7-6.rcp,MULTIFLOW,16.0,90286,27.0,28.0,0.0,18000.277755,0.0,9
n40,43,118,669,"0, 1, 1, 1, 1, 2, 1, 1, 2, 1, 3, 3, 4, 2, 4, 2, 4, 4, 2, 4, 1, 3, 4, 2, 1, 2, 4, 4, 2, 3, 3, 3, 3, 3, 3, 5, 3, 3, 4, 2, 6, 5, 6",6,2.744186046511628,33,0.7408637873754153,n40os0.7-7.rcp,MULTIFLOW,16.0,38990,27.0,27.0,0.0,7514.209665,0.0,2
n40,43,144,669,"0, 1, 1, 1, 1, 1, 2, 1, 1, 1, 1, 3, 4, 1, 3, 4, 5, 5, 5, 4, 4, 4, 4, 4, 8, 5, 3, 8, 2, 5, 4, 6, 2, 2, 7, 5, 3, 4, 5, 5, 2, 4, 3",8,3.3488372093023258,32,0.7408637873754153,n40os0.7-8.rcp,MULTIFLOW,19.0,92016,24.0,26.0,0.0,18000.29,0.0,9
n40,43,119,669,"0, 1, 1, 1, 1, 1, 3, 1, 2, 1, 1, 4, 2, 3, 2, 1, 5, 3, 3, 3, 3, 5, 4, 4, 5, 6, 4, 4, 6, 2, 4, 3, 2, 1, 3, 3, 4, 2, 1, 3, 2, 2, 7",7,2.7674418604651163,31,0.7408637873754153,n40os0.7-9.rcp,MULTIFLOW,18.0,218014,25.0,26.0,0.0,18000.271197,0.0,9
n40,43,116,747,"0, 1, 1, 1, 1, 3, 1, 1, 2, 2, 3, 3, 3, 3, 2, 4, 3, 2, 4, 2, 2, 3, 5, 3, 5, 7, 2, 2, 2, 2, 3, 3, 2, 3, 4, 2, 2, 5, 4, 3, 2, 3, 5",7,2.697674418604651,36,0.8272425249169435,n40os0.8-1.rcp,MULTIFLOW,19.0,367408,24.0,24.0,0.0,9582.589107,0.0,2
n40,43,107,747,"0, 1, 1, 1, 1, 3, 2, 1, 1, 3, 1, 2, 1, 1, 1, 2, 1, 3, 1, 2, 4, 3, 4, 4, 2, 3, 1, 3, 2, 2, 3, 3, 3, 5, 4, 3, 6, 3, 2, 4, 7, 3, 4",7,2.488372093023256,29,0.8272425249169435,n40os0.8-10.rcp,MULTIFLOW,15.0,468,28.0,28.0,0.0,82.153591,0.0,2
n40,43,107,747,"0, 1, 1, 1, 1, 1, 1, 2, 2, 1, 1, 3, 4, 3, 4, 4, 4, 3, 3, 5, 5, 2, 3, 4, 2, 3, 3, 2, 2, 2, 1, 2, 3, 3, 4, 2, 3, 3, 3, 1, 3, 2, 4",5,2.488372093023256,32,0.8272425249169435,n40os0.8-2.rcp,MULTIFLOW,16.0,244,27.0,27.0,0.0,119.743829,0.0,2
n40,43,102,747,"0, 1, 1, 1, 2, 1, 1, 1, 3, 1, 1, 2, 3, 4, 3, 2, 2, 2, 1, 2, 3, 2, 2, 4, 2, 1, 4, 3, 2, 3, 3, 4, 3, 4, 2, 3, 3, 2, 5, 4, 3, 3, 3",5,2.372093023255814,32,0.8272425249169435,n40os0.8-3.rcp,MULTIFLOW,14.0,6620,29.0,29.0,0.0,535.526143,0.0,2
n40,43,109,747,"0, 1, 1, 1, 1, 2, 1, 2, 1, 1, 2, 2, 3, 4, 1, 2, 4, 3, 2, 4, 2, 3, 3, 3, 3, 2, 2, 3, 3, 3, 5, 3, 5, 2, 3, 4, 3, 3, 5, 3, 4, 2, 2",5,2.5348837209302326,34,0.8272425249169435,n40os0.8-4.rcp,MULTIFLOW,15.0,568,28.0,28.0,0.0,81.497419,0.0,2
n40,43,115,747,"0, 1, 1, 1, 1, 1, 2, 1, 2, 4, 3, 1, 3, 1, 4, 3, 3, 2, 3, 5, 3, 4, 4, 2, 4, 1, 2, 2, 4, 4, 4, 3, 4, 3, 4, 5, 2, 4, 2, 2, 2, 5, 3",5,2.6744186046511627,33,0.8272425249169435,n40os0.8-5.rcp,MULTIFLOW,16.0,2154,27.0,27.0,0.0,188.641742,0.0,2
n40,43,109,747,"0, 1, 1, 1, 1, 1, 1, 3, 2, 2, 2, 3, 4, 2, 3, 2, 3, 3, 3, 3, 3, 3, 3, 5, 5, 3, 5, 2, 3, 1, 5, 1, 4, 4, 3, 2, 2, 2, 3, 2, 1, 2, 4",5,2.5348837209302326,33,0.8272425249169435,n40os0.8-6.rcp,MULTIFLOW,16.0,3052,27.0,27.0,0.0,112.13181,0.0,2
n40,43,110,747,"0, 1, 1, 1, 1, 1, 1, 2, 1, 1, 1, 3, 2, 3, 2, 4, 4, 3, 2, 3, 4, 3, 2, 2, 3, 1, 3, 3, 2, 4, 2, 4, 5, 4, 2, 4, 3, 4, 5, 3, 3, 3, 4",5,2.558139534883721,32,0.8272425249169435,n40os0.8-7.rcp,MULTIFLOW,15.0,630,28.0,28.0,0.0,44.302687,0.0,2
n40,43,104,747,"0, 1, 1, 1, 1, 1, 3, 1, 1, 1, 4, 3, 2, 1, 2, 2, 3, 4, 3, 2, 2, 1, 3, 3, 4, 3, 2, 3, 2, 4, 2, 3, 4, 3, 2, 2, 2, 5, 4, 3, 3, 3, 4",5,2.4186046511627906,32,0.8272425249169435,n40os0.8-8.rcp,MULTIFLOW,16.0,73,27.0,27.0,0.0,28.957379,0.0,2
n40,43,109,747,"0, 1, 1, 1, 1, 1, 3, 1, 1, 3, 2, 3, 4, 3, 2, 4, 2, 4, 3, 4, 2, 3, 3, 3, 3, 2, 2, 1, 6, 4, 4, 3, 2, 2, 6, 2, 2, 2, 2, 3, 3, 2, 3",6,2.5348837209302326,34,0.8272425249169435,n40os0.8-9.rcp,MULTIFLOW,17.0,802,26.0,26.0,0.0,77.156249,0.0,2
n40,43,88,825,"0, 1, 1, 1, 2, 1, 1, 2, 2, 1, 3, 2, 3, 1, 1, 1, 1, 3, 4, 2, 2, 2, 1, 2, 2, 1, 2, 3, 3, 3, 4, 4, 2, 3, 4, 3, 3, 1, 1, 1, 1, 3, 4",4,2.046511627906977,26,0.9136212624584718,n40os0.9-1.rcp,MULTIFLOW,17.0,1,26.0,26.0,0.0,2.468966,0.0,2
n40,43,81,825,"0, 1, 1, 1, 1, 3, 1, 1, 3, 2, 1, 3, 3, 3, 3, 3, 2, 3, 2, 2, 1, 1, 2, 1, 2, 2, 3, 2, 2, 2, 2, 2, 4, 1, 1, 1, 1, 1, 1, 2, 2, 3, 3",4,1.8837209302325582,26,0.9136212624584718,n40os0.9-10.rcp,MULTIFLOW,14.0,1,29.0,29.0,0.0,1.92074,0.0,2
n40,43,81,825,"0, 1, 1, 1, 1, 2, 1, 1, 1, 1, 3, 1, 1, 2, 3, 1, 2, 2, 1, 2, 2, 2, 3, 3, 2, 3, 2, 2, 3, 2, 2, 3, 4, 2, 2, 2, 1, 4, 2, 4, 1, 1, 1",4,1.8837209302325582,26,0.9136212624584718,n40os0.9-2.rcp,MULTIFLOW,15.0,1,28.0,28.0,0.0,3.428274,0.0,2
n40,43,86,825,"0, 1, 1, 1, 1, 1, 2, 3, 3, 3, 3, 2, 2, 2, 1, 2, 2, 1, 2, 2, 1, 6, 4, 2, 2, 2, 1, 2, 1, 1, 2, 2, 2, 2, 3, 3, 2, 3, 4, 1, 1, 2, 2",6,2.0,29,0.9136212624584718,n40os0.9-3.rcp,MULTIFLOW,16.0,1,27.0,27.0,0.0,3.362431,0.0,2
n40,43,77,825,"0, 1, 1, 1, 1, 1, 4, 1, 2, 1, 2, 3, 1, 2, 1, 1, 2, 3, 2, 3, 2, 2, 1, 1, 1, 2, 1, 2, 2, 1, 2, 2, 2, 1, 2, 3, 3, 2, 2, 4, 2, 3, 1",4,1.7906976744186047,25,0.9136212624584718,n40os0.9-4.rcp,MULTIFLOW,15.0,30,28.0,28.0,0.0,3.83033,0.0,2
n40,43,78,825,"0, 1, 1, 1, 1, 2, 1, 2, 1, 1, 2, 2, 2, 2, 1, 1, 1, 5, 1, 3, 2, 3, 2, 3, 1, 2, 1, 2, 3, 2, 2, 1, 1, 3, 2, 2, 3, 3, 2, 2, 1, 2, 2",5,1.813953488372093,26,0.9136212624584718,n40os0.9-5.rcp,MULTIFLOW,14.0,229,29.0,29.0,0.0,6.416686,0.0,2
n40,43,87,825,"0, 1, 1, 1, 2, 1, 1, 1, 3, 2, 2, 2, 2, 4, 2, 2, 1, 2, 2, 2, 4, 3, 3, 2, 2, 3, 2, 1, 3, 3, 2, 2, 2, 2, 3, 1, 1, 2, 3, 2, 3, 2, 2",4,2.0232558139534884,32,0.9136212624584718,n40os0.9-6.rcp,MULTIFLOW,15.0,1,28.0,28.0,0.0,2.199705,0.0,2
n40,43,84,825,"0, 1, 1, 1, 1, 1, 2, 1, 2, 1, 1, 2, 1, 2, 2, 1, 4, 3, 4, 2, 3, 2, 3, 3, 1, 2, 3, 2, 1, 1, 2, 1, 2, 2, 2, 3, 1, 2, 3, 3, 4, 2, 3",4,1.9534883720930232,27,0.9136212624584718,n40os0.9-7.rcp,MULTIFLOW,14.0,28,29.0,29.0,0.0,3.044513,0.0,2
n40,43,82,825,"0, 1, 1, 1, 1, 1, 2, 1, 2, 3, 2, 2, 2, 2, 2, 2, 4, 1, 3, 2, 1, 1, 2, 3, 2, 3, 2, 3, 2, 2, 2, 1, 3, 2, 2, 2, 1, 2, 2, 2, 2, 1, 4",4,1.9069767441860466,30,0.9136212624584718,n40os0.9-8.rcp,MULTIFLOW,15.0,1,28.0,28.0,0.0,1.408986,0.0,2
n40,43,86,825,"0, 1, 1, 1, 1, 2, 1, 1, 3, 1, 2, 2, 1, 2, 2, 3, 2, 1, 3, 2, 3, 3, 2, 1, 2, 1, 2, 2, 2, 2, 2, 2, 2, 4, 2, 4, 3, 3, 3, 3, 2, 1, 3",4,2.0,30,0.9136212624584718,n40os0.9-9.rcp,MULTIFLOW,15.0,1,28.0,28.0,0.0,1.832469,0.0,2
n40,13,17,75,"0, 1, 1, 1, 1, 1, 1, 1, 2, 2, 2, 2, 2",2,1.3076923076923077,5,0.9615384615384616,n40os0.95-1.rcp,MULTIFLOW,3.0,0,10.0,10.0,0.0,0.013315,0.0,2
n40,13,16,75,"0, 1, 1, 1, 2, 1, 1, 1, 1, 1, 2, 2, 2",2,1.2307692307692308,4,0.9615384615384616,n40os0.95-2.rcp,MULTIFLOW,3.0,0,10.0,10.0,0.0,0.012857,0.0,2
n40,13,14,75,"0, 1, 1, 1, 2, 1, 1, 1, 2, 1, 1, 1, 1",2,1.0769230769230769,2,0.9615384615384616,n40os0.95-3.rcp,MULTIFLOW,2.0,0,11.0,11.0,0.0,0.012364,0.0,2
n40,13,14,75,"0, 1, 1, 1, 1, 1, 2, 1, 1, 1, 2, 1, 1",2,1.0769230769230769,2,0.9615384615384616,n40os0.95-4.rcp,MULTIFLOW,2.0,0,11.0,11.0,0.0,0.012111,0.0,2
n40,13,14,75,"0, 1, 1, 1, 1, 1, 1, 1, 2, 1, 1, 1, 2",2,1.0769230769230769,2,0.9615384615384616,n40os0.95-5.rcp,MULTIFLOW,2.0,0,11.0,11.0,0.0,0.012026,0.0,2
n40,13,14,75,"0, 1, 1, 1, 2, 1, 1, 1, 1, 1, 1, 2, 1",2,1.0769230769230769,2,0.9615384615384616,n40os0.95-6.rcp,MULTIFLOW,2.0,0,11.0,11.0,0.0,0.012259,0.0,2
n40,13,14,75,"0, 1, 1, 1, 1, 1, 2, 1, 1, 1, 1, 1, 2",2,1.0769230769230769,2,0.9615384615384616,n40os0.95-7.rcp,MULTIFLOW,2.0,0,11.0,11.0,0.0,0.012155,0.0,2
n40,13,14,75,"0, 1, 1, 1, 1, 1, 2, 1, 1, 1, 2, 1, 1",2,1.0769230769230769,2,0.9615384615384616,n40os0.95-8.rcp,MULTIFLOW,2.0,0,11.0,11.0,0.0,0.011927,0.0,2
n40,13,14,75,"0, 1, 1, 1, 1, 2, 1, 1, 1, 1, 1, 1, 2",2,1.0769230769230769,2,0.9615384615384616,n40os0.95-9.rcp,MULTIFLOW,2.0,0,11.0,11.0,0.0,0.011771,0.0,2
n50,53,203,398,"0, 1, 1, 1, 1, 1, 1, 1, 1, 1, 1, 1, 1, 1, 1, 1, 1, 1, 1, 1, 1, 1, 7, 1, 5, 5, 3, 3, 8, 5, 4, 2, 2, 1, 1, 11, 9, 8, 11, 8, 6, 12, 8, 7, 8, 6, 5, 5, 5, 4, 4, 1, 17",17,3.830188679245283,27,0.2888243831640058,n50os0.2-1.rcp,,,,,,,,,
n50,53,211,398,"0, 1, 1, 1, 1, 1, 1, 1, 1, 1, 1, 1, 1, 1, 1, 1, 1, 1, 2, 2, 1, 5, 2, 1, 1, 1, 2, 1, 1, 1, 6, 6, 1, 9, 11, 12, 11, 8, 11, 7, 10, 9, 8, 8, 8, 5, 5, 5, 4, 4, 4, 3, 19",19,3.981132075471698,27,0.2888243831640058,n50os0.2-10.rcp,,,,,,,,,
n50,53,213,398,"0, 1, 1, 1, 1, 1, 1, 1, 1, 1, 1, 1, 1, 1, 1, 1, 2, 1, 1, 1, 1, 7, 3, 3, 2, 1, 5, 3, 3, 3, 1, 1, 1, 12, 9, 12, 7, 11, 7, 11, 7, 8, 10, 7, 8, 6, 7, 5, 5, 4, 2, 2, 19",19,4.018867924528302,29,0.2888243831640058,n50os0.2-2.rcp,,,,,,,,,
n50,53,207,398,"0, 1, 1, 1, 1, 1, 1, 1, 1, 1, 3, 1, 1, 3, 1, 1, 1, 1, 1, 1, 1, 1, 1, 1, 1, 7, 1, 6, 5, 4, 1, 1, 14, 9, 12, 11, 8, 10, 8, 4, 8, 6, 9, 5, 5, 7, 5, 5, 3, 3, 1, 1, 20",20,3.9056603773584904,25,0.2888243831640058,n50os0.2-3.rcp,,,,,,,,,
n50,53,226,398,"0, 1, 1, 1, 1, 1, 1, 1, 1, 1, 1, 1, 1, 1, 1, 1, 1, 1, 1, 4, 2, 1, 1, 1, 3, 1, 1, 1, 1, 7, 7, 6, 1, 13, 12, 12, 10, 14, 11, 10, 8, 10, 10, 9, 9, 6, 6, 4, 3, 2, 2, 1, 19",19,4.264150943396227,25,0.2888243831640058,n50os0.2-4.rcp,,,,,,,,,
n50,53,187,398,"0, 1, 1, 1, 1, 1, 1, 1, 1, 1, 1, 1, 1, 1, 1, 1, 2, 4, 1, 1, 1, 1, 3, 2, 2, 1, 1, 4, 4, 6, 7, 6, 4, 3, 2, 1, 8, 5, 10, 8, 13, 11, 6, 11, 10, 4, 4, 4, 2, 2, 1, 1, 16",16,3.5283018867924527,28,0.2888243831640058,n50os0.2-5.rcp,,,,,,,,,
n50,53,210,398,"0, 1, 1, 1, 1, 1, 1, 1, 1, 1, 1, 1, 1, 3, 1, 1, 1, 3, 2, 1, 2, 1, 2, 1, 1, 1, 6, 6, 4, 4, 2, 10, 10, 11, 9, 10, 8, 8, 7, 7, 6, 5, 6, 7, 6, 6, 4, 3, 4, 4, 2, 2, 21",21,3.9622641509433962,32,0.2888243831640058,n50os0.2-6.rcp,,,,,,,,,
n50,53,210,398,"0, 1, 1, 1, 1, 1, 1, 1, 1, 1, 1, 1, 1, 1, 2, 2, 1, 1, 1, 1, 3, 2, 2, 2, 3, 2, 2, 1, 1, 5, 5, 4, 3, 1, 10, 13, 12, 13, 7, 10, 7, 9, 8, 7, 7, 7, 7, 8, 4, 2, 2, 2, 18",18,3.9622641509433962,32,0.2888243831640058,n50os0.2-7.rcp,,,,,,,,,
n50,53,223,398,"0, 1, 1, 1, 1, 1, 1, 1, 1, 1, 1, 1, 1, 1, 1, 1, 1, 1, 2, 2, 1, 3, 2, 1, 1, 1, 1, 3, 2, 6, 6, 5, 1, 1, 14, 12, 12, 8, 11, 11, 6, 9, 7, 9, 7, 7, 8, 7, 6, 6, 5, 5, 18",18,4.2075471698113205,28,0.2888243831640058,n50os0.2-8.rcp,,,,,,,,,
n50,53,194,398,"0, 1, 1, 1, 1, 1, 1, 1, 1, 1, 1, 1, 1, 1, 1, 1, 3, 3, 1, 4, 2, 2, 1, 1, 2, 2, 2, 1, 8, 8, 6, 4, 1, 1, 10, 6, 11, 9, 8, 9, 8, 8, 5, 6, 4, 5, 6, 4, 5, 3, 1, 1, 18",18,3.660377358490566,29,0.2888243831640058,n50os0.2-9.rcp,,,,,,,,,
n50,53,233,765,"0, 1, 1, 1, 1, 1, 1, 1, 1, 1, 1, 2, 2, 1, 3, 1, 3, 4, 1, 4, 2, 7, 4, 7, 5, 4, 5, 5, 5, 6, 5, 4, 8, 6, 8, 7, 5, 5, 6, 2, 8, 7, 8, 8, 7, 6, 7, 7, 8, 6, 6, 8, 10",10,4.39622641509434,39,0.5551523947750363,n50os0.5-1.rcp,MULTIFLOW,26.0,4056,27.0,33.0,0.0,18000.611169,0.0,9
n50,53,234,765,"0, 1, 1, 1, 1, 1, 1, 1, 1, 2, 3, 1, 1, 2, 1, 4, 5, 1, 6, 5, 2, 4, 2, 5, 1, 4, 7, 5, 2, 5, 3, 7, 6, 6, 2, 6, 5, 6, 7, 6, 8, 7, 6, 6, 8, 8, 7, 7, 10, 10, 9, 11, 7",11,4.415094339622642,39,0.5551523947750363,n50os0.5-10.rcp,MULTIFLOW,26.0,6334,27.0,35.0,0.0,18000.620403,0.0,9
n50,53,229,765,"0, 1, 1, 1, 1, 1, 1, 1, 1, 3, 2, 1, 1, 1, 1, 1, 2, 2, 1, 5, 6, 1, 1, 4, 9, 3, 7, 4, 5, 8, 7, 5, 7, 6, 9, 6, 7, 9, 7, 7, 6, 6, 6, 6, 8, 5, 4, 8, 4, 6, 10, 6, 8",10,4.320754716981132,36,0.5551523947750363,n50os0.5-2.rcp,MULTIFLOW,29.0,4523,24.0,31.0,0.0,18000.6223,0.0,9
n50,53,224,765,"0, 1, 1, 1, 1, 1, 1, 1, 1, 1, 1, 1, 2, 1, 2, 3, 5, 1, 8, 4, 4, 3, 6, 7, 6, 7, 2, 8, 9, 5, 3, 5, 6, 7, 6, 2, 5, 4, 3, 4, 6, 6, 5, 9, 7, 5, 10, 6, 6, 5, 6, 2, 12",12,4.226415094339623,39,0.5551523947750363,n50os0.5-3.rcp,MULTIFLOW,28.0,4503,25.0,32.0,0.0,18000.60256,0.0,9
n50,53,233,765,"0, 1, 1, 1, 1, 1, 1, 1, 1, 1, 1, 1, 3, 1, 2, 1, 1, 5, 1, 1, 2, 4, 7, 4, 2, 5, 3, 5, 5, 4, 8, 6, 5, 5, 6, 8, 7, 7, 5, 9, 7, 6, 9, 8, 8, 4, 3, 10, 10, 8, 11, 9, 7",11,4.39622641509434,36,0.5551523947750363,n50os0.5-4.rcp,MULTIFLOW,22.0,5713,31.0,34.0,0.0,18000.613969,0.0,9
n50,53,224,765,"0, 1, 1, 1, 1, 1, 1, 1, 1, 3, 1, 1, 1, 1, 1, 2, 1, 1, 1, 3, 2, 2, 4, 5, 1, 8, 10, 3, 2, 8, 6, 10, 6, 6, 6, 6, 6, 4, 7, 6, 5, 10, 6, 8, 8, 7, 5, 9, 4, 6, 4, 7, 13",13,4.226415094339623,35,0.5551523947750363,n50os0.5-5.rcp,MULTIFLOW,29.0,2745,24.0,29.0,0.0,18000.620221,0.0,9
n50,53,258,765,"0, 1, 1, 1, 1, 1, 1, 1, 1, 1, 1, 1, 1, 2, 4, 3, 5, 1, 4, 1, 4, 1, 5, 6, 5, 5, 9, 5, 9, 7, 6, 7, 6, 8, 8, 6, 8, 5, 6, 4, 10, 8, 8, 4, 9, 9, 9, 7, 6, 9, 7, 10, 10",10,4.867924528301887,37,0.5551523947750363,n50os0.5-6.rcp,MULTIFLOW,28.0,3216,25.0,33.0,0.0,18000.656239,0.0,9
n50,53,247,765,"0, 1, 1, 1, 1, 1, 1, 1, 1, 1, 2, 1, 6, 1, 1, 3, 1, 7, 1, 6, 3, 4, 3, 5, 5, 4, 5, 5, 7, 7, 7, 3, 7, 6, 10, 8, 6, 4, 5, 8, 8, 8, 8, 7, 6, 10, 5, 7, 6, 7, 5, 9, 11",11,4.660377358490566,38,0.5551523947750363,n50os0.5-7.rcp,MULTIFLOW,26.0,6921,27.0,33.0,0.0,18000.647633,0.0,9
n50,53,237,765,"0, 1, 1, 1, 1, 1, 1, 1, 1, 1, 1, 1, 1, 1, 2, 1, 5, 1, 1, 1, 1, 1, 4, 4, 5, 8, 8, 8, 7, 4, 4, 8, 2, 10, 9, 4, 7, 7, 9, 11, 7, 8, 6, 13, 5, 5, 5, 8, 7, 6, 7, 7, 8",13,4.471698113207547,33,0.5551523947750363,n50os0.5-8.rcp,MULTIFLOW,25.0,3160,28.0,32.0,0.0,18000.621272,0.0,9
n50,53,229,765,"0, 1, 1, 1, 1, 1, 1, 1, 1, 3, 1, 1, 1, 1, 1, 6, 3, 4, 4, 2, 1, 4, 5, 4, 2, 4, 4, 4, 5, 5, 6, 7, 6, 4, 5, 6, 6, 6, 5, 10, 7, 7, 9, 5, 8, 7, 8, 6, 8, 8, 7, 7, 8",10,4.320754716981132,38,0.5551523947750363,n50os0.5-9.rcp,MULTIFLOW,24.0,4022,29.0,34.0,0.0,18000.651786,0.0,9
n50,53,203,1010,"0, 1, 1, 1, 1, 1, 1, 2, 2, 1, 1, 1, 1, 2, 3, 2, 3, 4, 4, 3, 7, 5, 6, 6, 4, 5, 5, 4, 3, 2, 4, 5, 3, 3, 4, 5, 4, 5, 5, 4, 7, 9, 9, 5, 7, 7, 7, 4, 3, 5, 5, 5, 6",9,3.830188679245283,42,0.7329462989840348,n50os0.7-1.rcp,MULTIFLOW,21.0,16659,32.0,33.0,0.0,18000.505661,0.0,9
n50,53,166,1010,"0, 1, 1, 1, 1, 1, 1, 1, 1, 1, 2, 2, 2, 5, 2, 4, 4, 3, 3, 4, 5, 4, 4, 5, 3, 3, 6, 2, 1, 3, 4, 4, 4, 3, 3, 5, 3, 6, 6, 1, 5, 5, 3, 2, 3, 3, 3, 2, 2, 5, 4, 7, 7",7,3.1320754716981134,41,0.7329462989840348,n50os0.7-10.rcp,MULTIFLOW,20.0,20619,33.0,35.0,0.0,18000.575569,0.0,9
n50,53,171,1010,"0, 1, 1, 1, 1, 1, 1, 1, 1, 1, 1, 2, 3, 1, 4, 4, 9, 6, 2, 3, 3, 2, 5, 4, 4, 2, 3, 3, 5, 3, 2, 4, 3, 4, 5, 2, 3, 5, 2, 3, 7, 6, 2, 5, 3, 4, 4, 4, 3, 6, 6, 4, 6",9,3.2264150943396226,41,0.7329462989840348,n50os0.7-2.rcp,MULTIFLOW,21.0,23549,32.0,34.0,0.0,18000.528672,0.0,9
n50,53,175,1010,"0, 1, 1, 1, 1, 1, 1, 1, 2, 3, 1, 3, 1, 1, 1, 1, 3, 2, 3, 5, 5, 4, 4, 4, 4, 4, 4, 2, 3, 7, 5, 6, 6, 5, 5, 4, 3, 5, 5, 2, 4, 5, 3, 5, 5, 4, 5, 4, 4, 3, 5, 3, 5",7,3.30188679245283,40,0.7329462989840348,n50os0.7-3.rcp,MULTIFLOW,18.0,13004,35.0,35.0,0.0,8211.297637,0.0,2
n50,53,198,1010,"0, 1, 1, 1, 1, 1, 1, 1, 2, 2, 1, 2, 1, 4, 3, 3, 2, 4, 5, 3, 2, 3, 3, 2, 3, 4, 3, 3, 4, 6, 2, 2, 6, 5, 6, 8, 6, 5, 5, 5, 8, 8, 4, 6, 5, 7, 5, 4, 3, 6, 6, 5, 9",9,3.7358490566037736,43,0.7329462989840348,n50os0.7-4.rcp,MULTIFLOW,23.0,16759,30.0,34.0,0.0,18000.570135,0.0,9
n50,53,191,1010,"0, 1, 1, 1, 1, 1, 1, 1, 2, 2, 2, 1, 4, 3, 3, 1, 3, 8, 4, 3, 5, 2, 3, 5, 6, 6, 4, 6, 7, 6, 5, 4, 5, 5, 6, 4, 5, 4, 5, 4, 2, 7, 5, 3, 5, 5, 3, 4, 3, 3, 3, 1, 7",8,3.6037735849056602,42,0.7329462989840348,n50os0.7-5.rcp,MULTIFLOW,21.0,23689,32.0,33.0,0.0,18000.500692,0.0,9
n50,53,175,1010,"0, 1, 1, 1, 1, 1, 1, 1, 2, 1, 5, 4, 2, 3, 2, 1, 5, 5, 4, 4, 4, 5, 4, 3, 4, 1, 5, 5, 4, 2, 4, 5, 4, 3, 6, 3, 4, 4, 5, 5, 4, 3, 5, 6, 3, 3, 4, 5, 6, 2, 3, 3, 3",6,3.30188679245283,42,0.7329462989840348,n50os0.7-6.rcp,MULTIFLOW,21.0,18091,32.0,36.0,0.0,18000.492798,0.0,9
n50,53,202,1010,"0, 1, 1, 1, 1, 1, 1, 1, 1, 1, 5, 3, 1, 5, 3, 4, 5, 5, 6, 4, 3, 2, 5, 6, 3, 5, 3, 4, 3, 5, 3, 6, 6, 6, 6, 5, 9, 5, 4, 4, 3, 6, 5, 3, 7, 4, 2, 5, 5, 3, 5, 6, 5",9,3.811320754716981,42,0.7329462989840348,n50os0.7-7.rcp,MULTIFLOW,23.0,16289,30.0,33.0,0.0,18000.527332,0.0,9
n50,53,182,1010,"0, 1, 1, 1, 2, 1, 1, 2, 1, 2, 2, 3, 3, 4, 1, 4, 1, 3, 2, 3, 4, 2, 4, 4, 1, 4, 4, 3, 4, 5, 8, 5, 3, 5, 4, 2, 3, 6, 4, 3, 3, 6, 7, 5, 3, 4, 6, 7, 6, 4, 3, 5, 7",8,3.4339622641509435,43,0.7329462989840348,n50os0.7-8.rcp,MULTIFLOW,22.0,19303,31.0,36.0,0.0,18000.482334,0.0,9
n50,53,182,1010,"0, 1, 1, 1, 1, 1, 1, 1, 1, 1, 1, 2, 2, 5, 2, 3, 6, 5, 2, 5, 5, 6, 6, 2, 6, 5, 7, 5, 5, 4, 5, 4, 6, 5, 4, 3, 7, 2, 8, 3, 4, 5, 3, 4, 1, 2, 3, 2, 3, 4, 2, 5, 4",8,3.4339622641509435,41,0.7329462989840348,n50os0.7-9.rcp,MULTIFLOW,20.0,20661,33.0,35.0,0.0,18000.511524,0.0,9
n50,53,158,1133,"0, 1, 1, 1, 1, 1, 4, 1, 1, 3, 2, 1, 1, 5, 4, 3, 2, 4, 1, 2, 3, 3, 2, 3, 4, 2, 6, 3, 4, 3, 4, 4, 5, 5, 3, 4, 3, 4, 2, 4, 6, 2, 3, 4, 3, 4, 5, 3, 4, 1, 4, 3, 6",6,2.981132075471698,41,0.8222060957910015,n50os0.8-1.rcp,MULTIFLOW,21.0,19106,32.0,32.0,0.0,4397.031286,0.0,2
n50,53,151,1133,"0, 1, 1, 1, 1, 2, 2, 1, 3, 1, 1, 3, 1, 5, 5, 1, 3, 3, 2, 3, 1, 2, 3, 3, 5, 4, 2, 3, 4, 4, 5, 3, 3, 4, 5, 4, 5, 3, 3, 5, 5, 3, 3, 2, 4, 3, 3, 3, 4, 3, 2, 2, 3",5,2.849056603773585,42,0.8222060957910015,n50os0.8-10.rcp,MULTIFLOW,20.0,8422,33.0,33.0,0.0,3593.27518,0.0,2
n50,53,164,1133,"0, 1, 1, 1, 1, 1, 2, 2, 1, 3, 3, 3, 3, 5, 4, 2, 3, 3, 2, 3, 3, 3, 4, 4, 5, 3, 5, 3, 5, 5, 5, 3, 4, 4, 1, 3, 3, 4, 2, 2, 4, 4, 2, 3, 5, 4, 3, 4, 5, 5, 3, 3, 4",5,3.0943396226415096,45,0.8222060957910015,n50os0.8-2.rcp,MULTIFLOW,20.0,1801,33.0,33.0,0.0,1358.302466,0.0,2
n50,53,159,1133,"0, 1, 1, 1, 2, 1, 1, 2, 2, 2, 3, 3, 2, 3, 4, 4, 5, 4, 2, 4, 4, 4, 4, 3, 5, 4, 2, 4, 4, 2, 4, 4, 2, 3, 3, 1, 3, 3, 4, 2, 2, 4, 3, 2, 3, 1, 6, 6, 4, 3, 4, 3, 6",6,3.0,45,0.8222060957910015,n50os0.8-3.rcp,MULTIFLOW,21.0,96542,32.0,33.0,0.0,18000.463081,0.0,9
n50,53,145,1133,"0, 1, 1, 1, 1, 1, 1, 1, 1, 3, 4, 2, 2, 4, 3, 3, 2, 3, 1, 3, 5, 3, 2, 2, 5, 4, 2, 2, 3, 4, 3, 3, 2, 3, 2, 3, 2, 3, 2, 5, 4, 5, 4, 3, 5, 3, 5, 4, 3, 3, 2, 3, 3",5,2.7358490566037736,43,0.8222060957910015,n50os0.8-4.rcp,MULTIFLOW,19.0,42200,34.0,34.0,0.0,5393.650605,0.0,2
n50,53,147,1133,"0, 1, 1, 1, 1, 2, 1, 1, 3, 2, 1, 3, 1, 6, 2, 1, 3, 3, 5, 2, 2, 2, 4, 4, 4, 4, 4, 1, 4, 3, 3, 3, 3, 6, 3, 3, 3, 3, 4, 4, 2, 4, 2, 4, 3, 2, 4, 3, 3, 4, 3, 3, 3",6,2.7735849056603774,42,0.8222060957910015,n50os0.8-5.rcp,MULTIFLOW,19.0,6047,34.0,34.0,0.0,2660.091093,0.0,2
n50,53,165,1133,"0, 1, 1, 1, 1, 1, 1, 3, 1, 1, 1, 3, 2, 3, 3, 3, 3, 2, 4, 5, 4, 5, 2, 4, 3, 5, 3, 5, 3, 3, 3, 4, 3, 6, 4, 6, 4, 4, 4, 2, 2, 3, 5, 6, 3, 2, 4, 4, 5, 3, 3, 4, 4",6,3.1132075471698113,43,0.8222060957910015,n50os0.8-6.rcp,MULTIFLOW,21.0,63488,32.0,33.0,0.0,18000.463693,0.0,9
n50,53,153,1133,"0, 1, 1, 1, 1, 1, 1, 1, 5, 3, 2, 1, 1, 4, 2, 2, 3, 2, 2, 4, 4, 4, 6, 4, 5, 4, 3, 5, 5, 3, 4, 4, 4, 3, 2, 4, 4, 3, 2, 2, 3, 2, 4, 3, 3, 2, 5, 2, 4, 3, 2, 3, 4",6,2.8867924528301887,43,0.8222060957910015,n50os0.8-7.rcp,MULTIFLOW,19.0,7913,34.0,34.0,0.0,2423.742515,0.0,2
n50,53,143,1133,"0, 1, 1, 1, 1, 1, 2, 1, 1, 1, 2, 4, 2, 1, 3, 2, 3, 3, 4, 2, 5, 3, 3, 2, 3, 3, 2, 5, 2, 2, 2, 3, 5, 4, 3, 3, 3, 4, 4, 5, 2, 3, 4, 4, 2, 4, 3, 3, 3, 3, 3, 3, 4",5,2.69811320754717,43,0.8222060957910015,n50os0.8-8.rcp,MULTIFLOW,18.0,70839,35.0,37.0,0.0,18000.47071,0.0,9
n50,53,165,1133,"0, 1, 1, 1, 1, 2, 1, 1, 1, 3, 3, 2, 2, 3, 2, 3, 3, 2, 5, 2, 1, 4, 3, 2, 4, 4, 5, 4, 2, 4, 2, 4, 3, 3, 2, 4, 4, 5, 5, 5, 6, 6, 5, 5, 4, 3, 6, 3, 4, 3, 1, 6, 4",6,3.1132075471698113,43,0.8222060957910015,n50os0.8-9.rcp,MULTIFLOW,19.0,68412,34.0,34.0,0.0,16355.060873,0.0,2
n50,53,120,1255,"0, 1, 1, 1, 1, 2, 3, 2, 2, 2, 2, 3, 2, 3, 2, 2, 4, 2, 3, 3, 4, 3, 2, 2, 2, 2, 1, 2, 2, 3, 1, 1, 2, 1, 3, 2, 2, 2, 2, 3, 3, 4, 3, 2, 3, 2, 3, 3, 1, 3, 2, 4, 4",4,2.2641509433962264,43,0.9107402031930334,n50os0.9-1.rcp,FEASIBILITY,20.0,5314,21.0,21.0,0.0,14610.557469,27861.728698,2
n50,53,120,1255,"0, 1, 1, 1, 1, 2, 3, 2, 2, 2, 2, 3, 2, 3, 2, 2, 4, 2, 3, 3, 4, 3, 2, 2, 2, 2, 1, 2, 2, 3, 1, 1, 2, 1, 3, 2, 2, 2, 2, 3, 3, 4, 3, 2, 3, 2, 3, 3, 1, 3, 2, 4, 4",4,2.2641509433962264,43,0.9107402031930334,n50os0.9-1.rcp,MULTIFLOW,20.0,194,33.0,33.0,0.0,20.905035,0.0,2
n50,53,117,1255,"0, 1, 1, 1, 1, 1, 3, 1, 2, 2, 1, 2, 2, 2, 2, 2, 3, 2, 3, 2, 1, 3, 3, 3, 2, 3, 2, 3, 4, 4, 2, 4, 1, 3, 2, 3, 3, 2, 2, 2, 2, 3, 2, 2, 2, 2, 2, 1, 3, 4, 3, 2, 3",4,2.207547169811321,42,0.9107402031930334,n50os0.9-10.rcp,FEASIBILITY,18.0,2925,19.0,19.0,0.0,2228.56436,8297.120492,2
n50,53,117,1255,"0, 1, 1, 1, 1, 1, 3, 1, 2, 2, 1, 2, 2, 2, 2, 2, 3, 2, 3, 2, 1, 3, 3, 3, 2, 3, 2, 3, 4, 4, 2, 4, 1, 3, 2, 3, 3, 2, 2, 2, 2, 3, 2, 2, 2, 2, 2, 1, 3, 4, 3, 2, 3",4,2.207547169811321,42,0.9107402031930334,n50os0.9-10.rcp,MULTIFLOW,18.0,283,35.0,35.0,0.0,28.272605,0.0,2
n50,53,119,1255,"0, 1, 1, 1, 1, 2, 1, 1, 2, 4, 3, 2, 4, 3, 3, 2, 2, 3, 2, 2, 2, 3, 4, 2, 2, 2, 3, 3, 3, 3, 2, 2, 3, 3, 2, 3, 2, 2, 3, 3, 3, 3, 1, 3, 2, 2, 2, 1, 2, 2, 2, 2, 2",4,2.2452830188679247,44,0.9107402031930334,n50os0.9-2.rcp,FEASIBILITY,18.0,1534,19.0,19.0,0.0,3789.7982,18571.808192,2
n50,53,119,1255,"0, 1, 1, 1, 1, 2, 1, 1, 2, 4, 3, 2, 4, 3, 3, 2, 2, 3, 2, 2, 2, 3, 4, 2, 2, 2, 3, 3, 3, 3, 2, 2, 3, 3, 2, 3, 2, 2, 3, 3, 3, 3, 1, 3, 2, 2, 2, 1, 2, 2, 2, 2, 2",4,2.2452830188679247,44,0.9107402031930334,n50os0.9-2.rcp,MULTIFLOW,18.0,195,35.0,35.0,0.0,30.152807,0.0,2
n50,53,112,1255,"0, 1, 1, 1, 2, 1, 1, 2, 1, 2, 1, 1, 2, 1, 2, 2, 1, 2, 1, 3, 1, 2, 5, 3, 3, 4, 4, 5, 3, 4, 3, 2, 2, 3, 2, 3, 4, 2, 3, 2, 3, 1, 2, 1, 2, 3, 2, 2, 2, 2, 1, 1, 2",5,2.1132075471698113,36,0.9107402031930334,n50os0.9-3.rcp,FEASIBILITY,17.0,5966,18.0,18.0,0.0,4149.016025,11195.262699,2
n50,53,112,1255,"0, 1, 1, 1, 2, 1, 1, 2, 1, 2, 1, 1, 2, 1, 2, 2, 1, 2, 1, 3, 1, 2, 5, 3, 3, 4, 4, 5, 3, 4, 3, 2, 2, 3, 2, 3, 4, 2, 3, 2, 3, 1, 2, 1, 2, 3, 2, 2, 2, 2, 1, 1, 2",5,2.1132075471698113,36,0.9107402031930334,n50os0.9-3.rcp,MULTIFLOW,17.0,89,36.0,36.0,0.0,32.864817,0.0,2
n50,53,109,1255,"0, 1, 1, 1, 1, 1, 1, 2, 2, 2, 3, 2, 2, 2, 1, 2, 1, 2, 3, 1, 2, 1, 2, 2, 4, 2, 4, 2, 3, 2, 2, 2, 2, 2, 2, 4, 3, 2, 2, 2, 3, 1, 2, 2, 2, 3, 2, 4, 2, 2, 2, 3, 3",4,2.056603773584906,41,0.9107402031930334,n50os0.9-4.rcp,FEASIBILITY,19.0,6333,20.0,20.0,0.0,8779.00647,25685.832564,2
n50,53,109,1255,"0, 1, 1, 1, 1, 1, 1, 2, 2, 2, 3, 2, 2, 2, 1, 2, 1, 2, 3, 1, 2, 1, 2, 2, 4, 2, 4, 2, 3, 2, 2, 2, 2, 2, 2, 4, 3, 2, 2, 2, 3, 1, 2, 2, 2, 3, 2, 4, 2, 2, 2, 3, 3",4,2.056603773584906,41,0.9107402031930334,n50os0.9-4.rcp,MULTIFLOW,19.0,1331,34.0,34.0,0.0,41.599851,0.0,2
n50,53,115,1255,"0, 1, 1, 1, 1, 1, 2, 2, 1, 4, 2, 4, 4, 4, 4, 3, 2, 3, 2, 1, 3, 3, 1, 4, 2, 1, 2, 1, 1, 3, 5, 5, 2, 2, 1, 1, 3, 1, 2, 2, 1, 1, 3, 1, 4, 3, 3, 1, 1, 2, 3, 2, 2",5,2.169811320754717,33,0.9107402031930334,n50os0.9-5.rcp,FEASIBILITY,19.0,5060,20.0,20.0,0.0,6387.487127,18357.316956,2
n50,53,115,1255,"0, 1, 1, 1, 1, 1, 2, 2, 1, 4, 2, 4, 4, 4, 4, 3, 2, 3, 2, 1, 3, 3, 1, 4, 2, 1, 2, 1, 1, 3, 5, 5, 2, 2, 1, 1, 3, 1, 2, 2, 1, 1, 3, 1, 4, 3, 3, 1, 1, 2, 3, 2, 2",5,2.169811320754717,33,0.9107402031930334,n50os0.9-5.rcp,MULTIFLOW,19.0,35,34.0,34.0,0.0,20.849378,0.0,2
n50,53,114,1255,"0, 1, 1, 1, 1, 2, 1, 2, 1, 1, 4, 3, 2, 1, 2, 4, 1, 4, 1, 3, 2, 1, 1, 3, 1, 4, 3, 2, 2, 2, 2, 2, 3, 3, 2, 3, 4, 3, 2, 2, 3, 3, 4, 2, 2, 2, 3, 2, 1, 2, 2, 2, 3",4,2.150943396226415,38,0.9107402031930334,n50os0.9-6.rcp,MULTIFLOW,20.0,308,33.0,33.0,0.0,48.555029,0.0,2
n50,53,118,1255,"0, 1, 1, 1, 1, 1, 3, 2, 2, 3, 1, 2, 3, 2, 2, 2, 2, 3, 3, 3, 2, 2, 2, 2, 2, 1, 4, 3, 4, 1, 2, 1, 2, 4, 2, 3, 4, 2, 2, 1, 2, 3, 2, 3, 2, 3, 2, 2, 3, 3, 3, 2, 4",4,2.2264150943396226,42,0.9107402031930334,n50os0.9-7.rcp,FEASIBILITY,20.0,4497,21.0,21.0,0.0,11112.290573,25068.634098,2
n50,53,118,1255,"0, 1, 1, 1, 1, 1, 3, 2, 2, 3, 1, 2, 3, 2, 2, 2, 2, 3, 3, 3, 2, 2, 2, 2, 2, 1, 4, 3, 4, 1, 2, 1, 2, 4, 2, 3, 4, 2, 2, 1, 2, 3, 2, 3, 2, 3, 2, 2, 3, 3, 3, 2, 4",4,2.2264150943396226,42,0.9107402031930334,n50os0.9-7.rcp,MULTIFLOW,20.0,1,33.0,33.0,0.0,13.446865,0.0,2
n50,53,113,1255,"0, 1, 1, 1, 1, 1, 1, 1, 3, 1, 3, 1, 3, 3, 1, 2, 3, 4, 3, 5, 4, 3, 1, 2, 3, 4, 2, 3, 3, 3, 3, 3, 3, 2, 2, 2, 3, 2, 2, 1, 2, 2, 2, 3, 1, 1, 2, 2, 2, 1, 1, 1, 3",5,2.1320754716981134,35,0.9107402031930334,n50os0.9-8.rcp,FEASIBILITY,18.0,10618,19.0,19.0,0.0,6895.280971,15015.866231,2
n50,53,113,1255,"0, 1, 1, 1, 1, 1, 1, 1, 3, 1, 3, 1, 3, 3, 1, 2, 3, 4, 3, 5, 4, 3, 1, 2, 3, 4, 2, 3, 3, 3, 3, 3, 3, 2, 2, 2, 3, 2, 2, 1, 2, 2, 2, 3, 1, 1, 2, 2, 2, 1, 1, 1, 3",5,2.1320754716981134,35,0.9107402031930334,n50os0.9-8.rcp,MULTIFLOW,18.0,66,35.0,35.0,0.0,33.223307,0.0,2
n50,53,115,1255,"0, 1, 1, 1, 1, 1, 2, 1, 1, 2, 4, 3, 2, 4, 3, 2, 1, 1, 4, 3, 2, 1, 2, 1, 2, 2, 1, 3, 4, 4, 1, 2, 2, 1, 2, 2, 2, 2, 4, 3, 1, 4, 1, 4, 3, 3, 2, 3, 3, 2, 3, 3, 2",4,2.169811320754717,36,0.9107402031930334,n50os0.9-9.rcp,FEASIBILITY,18.0,7821,19.0,19.0,0.0,6998.496896,13297.665657,2
n50,53,115,1255,"0, 1, 1, 1, 1, 1, 2, 1, 1, 2, 4, 3, 2, 4, 3, 2, 1, 1, 4, 3, 2, 1, 2, 1, 2, 2, 1, 3, 4, 4, 1, 2, 2, 1, 2, 2, 2, 2, 4, 3, 1, 4, 1, 4, 3, 3, 2, 3, 3, 2, 3, 3, 2",4,2.169811320754717,36,0.9107402031930334,n50os0.9-9.rcp,MULTIFLOW,18.0,179,35.0,35.0,0.0,12.406392,0.0,2
n50,53,91,1316,"0, 1, 1, 1, 1, 1, 1, 4, 4, 2, 1, 1, 1, 3, 2, 2, 3, 1, 1, 1, 1, 3, 1, 2, 3, 2, 2, 2, 2, 3, 3, 2, 2, 1, 1, 2, 2, 2, 2, 2, 2, 2, 2, 1, 1, 1, 1, 1, 1, 1, 2, 2, 2",4,1.7169811320754718,29,0.9550072568940493,n50os0.95-1.rcp,FEASIBILITY,18.0,1,19.0,19.0,0.0,1694.16803,8195.105329,2
n50,53,91,1316,"0, 1, 1, 1, 1, 1, 1, 4, 4, 2, 1, 1, 1, 3, 2, 2, 3, 1, 1, 1, 1, 3, 1, 2, 3, 2, 2, 2, 2, 3, 3, 2, 2, 1, 1, 2, 2, 2, 2, 2, 2, 2, 2, 1, 1, 1, 1, 1, 1, 1, 2, 2, 2",4,1.7169811320754718,29,0.9550072568940493,n50os0.95-1.rcp,MULTIFLOW,18.0,1,35.0,35.0,0.0,1.097764,0.0,2
n50,53,92,1316,"0, 1, 1, 1, 2, 2, 1, 2, 2, 2, 2, 3, 2, 2, 2, 2, 2, 2, 2, 2, 1, 2, 1, 2, 1, 1, 2, 2, 2, 2, 2, 1, 2, 2, 2, 1, 1, 4, 3, 2, 3, 2, 2, 1, 1, 2, 1, 1, 1, 2, 2, 2, 1",4,1.7358490566037736,35,0.9550072568940493,n50os0.95-10.rcp,FEASIBILITY,16.0,1,17.0,17.0,0.0,932.771101,4890.545479,2
n50,53,92,1316,"0, 1, 1, 1, 2, 2, 1, 2, 2, 2, 2, 3, 2, 2, 2, 2, 2, 2, 2, 2, 1, 2, 1, 2, 1, 1, 2, 2, 2, 2, 2, 1, 2, 2, 2, 1, 1, 4, 3, 2, 3, 2, 2, 1, 1, 2, 1, 1, 1, 2, 2, 2, 1",4,1.7358490566037736,35,0.9550072568940493,n50os0.95-10.rcp,MULTIFLOW,16.0,1,37.0,37.0,0.0,1.503529,0.0,2
n50,53,92,1316,"0, 1, 1, 1, 1, 1, 1, 3, 3, 2, 1, 1, 2, 1, 2, 1, 2, 1, 1, 2, 2, 2, 2, 2, 1, 2, 2, 2, 1, 2, 3, 2, 1, 2, 2, 1, 1, 2, 2, 2, 3, 2, 3, 2, 3, 2, 2, 2, 1, 3, 3, 1, 1",3,1.7358490566037736,32,0.9550072568940493,n50os0.95-2.rcp,FEASIBILITY,17.0,1,18.0,18.0,0.0,1078.231924,6976.115142,2
n50,53,92,1316,"0, 1, 1, 1, 1, 1, 1, 3, 3, 2, 1, 1, 2, 1, 2, 1, 2, 1, 1, 2, 2, 2, 2, 2, 1, 2, 2, 2, 1, 2, 3, 2, 1, 2, 2, 1, 1, 2, 2, 2, 3, 2, 3, 2, 3, 2, 2, 2, 1, 3, 3, 1, 1",3,1.7358490566037736,32,0.9550072568940493,n50os0.95-2.rcp,MULTIFLOW,17.0,1,36.0,36.0,0.0,1.307985,0.0,2
n50,53,88,1316,"0, 1, 1, 1, 1, 2, 1, 1, 2, 2, 3, 1, 2, 1, 2, 1, 1, 3, 2, 3, 3, 2, 2, 1, 1, 1, 2, 2, 2, 2, 1, 2, 2, 1, 2, 4, 1, 1, 3, 2, 2, 1, 1, 1, 3, 2, 1, 1, 1, 2, 1, 1, 3",4,1.6603773584905661,27,0.9550072568940493,n50os0.95-3.rcp,FEASIBILITY,16.0,1,17.0,17.0,0.0,794.691327,4747.279034,2
n50,53,88,1316,"0, 1, 1, 1, 1, 2, 1, 1, 2, 2, 3, 1, 2, 1, 2, 1, 1, 3, 2, 3, 3, 2, 2, 1, 1, 1, 2, 2, 2, 2, 1, 2, 2, 1, 2, 4, 1, 1, 3, 2, 2, 1, 1, 1, 3, 2, 1, 1, 1, 2, 1, 1, 3",4,1.6603773584905661,27,0.9550072568940493,n50os0.95-3.rcp,MULTIFLOW,16.0,1,37.0,37.0,0.0,1.47942,0.0,2
n50,53,88,1316,"0, 1, 1, 1, 1, 1, 2, 2, 2, 3, 1, 1, 1, 1, 1, 1, 1, 3, 1, 3, 3, 2, 2, 2, 2, 3, 2, 4, 2, 1, 3, 2, 2, 1, 2, 2, 2, 1, 2, 1, 1, 1, 2, 2, 2, 1, 2, 1, 2, 2, 1, 1, 1",4,1.6603773584905661,28,0.9550072568940493,n50os0.95-4.rcp,FEASIBILITY,16.0,1,17.0,17.0,0.0,1055.94882,5121.581121,2
n50,53,88,1316,"0, 1, 1, 1, 1, 1, 2, 2, 2, 3, 1, 1, 1, 1, 1, 1, 1, 3, 1, 3, 3, 2, 2, 2, 2, 3, 2, 4, 2, 1, 3, 2, 2, 1, 2, 2, 2, 1, 2, 1, 1, 1, 2, 2, 2, 1, 2, 1, 2, 2, 1, 1, 1",4,1.6603773584905661,28,0.9550072568940493,n50os0.95-4.rcp,MULTIFLOW,16.0,1,37.0,37.0,0.0,1.902775,0.0,2
n50,53,93,1316,"0, 1, 1, 1, 1, 2, 1, 2, 2, 2, 1, 2, 2, 1, 2, 1, 2, 1, 2, 2, 2, 2, 2, 2, 2, 1, 2, 1, 1, 1, 2, 1, 1, 2, 1, 2, 2, 2, 2, 2, 2, 2, 3, 3, 3, 1, 3, 4, 2, 2, 2, 2, 2",4,1.7547169811320755,35,0.9550072568940493,n50os0.95-5.rcp,FEASIBILITY,16.0,1,17.0,17.0,0.0,782.575169,4888.856532,2
n50,53,93,1316,"0, 1, 1, 1, 1, 2, 1, 2, 2, 2, 1, 2, 2, 1, 2, 1, 2, 1, 2, 2, 2, 2, 2, 2, 2, 1, 2, 1, 1, 1, 2, 1, 1, 2, 1, 2, 2, 2, 2, 2, 2, 2, 3, 3, 3, 1, 3, 4, 2, 2, 2, 2, 2",4,1.7547169811320755,35,0.9550072568940493,n50os0.95-5.rcp,MULTIFLOW,16.0,1,37.0,37.0,0.0,1.494199,0.0,2
n50,53,84,1316,"0, 1, 1, 1, 1, 2, 1, 1, 1, 4, 1, 1, 2, 1, 2, 1, 1, 2, 2, 2, 2, 2, 3, 3, 2, 3, 1, 1, 1, 1, 2, 1, 2, 2, 2, 2, 1, 1, 2, 1, 2, 1, 1, 2, 1, 2, 2, 2, 1, 2, 1, 2, 2",4,1.5849056603773586,27,0.9550072568940493,n50os0.95-6.rcp,FEASIBILITY,17.0,377,18.0,18.0,0.0,1194.452329,6185.538083,2
n50,53,84,1316,"0, 1, 1, 1, 1, 2, 1, 1, 1, 4, 1, 1, 2, 1, 2, 1, 1, 2, 2, 2, 2, 2, 3, 3, 2, 3, 1, 1, 1, 1, 2, 1, 2, 2, 2, 2, 1, 1, 2, 1, 2, 1, 1, 2, 1, 2, 2, 2, 1, 2, 1, 2, 2",4,1.5849056603773586,27,0.9550072568940493,n50os0.95-6.rcp,MULTIFLOW,17.0,1,36.0,36.0,0.0,0.959129,0.0,2
n50,53,93,1316,"0, 1, 1, 1, 1, 2, 2, 1, 3, 1, 1, 1, 1, 1, 2, 1, 1, 2, 2, 4, 2, 5, 4, 2, 4, 1, 1, 1, 2, 2, 2, 1, 1, 1, 1, 1, 2, 1, 1, 2, 3, 3, 3, 2, 2, 1, 1, 3, 3, 2, 1, 2, 1",5,1.7547169811320755,26,0.9550072568940493,n50os0.95-7.rcp,FEASIBILITY,16.0,1,17.0,17.0,0.0,883.392797,6680.303761,2
n50,53,93,1316,"0, 1, 1, 1, 1, 2, 2, 1, 3, 1, 1, 1, 1, 1, 2, 1, 1, 2, 2, 4, 2, 5, 4, 2, 4, 1, 1, 1, 2, 2, 2, 1, 1, 1, 1, 1, 2, 1, 1, 2, 3, 3, 3, 2, 2, 1, 1, 3, 3, 2, 1, 2, 1",5,1.7547169811320755,26,0.9550072568940493,n50os0.95-7.rcp,MULTIFLOW,16.0,1,37.0,37.0,0.0,1.176882,0.0,2
n50,53,98,1316,"0, 1, 1, 1, 2, 1, 1, 2, 1, 1, 3, 3, 2, 2, 1, 2, 2, 2, 2, 1, 1, 2, 2, 2, 1, 2, 2, 1, 1, 1, 3, 2, 1, 2, 2, 2, 2, 2, 2, 2, 2, 1, 2, 3, 2, 2, 2, 2, 4, 4, 4, 3, 1",4,1.849056603773585,35,0.9550072568940493,n50os0.95-8.rcp,FEASIBILITY,19.0,1,20.0,20.0,0.0,1518.788776,8388.749143,2
n50,53,98,1316,"0, 1, 1, 1, 2, 1, 1, 2, 1, 1, 3, 3, 2, 2, 1, 2, 2, 2, 2, 1, 1, 2, 2, 2, 1, 2, 2, 1, 1, 1, 3, 2, 1, 2, 2, 2, 2, 2, 2, 2, 2, 1, 2, 3, 2, 2, 2, 2, 4, 4, 4, 3, 1",4,1.849056603773585,35,0.9550072568940493,n50os0.95-8.rcp,MULTIFLOW,19.0,1,34.0,34.0,0.0,1.212203,0.0,2
n50,53,84,1316,"0, 1, 1, 1, 1, 2, 1, 2, 1, 1, 2, 1, 1, 1, 2, 2, 2, 2, 3, 3, 1, 2, 2, 2, 2, 1, 1, 1, 1, 3, 1, 1, 2, 2, 1, 1, 1, 3, 1, 1, 2, 2, 1, 2, 2, 2, 3, 3, 2, 1, 1, 1, 2",3,1.5849056603773586,26,0.9550072568940493,n50os0.95-9.rcp,FEASIBILITY,15.0,1,16.0,16.0,0.0,570.214801,4202.688695,2
n50,53,84,1316,"0, 1, 1, 1, 1, 2, 1, 2, 1, 1, 2, 1, 1, 1, 2, 2, 2, 2, 3, 3, 1, 2, 2, 2, 2, 1, 1, 1, 1, 3, 1, 1, 2, 2, 1, 1, 1, 3, 1, 1, 2, 2, 1, 2, 2, 2, 3, 3, 2, 1, 1, 1, 2",3,1.5849056603773586,26,0.9550072568940493,n50os0.95-9.rcp,MULTIFLOW,15.0,1,38.0,38.0,0.0,1.893937,0.0,2
n60,63,313,537,"0, 1, 1, 1, 1, 1, 1, 1, 1, 1, 1, 1, 1, 1, 1, 2, 1, 1, 1, 1, 1, 1, 3, 1, 2, 1, 1, 7, 1, 1, 11, 3, 3, 2, 2, 1, 1, 8, 16, 12, 7, 17, 15, 9, 14, 12, 11, 10, 9, 12, 9, 9, 7, 8, 6, 5, 7, 7, 6, 5, 3, 2, 25",25,4.968253968253968,35,0.2749615975422427,n60os0.2-1.rcp,,,,,,,,,
n60,63,297,537,"0, 1, 1, 1, 1, 1, 1, 1, 1, 1, 1, 1, 1, 1, 1, 1, 1, 1, 2, 2, 1, 1, 2, 1, 2, 1, 3, 4, 2, 1, 6, 5, 4, 4, 3, 2, 2, 1, 14, 14, 13, 13, 13, 12, 12, 9, 7, 10, 10, 6, 10, 7, 9, 6, 7, 7, 6, 6, 5, 3, 4, 4, 24",24,4.714285714285714,39,0.2749615975422427,n60os0.2-10.rcp,,,,,,,,,
n60,63,289,537,"0, 1, 1, 1, 1, 1, 1, 1, 1, 1, 1, 1, 1, 1, 1, 2, 1, 1, 1, 1, 1, 5, 1, 1, 1, 2, 5, 1, 1, 1, 4, 3, 2, 1, 1, 8, 8, 5, 13, 13, 14, 16, 8, 13, 8, 12, 9, 7, 7, 6, 10, 7, 7, 5, 8, 7, 7, 6, 5, 3, 2, 1, 24",24,4.587301587301587,34,0.2749615975422427,n60os0.2-2.rcp,,,,,,,,,
n60,63,279,537,"0, 1, 1, 1, 1, 1, 1, 1, 1, 1, 1, 1, 1, 2, 1, 1, 1, 1, 1, 1, 1, 3, 1, 1, 1, 1, 1, 2, 1, 1, 4, 1, 1, 3, 7, 7, 2, 2, 1, 9, 7, 2, 2, 14, 13, 16, 12, 10, 18, 15, 7, 10, 6, 9, 8, 7, 6, 6, 6, 6, 5, 5, 19",19,4.428571428571429,33,0.2749615975422427,n60os0.2-3.rcp,,,,,,,,,
n60,63,289,537,"0, 1, 1, 1, 1, 1, 1, 1, 1, 1, 1, 1, 1, 1, 1, 1, 1, 1, 2, 1, 1, 1, 1, 2, 1, 4, 3, 1, 1, 1, 1, 2, 2, 2, 1, 8, 6, 5, 3, 18, 8, 14, 13, 10, 9, 10, 9, 9, 12, 10, 7, 11, 9, 10, 10, 8, 8, 7, 5, 1, 1, 1, 23",23,4.587301587301587,32,0.2749615975422427,n60os0.2-4.rcp,,,,,,,,,
n60,63,257,537,"0, 1, 1, 1, 1, 1, 1, 1, 1, 1, 1, 1, 2, 1, 1, 1, 1, 1, 1, 1, 1, 1, 5, 1, 4, 1, 6, 1, 5, 1, 1, 2, 2, 1, 1, 1, 1, 5, 4, 1, 1, 1, 1, 11, 5, 10, 16, 11, 15, 9, 13, 11, 10, 9, 9, 8, 6, 7, 7, 6, 6, 3, 17",17,4.079365079365079,29,0.2749615975422427,n60os0.2-5.rcp,,,,,,,,,
n60,63,271,537,"0, 1, 1, 1, 1, 1, 1, 1, 1, 1, 1, 1, 1, 1, 1, 1, 1, 1, 1, 1, 1, 1, 1, 4, 1, 2, 1, 2, 1, 3, 3, 1, 1, 1, 4, 1, 6, 6, 5, 5, 12, 6, 4, 1, 1, 12, 12, 13, 10, 11, 14, 11, 9, 9, 12, 9, 9, 8, 7, 7, 6, 2, 17",17,4.301587301587301,31,0.2749615975422427,n60os0.2-6.rcp,,,,,,,,,
n60,63,284,537,"0, 1, 1, 1, 1, 1, 1, 1, 1, 1, 1, 1, 1, 1, 1, 1, 1, 1, 2, 1, 1, 1, 1, 1, 1, 6, 2, 1, 4, 2, 1, 8, 7, 6, 3, 3, 4, 2, 9, 12, 10, 8, 6, 12, 10, 10, 7, 13, 12, 9, 7, 4, 10, 7, 7, 3, 8, 7, 5, 5, 4, 1, 24",24,4.507936507936508,36,0.2749615975422427,n60os0.2-7.rcp,,,,,,,,,
n60,63,291,537,"0, 1, 1, 1, 1, 1, 1, 1, 1, 1, 1, 1, 1, 1, 1, 1, 3, 1, 1, 1, 1, 1, 1, 1, 1, 1, 1, 1, 1, 1, 1, 3, 1, 1, 1, 1, 2, 7, 4, 1, 11, 8, 5, 1, 17, 13, 19, 17, 9, 11, 14, 10, 10, 9, 12, 9, 9, 10, 9, 8, 5, 4, 18",19,4.619047619047619,27,0.2749615975422427,n60os0.2-8.rcp,,,,,,,,,
n60,63,302,537,"0, 1, 1, 1, 1, 1, 1, 1, 1, 1, 1, 1, 1, 1, 1, 1, 1, 1, 1, 1, 4, 1, 1, 1, 3, 2, 1, 5, 1, 1, 7, 4, 6, 5, 3, 3, 3, 2, 1, 15, 13, 10, 6, 11, 11, 10, 10, 10, 11, 8, 10, 8, 7, 7, 9, 9, 9, 8, 6, 6, 6, 6, 23",23,4.7936507936507935,36,0.2749615975422427,n60os0.2-9.rcp,,,,,,,,,
n60,63,329,1068,"0, 1, 1, 1, 1, 1, 1, 1, 1, 1, 1, 1, 1, 1, 2, 1, 1, 1, 3, 1, 5, 1, 2, 1, 1, 1, 4, 5, 6, 2, 7, 6, 7, 10, 13, 10, 10, 12, 5, 9, 3, 9, 8, 12, 7, 6, 4, 8, 7, 10, 5, 11, 10, 10, 12, 7, 11, 8, 9, 7, 7, 9, 10",13,5.222222222222222,41,0.5468509984639017,n60os0.5-1.rcp,,,,,,,,,
n60,63,323,1068,"0, 1, 1, 1, 1, 1, 1, 2, 1, 1, 1, 2, 1, 1, 1, 2, 1, 1, 1, 1, 7, 1, 1, 6, 4, 2, 2, 1, 5, 5, 8, 10, 9, 7, 11, 11, 7, 4, 11, 9, 6, 6, 9, 9, 6, 10, 9, 10, 10, 6, 5, 10, 7, 7, 9, 5, 8, 10, 3, 8, 6, 8, 13",13,5.126984126984127,43,0.5468509984639017,n60os0.5-10.rcp,,,,,,,,,
n60,63,302,1068,"0, 1, 1, 1, 1, 1, 1, 1, 1, 1, 1, 1, 1, 2, 1, 1, 1, 2, 2, 1, 5, 5, 5, 2, 5, 3, 6, 10, 8, 6, 1, 5, 3, 7, 6, 9, 6, 8, 5, 7, 6, 5, 7, 6, 7, 10, 8, 7, 8, 7, 6, 8, 7, 7, 8, 8, 7, 8, 7, 6, 7, 6, 12",12,4.7936507936507935,45,0.5468509984639017,n60os0.5-2.rcp,,,,,,,,,
n60,63,323,1068,"0, 1, 1, 1, 1, 1, 1, 1, 1, 1, 1, 1, 1, 1, 2, 4, 1, 5, 4, 8, 3, 3, 4, 4, 4, 5, 4, 4, 7, 4, 5, 5, 8, 6, 4, 6, 6, 6, 7, 7, 6, 5, 6, 12, 8, 7, 12, 7, 7, 7, 10, 9, 6, 6, 8, 6, 5, 13, 11, 10, 9, 5, 9",13,5.126984126984127,48,0.5468509984639017,n60os0.5-3.rcp,,,,,,,,,
n60,63,308,1068,"0, 1, 1, 1, 1, 1, 1, 3, 1, 1, 1, 1, 1, 1, 5, 2, 1, 2, 1, 3, 3, 2, 8, 6, 3, 1, 5, 1, 3, 9, 4, 6, 7, 9, 5, 7, 6, 4, 4, 5, 7, 9, 6, 8, 11, 9, 7, 6, 5, 5, 5, 7, 13, 9, 6, 9, 7, 8, 6, 9, 8, 9, 12",13,4.888888888888889,46,0.5468509984639017,n60os0.5-4.rcp,,,,,,,,,
n60,63,327,1068,"0, 1, 1, 1, 1, 1, 1, 1, 1, 1, 1, 1, 4, 1, 1, 2, 1, 5, 1, 8, 1, 3, 3, 8, 6, 5, 5, 6, 4, 9, 5, 7, 4, 8, 6, 6, 6, 3, 9, 6, 4, 7, 5, 8, 6, 5, 1, 5, 9, 9, 8, 6, 10, 13, 10, 9, 11, 10, 9, 7, 8, 9, 14",14,5.190476190476191,45,0.5468509984639017,n60os0.5-5.rcp,,,,,,,,,
n60,63,303,1068,"0, 1, 1, 1, 1, 1, 1, 1, 1, 1, 1, 1, 1, 4, 1, 2, 1, 1, 1, 1, 1, 5, 1, 5, 3, 8, 7, 6, 7, 6, 2, 4, 7, 6, 7, 5, 7, 7, 10, 7, 10, 4, 10, 7, 9, 3, 7, 10, 9, 8, 9, 6, 5, 7, 5, 4, 4, 7, 9, 9, 4, 10, 13",13,4.809523809523809,43,0.5468509984639017,n60os0.5-6.rcp,,,,,,,,,
n60,63,305,1068,"0, 1, 1, 1, 1, 1, 1, 1, 1, 1, 1, 3, 2, 1, 3, 1, 3, 1, 1, 4, 1, 1, 3, 5, 4, 5, 5, 2, 1, 6, 3, 5, 5, 6, 7, 6, 5, 8, 13, 9, 7, 8, 8, 9, 7, 10, 8, 7, 5, 6, 6, 4, 10, 8, 6, 9, 6, 10, 8, 12, 4, 6, 12",13,4.841269841269841,45,0.5468509984639017,n60os0.5-7.rcp,,,,,,,,,
n60,63,293,1068,"0, 1, 1, 1, 1, 1, 1, 1, 1, 3, 1, 1, 1, 1, 2, 2, 3, 3, 1, 1, 7, 3, 1, 2, 7, 2, 2, 3, 8, 4, 4, 6, 7, 8, 4, 5, 6, 6, 5, 9, 6, 9, 7, 7, 7, 7, 6, 8, 9, 6, 10, 8, 6, 9, 8, 5, 6, 7, 7, 6, 8, 5, 10",10,4.650793650793651,47,0.5468509984639017,n60os0.5-8.rcp,,,,,,,,,
n60,63,301,1068,"0, 1, 1, 1, 1, 1, 1, 1, 1, 1, 1, 1, 1, 1, 1, 4, 1, 1, 4, 1, 1, 4, 5, 3, 5, 4, 3, 9, 4, 8, 7, 7, 6, 8, 7, 10, 8, 7, 6, 7, 6, 5, 8, 7, 6, 5, 5, 6, 9, 10, 4, 4, 3, 9, 8, 7, 6, 7, 10, 6, 7, 4, 15",15,4.777777777777778,44,0.5468509984639017,n60os0.5-9.rcp,,,,,,,,,
n60,63,255,1422,"0, 1, 1, 1, 1, 1, 1, 1, 1, 1, 1, 1, 2, 4, 5, 1, 4, 5, 6, 5, 4, 8, 6, 6, 8, 2, 3, 7, 2, 5, 6, 7, 5, 4, 4, 7, 5, 4, 5, 6, 6, 6, 4, 6, 7, 6, 4, 3, 6, 5, 6, 2, 5, 2, 5, 3, 6, 3, 5, 6, 3, 3, 6",8,4.0476190476190474,50,0.728110599078341,n60os0.7-1.rcp,,,,,,,,,
n60,63,244,1422,"0, 1, 1, 1, 1, 1, 1, 4, 1, 1, 2, 3, 1, 1, 5, 1, 5, 6, 6, 3, 2, 7, 1, 8, 3, 5, 4, 4, 4, 5, 5, 5, 5, 5, 2, 6, 4, 4, 6, 4, 6, 3, 6, 4, 5, 6, 6, 4, 6, 4, 5, 7, 5, 2, 3, 3, 2, 5, 5, 5, 4, 5, 9",9,3.873015873015873,50,0.728110599078341,n60os0.7-10.rcp,,,,,,,,,
n60,63,228,1422,"0, 1, 1, 1, 1, 1, 1, 1, 1, 1, 1, 1, 2, 1, 4, 5, 1, 5, 1, 5, 6, 4, 6, 4, 3, 4, 3, 4, 2, 3, 4, 5, 3, 4, 4, 3, 3, 2, 3, 4, 4, 4, 6, 4, 7, 6, 6, 3, 5, 4, 2, 4, 7, 4, 7, 8, 6, 6, 6, 3, 4, 3, 10",10,3.619047619047619,48,0.728110599078341,n60os0.7-2.rcp,,,,,,,,,
n60,63,253,1422,"0, 1, 1, 1, 1, 1, 1, 1, 1, 1, 3, 2, 1, 3, 2, 6, 4, 3, 3, 3, 5, 3, 4, 2, 5, 3, 7, 3, 2, 5, 5, 3, 3, 4, 5, 4, 5, 3, 5, 3, 4, 5, 8, 8, 7, 6, 5, 5, 5, 8, 2, 7, 6, 5, 7, 7, 4, 4, 7, 6, 6, 5, 8",8,4.015873015873016,52,0.728110599078341,n60os0.7-3.rcp,MULTIFLOW,29.0,4319,34.0,42.0,0.0,18000.971468,0.0,9
n60,63,248,1422,"0, 1, 1, 1, 1, 1, 1, 1, 1, 1, 1, 1, 6, 2, 1, 5, 1, 9, 1, 3, 4, 6, 2, 4, 4, 5, 7, 3, 6, 3, 2, 3, 6, 6, 5, 4, 4, 6, 7, 4, 4, 5, 2, 8, 5, 5, 6, 3, 7, 4, 7, 5, 3, 2, 4, 4, 4, 7, 5, 7, 6, 7, 8",9,3.9365079365079363,48,0.728110599078341,n60os0.7-4.rcp,MULTIFLOW,30.0,3103,33.0,40.0,0.0,18000.989805,0.0,9
n60,63,244,1422,"0, 1, 1, 1, 1, 1, 3, 1, 1, 1, 2, 1, 1, 1, 1, 4, 3, 5, 1, 5, 3, 4, 5, 4, 6, 8, 6, 5, 6, 5, 7, 5, 7, 5, 4, 3, 4, 5, 4, 5, 3, 6, 4, 4, 4, 4, 7, 8, 5, 4, 3, 6, 4, 4, 3, 3, 5, 3, 3, 5, 5, 6, 9",9,3.873015873015873,49,0.728110599078341,n60os0.7-5.rcp,MULTIFLOW,27.0,3212,36.0,41.0,0.0,18000.864391,0.0,9
n60,63,276,1422,"0, 1, 1, 1, 1, 1, 1, 1, 1, 1, 1, 1, 1, 5, 3, 2, 6, 4, 6, 4, 1, 9, 5, 9, 5, 6, 8, 6, 5, 6, 4, 6, 5, 4, 6, 7, 8, 4, 4, 3, 4, 6, 3, 8, 5, 2, 6, 4, 5, 5, 5, 5, 7, 6, 6, 5, 6, 6, 6, 5, 5, 4, 9",9,4.380952380952381,49,0.728110599078341,n60os0.7-6.rcp,MULTIFLOW,31.0,2177,32.0,38.0,0.0,18000.812819,0.0,9
n60,63,247,1422,"0, 1, 1, 1, 1, 1, 2, 1, 1, 1, 1, 4, 6, 5, 3, 2, 3, 2, 6, 6, 3, 6, 4, 1, 3, 3, 5, 5, 5, 3, 3, 4, 5, 6, 4, 6, 3, 9, 5, 6, 6, 7, 2, 7, 5, 3, 3, 6, 3, 6, 5, 7, 5, 6, 6, 5, 4, 4, 3, 4, 2, 3, 8",9,3.9206349206349205,52,0.728110599078341,n60os0.7-7.rcp,MULTIFLOW,28.0,2990,35.0,42.0,0.0,18000.844284,0.0,9
n60,63,275,1422,"0, 1, 1, 1, 1, 1, 1, 1, 2, 1, 2, 1, 1, 3, 3, 5, 3, 5, 1, 5, 5, 4, 5, 7, 2, 6, 4, 4, 5, 7, 5, 9, 6, 7, 3, 7, 7, 6, 6, 8, 8, 5, 4, 6, 5, 6, 4, 8, 6, 4, 4, 4, 4, 7, 3, 3, 6, 5, 5, 8, 4, 6, 8",9,4.365079365079365,51,0.728110599078341,n60os0.7-8.rcp,MULTIFLOW,28.0,3065,35.0,42.0,0.0,18000.829164,0.0,9
n60,63,244,1422,"0, 1, 1, 1, 1, 1, 1, 1, 1, 2, 3, 1, 2, 5, 5, 2, 2, 3, 3, 2, 3, 7, 3, 3, 4, 3, 5, 5, 5, 5, 2, 7, 5, 4, 3, 6, 5, 6, 4, 7, 4, 6, 5, 3, 7, 7, 5, 4, 7, 6, 7, 4, 5, 4, 5, 8, 5, 4, 4, 3, 2, 5, 4",8,3.873015873015873,53,0.728110599078341,n60os0.7-9.rcp,MULTIFLOW,28.0,2750,35.0,41.0,0.0,18000.886384,0.0,9
n60,63,193,1599,"0, 1, 1, 1, 1, 1, 1, 1, 4, 2, 3, 1, 2, 2, 3, 1, 6, 2, 3, 5, 2, 3, 3, 5, 6, 5, 4, 3, 5, 1, 6, 3, 4, 5, 4, 5, 2, 3, 3, 3, 4, 3, 3, 4, 2, 2, 5, 2, 2, 3, 3, 3, 3, 3, 4, 4, 5, 5, 3, 3, 2, 3, 6",6,3.0634920634920637,52,0.8187403993855606,n60os0.8-1.rcp,MULTIFLOW,26.0,16526,37.0,42.0,0.0,18000.776237,0.0,9
n60,63,192,1599,"0, 1, 1, 1, 1, 1, 1, 3, 1, 1, 3, 1, 3, 3, 3, 5, 3, 4, 5, 6, 5, 5, 2, 4, 4, 4, 4, 5, 4, 3, 6, 3, 6, 2, 2, 1, 5, 2, 3, 3, 2, 2, 6, 3, 4, 2, 2, 3, 3, 4, 2, 2, 3, 3, 3, 5, 3, 1, 4, 2, 3, 4, 6",6,3.0476190476190474,51,0.8187403993855606,n60os0.8-10.rcp,,,,,,,,,
n60,63,195,1599,"0, 1, 1, 1, 1, 1, 1, 1, 2, 1, 1, 1, 4, 4, 5, 3, 3, 3, 3, 4, 3, 2, 4, 5, 3, 3, 2, 3, 5, 3, 4, 2, 4, 3, 4, 3, 5, 5, 3, 6, 4, 3, 5, 4, 7, 3, 4, 5, 4, 3, 2, 2, 3, 2, 3, 2, 2, 3, 4, 3, 3, 3, 8",8,3.0952380952380953,52,0.8187403993855606,n60os0.8-2.rcp,MULTIFLOW,27.0,19195,36.0,39.0,0.0,18000.782558,0.0,9
n60,63,204,1599,"0, 1, 1, 1, 1, 1, 1, 1, 1, 2, 2, 2, 1, 5, 5, 4, 2, 2, 4, 3, 1, 3, 3, 6, 4, 3, 3, 3, 3, 2, 2, 4, 5, 5, 3, 4, 5, 4, 2, 3, 5, 5, 4, 5, 3, 3, 4, 3, 4, 4, 6, 4, 3, 3, 5, 3, 3, 3, 2, 5, 7, 5, 7",7,3.238095238095238,52,0.8187403993855606,n60os0.8-3.rcp,MULTIFLOW,26.0,15801,37.0,41.0,0.0,18000.740516,0.0,9
n60,63,216,1599,"0, 1, 1, 1, 1, 1, 1, 1, 1, 4, 5, 1, 2, 6, 3, 5, 3, 4, 3, 5, 5, 4, 5, 5, 5, 3, 6, 3, 4, 4, 4, 2, 4, 5, 6, 5, 6, 5, 3, 6, 3, 5, 2, 1, 3, 2, 5, 3, 2, 3, 5, 5, 4, 2, 6, 5, 4, 5, 3, 1, 2, 3, 3",6,3.4285714285714284,51,0.8187403993855606,n60os0.8-4.rcp,MULTIFLOW,24.0,15515,39.0,41.0,0.0,18000.745966,0.0,9
n60,63,198,1599,"0, 1, 1, 1, 1, 1, 1, 1, 1, 2, 2, 4, 3, 2, 5, 4, 2, 3, 2, 5, 5, 4, 5, 4, 5, 4, 3, 3, 5, 3, 7, 6, 5, 5, 3, 3, 3, 4, 6, 4, 5, 3, 2, 4, 4, 3, 3, 2, 2, 5, 1, 3, 4, 6, 2, 2, 2, 2, 2, 2, 1, 1, 8",8,3.142857142857143,51,0.8187403993855606,n60os0.8-5.rcp,,,,,,,,,
n60,63,195,1599,"0, 1, 1, 1, 1, 1, 1, 1, 3, 2, 2, 3, 2, 2, 2, 3, 4, 4, 2, 3, 3, 5, 4, 3, 4, 4, 3, 3, 3, 3, 4, 3, 3, 4, 4, 4, 4, 3, 5, 3, 5, 4, 7, 1, 3, 4, 7, 3, 5, 3, 3, 2, 3, 3, 3, 2, 4, 3, 2, 2, 4, 3, 8",8,3.0952380952380953,54,0.8187403993855606,n60os0.8-6.rcp,,,,,,,,,
n60,63,222,1599,"0, 1, 1, 1, 1, 1, 1, 1, 3, 2, 1, 4, 3, 4, 4, 4, 3, 3, 2, 4, 4, 3, 3, 3, 3, 4, 2, 4, 4, 4, 6, 2, 4, 4, 5, 6, 6, 5, 5, 3, 3, 5, 3, 4, 4, 7, 3, 3, 3, 3, 4, 3, 5, 4, 4, 3, 7, 5, 6, 6, 4, 4, 5",7,3.5238095238095237,54,0.8187403993855606,n60os0.8-7.rcp,MULTIFLOW,28.0,10316,35.0,39.0,0.0,18000.744343,0.0,9
n60,63,178,1599,"0, 1, 1, 1, 1, 1, 1, 1, 1, 3, 3, 3, 1, 1, 4, 3, 2, 3, 3, 2, 1, 3, 4, 3, 3, 2, 4, 3, 4, 3, 4, 2, 5, 2, 3, 3, 4, 3, 3, 4, 2, 3, 4, 3, 5, 3, 5, 3, 4, 3, 4, 4, 3, 3, 3, 4, 3, 2, 3, 1, 3, 5, 6",6,2.8253968253968256,50,0.8187403993855606,n60os0.8-8.rcp,MULTIFLOW,23.0,27599,40.0,42.0,0.0,18000.75182,0.0,9
n60,63,199,1599,"0, 1, 1, 1, 1, 1, 1, 1, 1, 1, 5, 1, 2, 2, 2, 3, 7, 3, 2, 4, 3, 4, 2, 3, 2, 3, 3, 4, 3, 3, 3, 2, 3, 4, 2, 2, 3, 4, 5, 3, 3, 4, 5, 3, 4, 3, 4, 3, 3, 5, 2, 6, 3, 5, 5, 5, 7, 3, 4, 3, 6, 6, 6",7,3.1587301587301586,52,0.8187403993855606,n60os0.8-9.rcp,,,,,,,,,
n60,63,150,1776,"0, 1, 1, 1, 2, 1, 1, 1, 1, 4, 2, 1, 2, 3, 3, 3, 4, 2, 1, 3, 4, 3, 2, 1, 1, 3, 1, 2, 2, 5, 2, 4, 4, 3, 1, 2, 3, 1, 1, 2, 2, 2, 3, 5, 3, 3, 3, 3, 4, 3, 3, 4, 3, 2, 1, 3, 2, 3, 4, 3, 3, 2, 2",5,2.380952380952381,46,0.9093701996927803,n60os0.9-1.rcp,MULTIFLOW,23.0,5403,40.0,40.0,0.0,472.806112,0.0,2
n60,63,141,1776,"0, 1, 1, 1, 2, 1, 2, 1, 4, 1, 1, 3, 2, 3, 2, 1, 3, 3, 2, 3, 2, 3, 2, 1, 2, 2, 2, 1, 4, 1, 4, 3, 2, 2, 4, 2, 2, 3, 4, 2, 1, 2, 3, 2, 4, 1, 2, 2, 4, 2, 3, 2, 3, 4, 2, 3, 1, 2, 2, 2, 1, 3, 5",5,2.238095238095238,47,0.9093701996927803,n60os0.9-10.rcp,MULTIFLOW,24.0,132365,39.0,39.0,0.0,4215.310823,0.0,2
n60,63,160,1776,"0, 1, 1, 1, 1, 1, 2, 1, 1, 3, 1, 4, 5, 4, 3, 2, 2, 2, 2, 1, 3, 2, 5, 3, 3, 4, 2, 3, 2, 3, 3, 3, 3, 2, 3, 2, 2, 3, 3, 3, 4, 5, 4, 3, 4, 2, 1, 4, 2, 1, 2, 3, 4, 2, 2, 2, 4, 3, 2, 3, 3, 2, 3",5,2.5396825396825395,51,0.9093701996927803,n60os0.9-2.rcp,MULTIFLOW,25.0,2180,38.0,38.0,0.0,226.476392,0.0,2
n60,63,157,1776,"0, 1, 1, 1, 2, 1, 1, 2, 1, 2, 2, 4, 4, 5, 2, 4, 1, 2, 2, 2, 2, 4, 2, 2, 2, 1, 3, 3, 2, 2, 3, 1, 5, 3, 2, 4, 5, 2, 3, 3, 2, 2, 3, 3, 2, 2, 3, 2, 5, 2, 3, 3, 2, 2, 1, 5, 2, 5, 4, 2, 2, 3, 3",5,2.492063492063492,52,0.9093701996927803,n60os0.9-3.rcp,MULTIFLOW,25.0,1,38.0,38.0,0.0,31.26238,0.0,2
n60,63,168,1776,"0, 1, 1, 1, 1, 1, 3, 2, 1, 2, 3, 1, 4, 4, 3, 3, 3, 2, 2, 2, 3, 4, 3, 3, 3, 2, 4, 4, 4, 4, 2, 3, 4, 4, 4, 3, 5, 4, 4, 3, 5, 3, 3, 2, 2, 2, 2, 2, 2, 2, 2, 3, 3, 2, 2, 2, 1, 2, 4, 4, 2, 2, 4",5,2.6666666666666665,54,0.9093701996927803,n60os0.9-4.rcp,MULTIFLOW,23.0,1,40.0,40.0,0.0,126.954313,0.0,2
n60,63,150,1776,"0, 1, 1, 1, 1, 2, 1, 1, 1, 3, 1, 2, 3, 2, 3, 4, 2, 1, 3, 4, 3, 3, 4, 2, 2, 4, 4, 2, 3, 2, 3, 2, 4, 3, 3, 1, 2, 2, 2, 1, 1, 3, 1, 2, 2, 2, 3, 3, 4, 4, 3, 4, 4, 4, 2, 2, 3, 3, 4, 3, 1, 1, 2",4,2.380952380952381,47,0.9093701996927803,n60os0.9-5.rcp,MULTIFLOW,23.0,296,40.0,40.0,0.0,93.043725,0.0,2
n60,63,155,1776,"0, 1, 1, 1, 1, 1, 1, 1, 2, 3, 4, 3, 2, 4, 3, 2, 3, 1, 2, 2, 3, 4, 3, 2, 3, 3, 2, 2, 1, 4, 3, 3, 4, 3, 3, 4, 4, 3, 4, 3, 3, 2, 1, 3, 2, 5, 4, 2, 4, 4, 4, 2, 1, 1, 2, 2, 1, 1, 3, 2, 2, 1, 4",5,2.4603174603174605,47,0.9093701996927803,n60os0.9-6.rcp,MULTIFLOW,24.0,68025,39.0,39.0,0.0,7436.249198,0.0,2
n60,63,142,1776,"0, 1, 1, 1, 1, 1, 1, 1, 3, 3, 2, 2, 4, 4, 3, 3, 3, 3, 2, 2, 5, 2, 1, 2, 3, 2, 2, 3, 2, 3, 3, 3, 3, 3, 1, 2, 4, 1, 1, 3, 4, 2, 2, 3, 1, 2, 1, 1, 1, 2, 2, 3, 2, 4, 2, 3, 3, 2, 4, 1, 2, 2, 3",5,2.253968253968254,46,0.9093701996927803,n60os0.9-7.rcp,MULTIFLOW,22.0,5452,41.0,41.0,0.0,468.207401,0.0,2
n60,63,150,1776,"0, 1, 1, 1, 1, 1, 1, 2, 1, 4, 4, 4, 4, 3, 3, 2, 4, 2, 3, 2, 3, 2, 2, 2, 2, 3, 3, 3, 2, 2, 2, 2, 1, 3, 2, 3, 1, 2, 2, 2, 1, 3, 2, 2, 3, 3, 4, 3, 1, 4, 2, 4, 2, 3, 3, 2, 2, 4, 2, 3, 3, 4, 2",4,2.380952380952381,51,0.9093701996927803,n60os0.9-8.rcp,MULTIFLOW,23.0,4699,40.0,40.0,0.0,346.796522,0.0,2
n60,63,145,1776,"0, 1, 1, 1, 1, 1, 1, 2, 1, 1, 2, 4, 4, 3, 4, 4, 5, 3, 1, 2, 4, 2, 4, 3, 2, 3, 2, 2, 2, 2, 2, 2, 2, 1, 4, 3, 1, 2, 3, 1, 1, 2, 1, 1, 2, 4, 1, 4, 1, 2, 2, 2, 3, 2, 1, 4, 3, 2, 4, 3, 3, 5, 3",5,2.3015873015873014,44,0.9093701996927803,n60os0.9-9.rcp,MULTIFLOW,23.0,1,40.0,40.0,0.0,41.514037,0.0,2
n60,63,127,1864,"0, 1, 1, 1, 1, 3, 1, 1, 1, 1, 3, 2, 2, 4, 4, 4, 2, 3, 3, 3, 2, 1, 2, 2, 3, 4, 4, 2, 1, 2, 2, 1, 2, 1, 2, 1, 2, 3, 3, 2, 3, 2, 2, 2, 2, 2, 2, 3, 2, 2, 1, 1, 1, 2, 2, 1, 3, 3, 2, 1, 1, 1, 3",4,2.015873015873016,42,0.9544290834613415,n60os0.95-1.rcp,MULTIFLOW,23.0,1,40.0,40.0,0.0,7.303365,0.0,2
n60,63,118,1864,"0, 1, 1, 1, 2, 2, 2, 1, 1, 1, 2, 2, 1, 2, 2, 5, 4, 3, 4, 3, 3, 2, 2, 2, 2, 2, 3, 1, 3, 1, 3, 2, 1, 3, 1, 2, 1, 2, 2, 2, 3, 2, 2, 2, 2, 1, 1, 1, 1, 2, 2, 2, 1, 1, 1, 2, 1, 1, 2, 2, 2, 3, 1",5,1.873015873015873,40,0.9544290834613415,n60os0.95-10.rcp,MULTIFLOW,21.0,1,42.0,42.0,0.0,3.292941,0.0,2
n60,63,112,1864,"0, 1, 1, 1, 1, 1, 1, 2, 1, 3, 3, 2, 3, 3, 2, 1, 1, 2, 2, 1, 3, 2, 2, 1, 1, 2, 2, 1, 1, 2, 3, 2, 2, 1, 3, 2, 3, 1, 3, 2, 2, 1, 2, 1, 2, 2, 1, 2, 2, 2, 1, 2, 2, 3, 1, 1, 3, 1, 3, 2, 2, 1, 2",3,1.7777777777777777,38,0.9544290834613415,n60os0.95-2.rcp,MULTIFLOW,19.0,1,44.0,44.0,0.0,2.265146,0.0,2
n60,63,108,1864,"0, 1, 1, 1, 1, 1, 1, 1, 2, 1, 3, 2, 2, 1, 2, 2, 1, 1, 2, 1, 1, 1, 1, 3, 2, 3, 2, 1, 2, 3, 3, 3, 3, 1, 2, 3, 2, 1, 2, 2, 1, 2, 2, 2, 3, 2, 2, 3, 1, 2, 1, 2, 2, 2, 1, 1, 1, 2, 1, 2, 1, 1, 3",3,1.7142857142857142,35,0.9544290834613415,n60os0.95-3.rcp,MULTIFLOW,19.0,1,44.0,44.0,0.0,3.570686,0.0,2
n60,63,110,1864,"0, 1, 1, 1, 1, 3, 1, 2, 2, 2, 3, 2, 3, 3, 2, 1, 1, 1, 2, 2, 2, 2, 1, 2, 1, 1, 2, 2, 2, 3, 1, 2, 3, 3, 1, 1, 2, 2, 1, 1, 2, 1, 1, 1, 1, 1, 2, 3, 1, 2, 2, 1, 1, 1, 2, 3, 3, 3, 3, 2, 2, 1, 2",3,1.746031746031746,36,0.9544290834613415,n60os0.95-4.rcp,MULTIFLOW,18.0,1,45.0,45.0,0.0,2.659217,0.0,2
n60,63,117,1864,"0, 1, 1, 1, 2, 1, 2, 1, 1, 2, 2, 2, 1, 2, 2, 2, 1, 2, 2, 3, 2, 1, 3, 2, 1, 3, 2, 2, 2, 1, 1, 2, 2, 1, 1, 1, 1, 2, 1, 2, 2, 2, 2, 2, 5, 1, 1, 5, 2, 3, 2, 2, 2, 2, 2, 3, 2, 2, 2, 1, 2, 2, 4",5,1.8571428571428572,42,0.9544290834613415,n60os0.95-5.rcp,MULTIFLOW,22.0,1,41.0,41.0,0.0,4.071073,0.0,2
n60,63,113,1864,"0, 1, 1, 1, 1, 1, 1, 2, 4, 2, 3, 1, 2, 2, 2, 1, 2, 1, 1, 1, 4, 1, 1, 1, 1, 1, 2, 1, 2, 2, 3, 3, 1, 1, 1, 3, 3, 3, 1, 2, 2, 2, 2, 2, 3, 3, 2, 2, 2, 2, 2, 1, 3, 2, 1, 1, 2, 3, 1, 2, 3, 2, 1",4,1.7936507936507937,36,0.9544290834613415,n60os0.95-6.rcp,MULTIFLOW,20.0,1,43.0,43.0,0.0,2.292458,0.0,2
n60,63,120,1864,"0, 1, 1, 1, 2, 1, 1, 2, 2, 2, 3, 2, 3, 2, 1, 2, 4, 1, 3, 1, 1, 1, 3, 2, 1, 3, 3, 2, 3, 3, 2, 1, 1, 3, 2, 2, 2, 2, 2, 1, 3, 3, 2, 3, 1, 3, 2, 1, 2, 2, 2, 2, 2, 2, 1, 1, 1, 1, 3, 2, 1, 3, 2",4,1.9047619047619047,41,0.9544290834613415,n60os0.95-7.rcp,MULTIFLOW,20.0,1,43.0,43.0,0.0,4.630388,0.0,2
n60,63,123,1864,"0, 1, 1, 1, 2, 1, 2, 2, 1, 2, 2, 2, 2, 2, 2, 1, 2, 2, 3, 1, 1, 3, 3, 4, 4, 4, 2, 2, 2, 2, 1, 2, 2, 1, 1, 2, 3, 3, 2, 3, 1, 1, 1, 1, 2, 1, 2, 1, 2, 1, 1, 2, 1, 1, 3, 4, 3, 3, 4, 3, 1, 3, 2",4,1.9523809523809523,40,0.9544290834613415,n60os0.95-8.rcp,MULTIFLOW,23.0,1,40.0,40.0,0.0,3.137553,0.0,2
n60,63,117,1864,"0, 1, 1, 1, 2, 2, 2, 2, 4, 3, 2, 1, 2, 1, 3, 3, 3, 3, 2, 1, 2, 1, 2, 2, 2, 2, 3, 1, 2, 1, 2, 3, 3, 3, 2, 1, 1, 4, 2, 2, 1, 1, 2, 3, 3, 1, 1, 1, 3, 1, 1, 2, 1, 1, 3, 1, 1, 1, 2, 2, 2, 1, 2",4,1.8571428571428572,38,0.9544290834613415,n60os0.95-9.rcp,MULTIFLOW,21.0,1,42.0,42.0,0.0,3.310228,0.0,2
n70,73,339,696,"0, 1, 1, 1, 1, 1, 1, 1, 1, 1, 1, 1, 1, 1, 1, 1, 1, 2, 1, 1, 1, 1, 1, 1, 1, 1, 1, 1, 1, 1, 3, 3, 1, 3, 5, 5, 1, 1, 1, 11, 6, 4, 1, 1, 1, 5, 2, 13, 15, 8, 7, 4, 3, 2, 1, 18, 15, 18, 15, 11, 8, 13, 5, 8, 7, 10, 6, 15, 8, 12, 11, 5, 17",18,4.6438356164383565,36,0.2648401826484018,n70os0.2-1.rcp,,,,,,,,,
n70,73,370,696,"0, 1, 1, 1, 1, 1, 1, 1, 1, 1, 1, 1, 1, 1, 1, 1, 1, 1, 1, 1, 1, 1, 1, 1, 2, 1, 1, 1, 1, 1, 3, 4, 1, 1, 8, 1, 4, 2, 1, 4, 10, 7, 7, 5, 1, 1, 7, 8, 8, 8, 8, 6, 5, 1, 12, 13, 14, 10, 19, 20, 13, 12, 19, 10, 15, 11, 11, 10, 7, 7, 4, 4, 18",20,5.068493150684931,37,0.2648401826484018,n70os0.2-10.rcp,,,,,,,,,
n70,73,374,696,"0, 1, 1, 1, 1, 1, 1, 1, 1, 1, 1, 1, 1, 1, 1, 1, 1, 1, 1, 1, 2, 1, 1, 1, 1, 2, 1, 2, 2, 1, 1, 1, 1, 9, 1, 4, 1, 1, 5, 1, 6, 5, 7, 6, 4, 4, 4, 3, 2, 2, 1, 1, 20, 16, 16, 17, 15, 19, 16, 13, 13, 12, 17, 9, 14, 12, 12, 8, 6, 8, 7, 1, 20",20,5.123287671232877,37,0.2648401826484018,n70os0.2-2.rcp,,,,,,,,,
n70,73,416,696,"0, 1, 1, 1, 1, 1, 1, 1, 1, 1, 1, 1, 1, 1, 1, 1, 1, 1, 1, 1, 1, 1, 1, 1, 1, 1, 1, 2, 1, 3, 2, 2, 1, 7, 3, 1, 6, 6, 3, 1, 6, 5, 5, 16, 13, 12, 16, 10, 14, 11, 17, 17, 16, 13, 13, 12, 13, 12, 9, 9, 11, 10, 10, 9, 8, 8, 8, 8, 6, 3, 2, 1, 29",29,5.698630136986301,41,0.2648401826484018,n70os0.2-3.rcp,,,,,,,,,
n70,73,366,696,"0, 1, 1, 1, 1, 1, 1, 1, 1, 1, 3, 1, 1, 1, 1, 1, 1, 1, 1, 1, 1, 1, 1, 1, 3, 1, 1, 3, 2, 6, 2, 2, 2, 2, 1, 1, 1, 1, 2, 11, 8, 6, 6, 3, 2, 14, 11, 14, 12, 10, 15, 9, 12, 11, 11, 9, 12, 13, 10, 13, 10, 10, 8, 10, 6, 6, 6, 7, 3, 3, 2, 1, 27",27,5.013698630136986,43,0.2648401826484018,n70os0.2-4.rcp,,,,,,,,,
n70,73,388,696,"0, 1, 1, 1, 1, 1, 1, 1, 1, 1, 1, 1, 1, 1, 1, 1, 1, 1, 1, 1, 1, 1, 1, 1, 5, 1, 2, 2, 1, 1, 3, 2, 1, 1, 1, 1, 5, 2, 1, 3, 1, 14, 12, 5, 5, 4, 4, 3, 3, 16, 12, 11, 16, 7, 17, 11, 17, 12, 10, 15, 16, 9, 15, 12, 11, 13, 8, 11, 9, 7, 2, 2, 23",23,5.315068493150685,40,0.2648401826484018,n70os0.2-5.rcp,,,,,,,,,
n70,73,376,696,"0, 1, 1, 1, 1, 1, 1, 1, 1, 1, 1, 1, 1, 1, 1, 1, 1, 1, 1, 1, 1, 1, 1, 4, 1, 1, 6, 5, 4, 1, 1, 1, 1, 7, 2, 1, 1, 1, 9, 3, 1, 1, 13, 13, 11, 7, 6, 5, 4, 4, 2, 17, 14, 14, 10, 12, 11, 13, 10, 10, 12, 7, 14, 9, 12, 10, 6, 10, 9, 7, 6, 4, 21",21,5.1506849315068495,39,0.2648401826484018,n70os0.2-6.rcp,,,,,,,,,
n70,73,384,696,"0, 1, 1, 1, 1, 1, 1, 1, 1, 1, 1, 1, 1, 1, 2, 1, 1, 1, 1, 1, 2, 1, 1, 2, 1, 1, 1, 1, 2, 1, 1, 1, 1, 1, 4, 1, 1, 1, 1, 9, 7, 6, 5, 3, 11, 9, 7, 5, 2, 17, 20, 11, 18, 16, 19, 16, 11, 9, 14, 14, 11, 10, 11, 8, 9, 9, 7, 6, 6, 4, 4, 2, 23",23,5.260273972602739,39,0.2648401826484018,n70os0.2-7.rcp,,,,,,,,,
n70,73,357,696,"0, 1, 1, 1, 1, 1, 1, 1, 1, 1, 1, 1, 1, 1, 1, 1, 1, 1, 2, 1, 1, 1, 2, 2, 1, 1, 1, 1, 2, 5, 5, 2, 1, 1, 1, 1, 1, 10, 7, 7, 3, 3, 3, 3, 1, 5, 2, 17, 11, 15, 13, 14, 11, 12, 12, 12, 10, 13, 10, 7, 10, 12, 6, 10, 10, 8, 6, 7, 4, 4, 3, 2, 25",25,4.890410958904109,42,0.2648401826484018,n70os0.2-8.rcp,,,,,,,,,
n70,73,354,696,"0, 1, 1, 1, 1, 1, 1, 1, 1, 1, 1, 1, 1, 1, 1, 1, 1, 1, 1, 2, 4, 1, 1, 1, 1, 1, 6, 1, 1, 4, 2, 2, 1, 7, 9, 4, 3, 1, 10, 3, 3, 1, 12, 9, 4, 4, 4, 3, 2, 1, 1, 15, 9, 17, 12, 19, 12, 4, 5, 7, 7, 9, 15, 11, 8, 10, 11, 12, 9, 6, 6, 2, 21",21,4.8493150684931505,42,0.2648401826484018,n70os0.2-9.rcp,,,,,,,,,
n70,73,414,1420,"0, 1, 1, 1, 1, 1, 1, 1, 1, 1, 1, 1, 2, 1, 1, 1, 1, 1, 3, 4, 5, 9, 1, 6, 3, 2, 3, 8, 6, 4, 4, 3, 3, 4, 6, 5, 8, 7, 7, 6, 6, 5, 9, 8, 7, 6, 9, 13, 9, 9, 10, 11, 10, 5, 6, 10, 10, 12, 10, 6, 13, 9, 8, 8, 10, 11, 6, 5, 10, 7, 11, 8, 12",13,5.671232876712328,55,0.5403348554033486,n70os0.5-1.rcp,,,,,,,,,
n70,73,406,1420,"0, 1, 1, 1, 1, 1, 1, 1, 1, 1, 1, 1, 1, 1, 1, 1, 2, 1, 1, 2, 2, 2, 2, 5, 5, 4, 5, 7, 4, 4, 4, 3, 10, 1, 5, 7, 7, 10, 11, 7, 10, 7, 11, 5, 6, 9, 7, 7, 9, 11, 10, 7, 12, 9, 5, 3, 7, 7, 10, 10, 10, 8, 8, 13, 7, 8, 7, 6, 9, 10, 8, 11, 13",13,5.561643835616438,54,0.5403348554033486,n70os0.5-10.rcp,,,,,,,,,
n70,73,396,1420,"0, 1, 1, 1, 1, 1, 1, 1, 1, 1, 1, 1, 2, 1, 1, 1, 1, 1, 2, 1, 2, 1, 2, 1, 9, 7, 4, 2, 10, 1, 8, 9, 9, 6, 5, 12, 7, 4, 3, 6, 4, 10, 9, 4, 11, 8, 8, 9, 7, 5, 9, 9, 4, 8, 10, 7, 9, 5, 12, 9, 8, 8, 5, 12, 10, 9, 8, 8, 4, 7, 8, 9, 14",14,5.424657534246576,52,0.5403348554033486,n70os0.5-2.rcp,,,,,,,,,
n70,73,396,1420,"0, 1, 1, 1, 1, 1, 1, 1, 1, 1, 1, 1, 1, 1, 1, 1, 1, 4, 1, 3, 1, 3, 2, 4, 1, 1, 7, 5, 8, 6, 1, 8, 7, 7, 10, 6, 4, 8, 7, 7, 9, 12, 13, 8, 6, 7, 11, 8, 6, 12, 8, 5, 6, 8, 12, 7, 6, 11, 12, 4, 6, 8, 8, 7, 6, 4, 3, 7, 6, 11, 5, 13, 14",14,5.424657534246576,51,0.5403348554033486,n70os0.5-3.rcp,,,,,,,,,
n70,73,421,1420,"0, 1, 1, 1, 1, 1, 1, 1, 1, 1, 1, 1, 2, 1, 1, 1, 1, 1, 1, 1, 5, 1, 5, 3, 1, 1, 1, 3, 13, 5, 5, 9, 3, 5, 4, 11, 8, 11, 12, 8, 8, 8, 7, 9, 8, 12, 11, 6, 8, 8, 10, 12, 7, 8, 12, 9, 10, 8, 11, 8, 11, 6, 7, 7, 6, 9, 10, 6, 9, 8, 10, 6, 12",13,5.767123287671233,50,0.5403348554033486,n70os0.5-4.rcp,,,,,,,,,
n70,73,357,1420,"0, 1, 1, 1, 1, 1, 1, 1, 2, 1, 2, 1, 1, 1, 1, 2, 1, 3, 3, 6, 3, 4, 1, 6, 3, 3, 4, 2, 5, 6, 4, 3, 3, 6, 5, 1, 4, 7, 2, 6, 9, 9, 6, 4, 6, 13, 6, 10, 6, 8, 8, 5, 8, 9, 7, 5, 8, 9, 8, 3, 8, 5, 8, 3, 7, 9, 8, 8, 7, 10, 7, 8, 13",13,4.890410958904109,57,0.5403348554033486,n70os0.5-5.rcp,,,,,,,,,
n70,73,424,1420,"0, 1, 1, 1, 1, 1, 1, 1, 1, 1, 1, 1, 1, 1, 1, 1, 1, 1, 2, 1, 1, 4, 5, 3, 4, 4, 2, 2, 10, 2, 6, 3, 6, 9, 6, 6, 10, 6, 10, 8, 9, 7, 9, 13, 12, 8, 10, 10, 6, 11, 10, 11, 7, 7, 6, 15, 9, 10, 12, 10, 9, 6, 6, 9, 5, 10, 6, 6, 11, 11, 6, 9, 11",15,5.808219178082192,53,0.5403348554033486,n70os0.5-6.rcp,,,,,,,,,
n70,73,397,1420,"0, 1, 1, 1, 1, 1, 1, 1, 1, 1, 2, 1, 1, 4, 1, 1, 3, 1, 1, 1, 1, 1, 2, 1, 1, 5, 4, 4, 2, 3, 7, 9, 7, 4, 7, 8, 7, 11, 9, 4, 4, 7, 13, 10, 10, 9, 6, 11, 9, 12, 8, 9, 9, 8, 10, 9, 8, 11, 6, 6, 4, 7, 8, 4, 9, 6, 6, 7, 7, 11, 10, 8, 13",13,5.438356164383562,52,0.5403348554033486,n70os0.5-7.rcp,,,,,,,,,
n70,73,403,1420,"0, 1, 1, 1, 1, 1, 1, 1, 1, 1, 1, 1, 1, 1, 2, 2, 1, 1, 2, 6, 3, 1, 1, 10, 2, 8, 2, 2, 8, 1, 1, 1, 2, 6, 4, 7, 9, 3, 10, 6, 12, 8, 6, 12, 7, 7, 12, 12, 9, 11, 5, 8, 12, 12, 9, 6, 7, 6, 8, 8, 7, 6, 6, 6, 10, 6, 6, 8, 8, 9, 14, 11, 15",15,5.52054794520548,52,0.5403348554033486,n70os0.5-8.rcp,,,,,,,,,
n70,73,387,1420,"0, 1, 1, 1, 1, 1, 1, 1, 1, 1, 1, 1, 1, 1, 2, 1, 1, 3, 4, 1, 2, 2, 1, 4, 8, 1, 9, 8, 2, 6, 6, 8, 7, 6, 5, 8, 5, 4, 10, 4, 8, 5, 10, 6, 8, 9, 7, 7, 6, 8, 4, 12, 8, 10, 8, 6, 10, 7, 10, 6, 10, 7, 6, 4, 8, 10, 8, 8, 8, 7, 6, 8, 11",12,5.301369863013699,54,0.5403348554033486,n70os0.5-9.rcp,,,,,,,,,
n70,73,334,1903,"0, 1, 1, 1, 1, 1, 1, 1, 1, 1, 1, 1, 1, 1, 1, 1, 4, 4, 6, 4, 3, 3, 8, 5, 7, 4, 8, 8, 8, 7, 7, 4, 10, 7, 3, 7, 7, 3, 4, 6, 6, 4, 3, 8, 8, 5, 5, 6, 3, 7, 5, 7, 5, 6, 5, 5, 3, 6, 7, 6, 5, 4, 8, 4, 5, 4, 7, 2, 7, 5, 7, 6, 8",10,4.575342465753424,57,0.724124809741248,n70os0.7-1.rcp,,,,,,,,,
n70,73,322,1903,"0, 1, 1, 1, 1, 1, 1, 2, 1, 2, 4, 1, 3, 4, 1, 3, 4, 3, 5, 1, 6, 3, 4, 4, 4, 5, 6, 3, 3, 2, 5, 7, 5, 3, 4, 7, 7, 7, 4, 5, 6, 5, 3, 4, 5, 6, 7, 7, 7, 6, 10, 5, 3, 5, 7, 5, 6, 6, 7, 9, 8, 3, 7, 4, 4, 4, 7, 6, 6, 7, 5, 5, 3",10,4.410958904109589,62,0.724124809741248,n70os0.7-10.rcp,,,,,,,,,
n70,73,318,1903,"0, 1, 1, 1, 1, 1, 2, 1, 1, 1, 1, 4, 1, 1, 1, 3, 6, 4, 2, 3, 5, 3, 4, 3, 2, 6, 3, 5, 5, 9, 6, 3, 4, 5, 3, 6, 6, 6, 3, 7, 8, 6, 4, 6, 7, 3, 7, 6, 4, 5, 7, 5, 4, 8, 7, 6, 4, 6, 7, 9, 5, 5, 5, 5, 6, 5, 6, 4, 4, 4, 8, 4, 8",9,4.3561643835616435,60,0.724124809741248,n70os0.7-2.rcp,,,,,,,,,
n70,73,321,1903,"0, 1, 1, 1, 1, 1, 1, 1, 4, 1, 1, 1, 1, 1, 2, 5, 5, 4, 5, 4, 7, 2, 6, 5, 4, 5, 4, 5, 5, 3, 7, 2, 8, 4, 3, 6, 6, 3, 7, 4, 7, 6, 7, 7, 6, 4, 4, 7, 3, 7, 5, 2, 3, 6, 9, 5, 7, 4, 3, 5, 6, 4, 6, 5, 5, 10, 6, 2, 6, 4, 4, 8, 11",11,4.397260273972603,60,0.724124809741248,n70os0.7-3.rcp,,,,,,,,,
n70,73,309,1903,"0, 1, 1, 1, 1, 1, 1, 1, 2, 1, 1, 1, 1, 3, 1, 3, 2, 3, 1, 5, 3, 7, 7, 6, 3, 4, 6, 7, 6, 6, 4, 4, 5, 5, 7, 5, 6, 4, 9, 4, 2, 3, 6, 5, 6, 3, 7, 6, 3, 5, 2, 5, 5, 4, 3, 4, 4, 5, 6, 4, 6, 7, 8, 7, 4, 7, 4, 6, 5, 4, 6, 7, 11",11,4.232876712328767,59,0.724124809741248,n70os0.7-4.rcp,,,,,,,,,
n70,73,302,1903,"0, 1, 1, 1, 1, 1, 1, 1, 2, 1, 1, 4, 2, 1, 5, 3, 4, 1, 1, 4, 1, 5, 5, 3, 3, 3, 4, 6, 6, 4, 4, 7, 6, 4, 7, 3, 5, 5, 4, 6, 4, 7, 5, 5, 4, 7, 2, 7, 5, 4, 7, 4, 6, 5, 5, 5, 7, 6, 7, 6, 6, 4, 6, 2, 3, 3, 6, 8, 6, 4, 6, 5, 8",8,4.136986301369863,59,0.724124809741248,n70os0.7-5.rcp,,,,,,,,,
n70,73,307,1903,"0, 1, 1, 1, 1, 1, 1, 3, 1, 1, 1, 1, 2, 1, 1, 3, 2, 2, 5, 4, 2, 3, 2, 1, 5, 5, 7, 3, 5, 5, 4, 5, 7, 8, 7, 4, 5, 4, 7, 7, 5, 6, 6, 8, 3, 7, 4, 7, 6, 4, 4, 6, 3, 7, 6, 1, 3, 6, 5, 5, 6, 8, 3, 7, 7, 4, 6, 4, 5, 5, 4, 9, 8",9,4.205479452054795,58,0.724124809741248,n70os0.7-6.rcp,,,,,,,,,
n70,73,334,1903,"0, 1, 1, 1, 1, 1, 1, 1, 1, 1, 1, 1, 1, 1, 3, 4, 1, 1, 4, 5, 6, 5, 3, 3, 5, 5, 5, 7, 5, 8, 9, 3, 7, 9, 8, 4, 6, 6, 6, 6, 7, 7, 7, 3, 6, 5, 3, 6, 5, 7, 6, 8, 5, 9, 6, 5, 9, 6, 2, 7, 3, 8, 5, 4, 5, 5, 5, 3, 7, 5, 4, 7, 7",9,4.575342465753424,57,0.724124809741248,n70os0.7-7.rcp,,,,,,,,,
n70,73,305,1903,"0, 1, 1, 1, 1, 1, 1, 1, 1, 1, 1, 2, 2, 3, 1, 2, 3, 1, 3, 1, 4, 5, 7, 1, 9, 7, 6, 5, 10, 6, 8, 3, 7, 7, 7, 5, 5, 6, 4, 5, 7, 7, 3, 3, 4, 5, 5, 6, 5, 3, 6, 5, 6, 2, 4, 2, 7, 5, 4, 2, 1, 5, 5, 7, 7, 4, 5, 5, 5, 4, 6, 5, 10",10,4.178082191780822,57,0.724124809741248,n70os0.7-8.rcp,,,,,,,,,
n70,73,308,1903,"0, 1, 1, 1, 1, 1, 1, 1, 1, 4, 2, 1, 1, 4, 2, 2, 2, 2, 4, 2, 4, 3, 3, 4, 5, 6, 5, 7, 5, 4, 4, 5, 4, 7, 7, 5, 6, 4, 7, 1, 6, 7, 8, 2, 5, 3, 6, 4, 5, 4, 6, 4, 3, 3, 3, 4, 5, 4, 5, 5, 3, 6, 6, 7, 7, 7, 6, 9, 8, 7, 6, 5, 9",9,4.219178082191781,61,0.724124809741248,n70os0.7-9.rcp,,,,,,,,,
n70,73,233,2145,"0, 1, 1, 1, 1, 1, 1, 1, 1, 4, 1, 1, 1, 4, 4, 3, 4, 2, 3, 1, 3, 1, 5, 1, 2, 1, 2, 1, 3, 3, 6, 3, 4, 4, 6, 6, 3, 3, 4, 4, 5, 5, 3, 3, 3, 2, 3, 5, 4, 6, 5, 3, 5, 4, 6, 5, 7, 3, 4, 1, 6, 2, 3, 6, 6, 2, 2, 3, 4, 5, 4, 3, 4",7,3.191780821917808,55,0.8162100456621004,n70os0.8-1.rcp,,,,,,,,,
n70,73,253,2145,"0, 1, 1, 1, 1, 1, 1, 1, 1, 4, 2, 2, 5, 3, 4, 3, 4, 3, 2, 3, 4, 4, 3, 3, 5, 4, 2, 4, 6, 4, 3, 7, 4, 2, 4, 5, 6, 3, 4, 4, 4, 2, 4, 3, 4, 1, 1, 5, 4, 4, 4, 3, 5, 4, 3, 6, 6, 4, 4, 4, 3, 4, 4, 4, 4, 5, 4, 4, 4, 2, 5, 5, 6",7,3.4657534246575343,62,0.8162100456621004,n70os0.8-10.rcp,,,,,,,,,
n70,73,267,2145,"0, 1, 1, 1, 1, 1, 1, 2, 1, 1, 4, 3, 4, 1, 3, 2, 2, 4, 3, 5, 4, 2, 5, 3, 3, 4, 4, 3, 1, 4, 3, 7, 6, 5, 5, 7, 5, 6, 4, 7, 6, 5, 6, 3, 4, 4, 6, 3, 8, 3, 3, 3, 3, 5, 5, 4, 5, 1, 5, 3, 4, 5, 4, 5, 2, 5, 3, 4, 3, 2, 5, 4, 7",8,3.6575342465753424,61,0.8162100456621004,n70os0.8-2.rcp,,,,,,,,,
n70,73,252,2145,"0, 1, 1, 1, 1, 2, 1, 1, 1, 2, 2, 3, 1, 1, 5, 2, 1, 4, 5, 3, 3, 5, 3, 3, 4, 7, 3, 3, 2, 3, 6, 3, 3, 5, 5, 3, 2, 3, 6, 4, 4, 7, 3, 5, 4, 4, 5, 4, 4, 4, 3, 6, 4, 3, 4, 4, 2, 4, 7, 1, 4, 4, 5, 3, 4, 7, 6, 1, 5, 4, 5, 3, 5",7,3.452054794520548,60,0.8162100456621004,n70os0.8-3.rcp,,,,,,,,,
n70,73,280,2145,"0, 1, 1, 1, 1, 1, 1, 1, 3, 1, 1, 1, 4, 2, 4, 2, 2, 6, 6, 3, 3, 3, 3, 4, 2, 3, 4, 3, 3, 5, 1, 3, 1, 3, 3, 4, 3, 3, 4, 5, 5, 6, 4, 6, 7, 5, 6, 5, 5, 8, 5, 7, 6, 7, 7, 7, 6, 6, 4, 5, 6, 2, 6, 6, 4, 4, 5, 4, 2, 3, 4, 5, 7",8,3.835616438356164,60,0.8162100456621004,n70os0.8-4.rcp,MULTIFLOW,32.0,2471,41.0,47.0,0.0,18001.198762,0.0,9
n70,73,273,2145,"0, 1, 1, 1, 1, 1, 1, 2, 1, 1, 2, 1, 4, 1, 5, 4, 2, 4, 5, 3, 5, 6, 5, 6, 4, 5, 4, 2, 4, 5, 6, 3, 5, 3, 6, 5, 6, 3, 7, 5, 4, 4, 4, 3, 4, 8, 6, 3, 3, 5, 5, 6, 6, 6, 5, 6, 6, 5, 2, 3, 2, 2, 4, 3, 2, 4, 2, 3, 3, 5, 5, 4, 4",8,3.73972602739726,62,0.8162100456621004,n70os0.8-5.rcp,,,,,,,,,
n70,73,272,2145,"0, 1, 1, 1, 1, 1, 1, 2, 3, 5, 4, 2, 1, 3, 1, 4, 6, 2, 4, 4, 6, 3, 5, 3, 2, 3, 3, 3, 2, 4, 3, 6, 6, 3, 3, 4, 7, 5, 7, 5, 5, 4, 3, 4, 6, 6, 4, 5, 6, 3, 4, 3, 5, 4, 4, 6, 2, 3, 4, 7, 6, 3, 5, 5, 2, 5, 3, 4, 3, 4, 2, 4, 8",8,3.7260273972602738,64,0.8162100456621004,n70os0.8-6.rcp,MULTIFLOW,37.0,1113,36.0,48.0,0.0,18001.233771,0.0,9
n70,73,278,2145,"0, 1, 1, 1, 1, 1, 2, 3, 3, 1, 3, 3, 3, 4, 5, 1, 3, 3, 4, 6, 1, 4, 4, 3, 4, 3, 4, 4, 3, 6, 5, 5, 6, 7, 6, 9, 7, 5, 4, 3, 3, 4, 3, 5, 5, 3, 4, 7, 4, 4, 7, 3, 5, 4, 3, 5, 4, 4, 5, 4, 8, 5, 3, 3, 3, 7, 1, 3, 5, 2, 4, 1, 5",9,3.808219178082192,62,0.8162100456621004,n70os0.8-7.rcp,,,,,,,,,
n70,73,269,2145,"0, 1, 1, 1, 1, 1, 1, 2, 2, 1, 1, 3, 1, 2, 4, 5, 1, 3, 5, 4, 5, 3, 3, 6, 5, 5, 4, 5, 4, 6, 4, 5, 4, 6, 5, 3, 6, 7, 2, 6, 5, 5, 2, 3, 3, 4, 7, 3, 3, 4, 2, 6, 5, 5, 4, 5, 3, 3, 5, 5, 5, 3, 2, 4, 5, 7, 3, 5, 2, 2, 4, 5, 6",7,3.684931506849315,62,0.8162100456621004,n70os0.8-8.rcp,,,,,,,,,
n70,73,276,2145,"0, 1, 1, 1, 1, 1, 1, 1, 2, 1, 3, 3, 1, 1, 2, 4, 2, 4, 6, 7, 4, 8, 3, 2, 7, 5, 5, 5, 3, 4, 5, 6, 7, 1, 6, 5, 4, 3, 7, 7, 5, 4, 6, 6, 3, 6, 2, 2, 9, 4, 5, 5, 3, 4, 5, 3, 3, 4, 3, 1, 2, 3, 4, 3, 6, 6, 4, 3, 4, 5, 4, 2, 7",9,3.780821917808219,60,0.8162100456621004,n70os0.8-9.rcp,MULTIFLOW,30.0,2081,43.0,47.0,0.0,18001.209042,0.0,9
n70,73,175,2386,"0, 1, 1, 1, 1, 3, 2, 2, 1, 1, 2, 1, 1, 1, 2, 3, 3, 3, 3, 5, 2, 6, 4, 1, 3, 1, 2, 2, 1, 2, 2, 2, 1, 3, 2, 4, 2, 4, 3, 2, 2, 1, 2, 1, 3, 3, 2, 3, 2, 1, 2, 1, 3, 2, 5, 5, 3, 3, 3, 2, 3, 3, 2, 4, 3, 2, 2, 3, 4, 5, 3, 2, 4",6,2.3972602739726026,55,0.9079147640791476,n70os0.9-1.rcp,MULTIFLOW,26.0,13314,47.0,47.0,0.0,2456.834335,0.0,2
n70,73,182,2386,"0, 1, 1, 1, 1, 3, 1, 1, 1, 2, 2, 2, 2, 2, 1, 2, 2, 2, 2, 3, 2, 2, 1, 2, 2, 3, 3, 2, 4, 3, 4, 1, 2, 3, 2, 2, 3, 2, 2, 5, 2, 3, 4, 4, 2, 3, 4, 1, 1, 3, 2, 2, 5, 4, 3, 2, 3, 3, 4, 3, 3, 2, 4, 3, 4, 4, 3, 3, 5, 2, 2, 5, 2",5,2.493150684931507,60,0.9079147640791476,n70os0.9-10.rcp,MULTIFLOW,27.0,8357,46.0,46.0,0.0,1608.566629,0.0,2
n70,73,185,2386,"0, 1, 1, 1, 1, 3, 2, 2, 2, 1, 2, 1, 3, 1, 2, 2, 1, 3, 2, 2, 3, 5, 2, 3, 2, 4, 4, 4, 4, 3, 2, 2, 3, 3, 1, 4, 2, 2, 3, 3, 4, 2, 4, 4, 2, 4, 5, 3, 2, 2, 2, 4, 2, 2, 2, 2, 4, 2, 2, 3, 3, 2, 3, 3, 2, 4, 2, 2, 3, 4, 3, 2, 3",5,2.5342465753424657,63,0.9079147640791476,n70os0.9-2.rcp,MULTIFLOW,26.0,22533,47.0,47.0,0.0,5039.136473,0.0,2
n70,73,190,2386,"0, 1, 1, 1, 1, 1, 1, 3, 2, 1, 4, 3, 3, 2, 3, 1, 3, 3, 1, 1, 2, 2, 3, 3, 3, 3, 3, 4, 2, 2, 1, 3, 2, 2, 2, 3, 1, 2, 4, 3, 3, 3, 5, 1, 5, 5, 4, 2, 2, 5, 3, 1, 3, 4, 4, 3, 3, 4, 1, 3, 2, 2, 2, 3, 2, 2, 4, 2, 5, 4, 4, 3, 5",5,2.6027397260273974,57,0.9079147640791476,n70os0.9-3.rcp,MULTIFLOW,28.0,23203,45.0,45.0,0.0,3612.620807,0.0,2
n70,73,184,2386,"0, 1, 1, 1, 1, 1, 3, 2, 3, 3, 3, 2, 3, 2, 1, 3, 2, 4, 2, 2, 3, 1, 4, 4, 5, 3, 2, 2, 1, 3, 2, 2, 3, 3, 2, 3, 4, 2, 4, 3, 4, 2, 3, 5, 3, 3, 1, 4, 2, 3, 4, 2, 3, 2, 3, 3, 2, 3, 3, 1, 2, 1, 3, 3, 3, 2, 1, 3, 2, 3, 3, 2, 4",5,2.5205479452054793,60,0.9079147640791476,n70os0.9-4.rcp,MULTIFLOW,25.0,3336,48.0,48.0,0.0,1882.923564,0.0,2
n70,73,202,2386,"0, 1, 1, 1, 1, 1, 1, 1, 1, 3, 2, 4, 2, 3, 3, 1, 3, 3, 4, 4, 4, 3, 3, 1, 5, 1, 2, 5, 2, 2, 2, 4, 4, 4, 4, 2, 2, 3, 4, 4, 4, 2, 4, 2, 4, 2, 3, 2, 4, 2, 2, 5, 1, 4, 3, 4, 3, 4, 4, 3, 3, 3, 3, 3, 4, 3, 2, 2, 3, 3, 3, 4, 3",5,2.767123287671233,60,0.9079147640791476,n70os0.9-5.rcp,MULTIFLOW,27.0,2801,46.0,46.0,0.0,1174.953739,0.0,2
n70,73,190,2386,"0, 1, 1, 1, 2, 1, 1, 2, 1, 1, 4, 2, 4, 1, 2, 1, 2, 5, 3, 4, 1, 4, 3, 4, 4, 3, 2, 3, 5, 3, 2, 3, 1, 2, 1, 3, 3, 3, 4, 4, 5, 3, 4, 5, 2, 3, 2, 2, 4, 4, 5, 3, 4, 4, 3, 4, 1, 1, 1, 1, 1, 2, 1, 2, 3, 3, 3, 3, 3, 4, 1, 3, 3",5,2.6027397260273974,53,0.9079147640791476,n70os0.9-6.rcp,MULTIFLOW,28.0,929,45.0,45.0,0.0,352.287693,0.0,2
n70,73,181,2386,"0, 1, 1, 1, 1, 1, 3, 2, 1, 4, 2, 2, 3, 3, 2, 2, 3, 3, 3, 3, 2, 2, 2, 2, 3, 2, 2, 2, 2, 3, 2, 2, 1, 2, 1, 3, 3, 3, 3, 3, 3, 3, 4, 3, 2, 2, 4, 4, 2, 5, 4, 3, 2, 3, 3, 3, 3, 2, 3, 2, 2, 4, 4, 2, 3, 2, 2, 2, 2, 4, 3, 2, 3",5,2.4794520547945207,64,0.9079147640791476,n70os0.9-7.rcp,MULTIFLOW,24.0,23,49.0,49.0,0.0,124.32028,0.0,2
n70,73,183,2386,"0, 1, 1, 1, 2, 2, 2, 2, 2, 1, 2, 1, 1, 1, 1, 1, 3, 2, 4, 2, 1, 3, 7, 3, 1, 2, 2, 2, 2, 2, 1, 3, 1, 1, 2, 1, 4, 3, 4, 4, 3, 2, 4, 4, 2, 2, 4, 2, 3, 3, 5, 2, 2, 3, 2, 4, 4, 3, 2, 5, 2, 3, 3, 3, 4, 3, 3, 2, 1, 4, 5, 5, 3",7,2.506849315068493,56,0.9079147640791476,n70os0.9-8.rcp,MULTIFLOW,28.0,154352,45.0,45.0,0.0,13451.697581,0.0,2
n70,73,192,2386,"0, 1, 1, 1, 1, 1, 1, 3, 1, 2, 2, 4, 3, 3, 4, 4, 2, 2, 3, 3, 2, 3, 3, 2, 3, 3, 4, 3, 3, 3, 3, 3, 4, 2, 2, 4, 4, 4, 4, 4, 3, 2, 4, 1, 3, 3, 2, 2, 2, 3, 2, 2, 3, 2, 2, 2, 2, 1, 2, 4, 3, 3, 4, 4, 3, 2, 2, 3, 3, 4, 3, 3, 3",4,2.6301369863013697,63,0.9079147640791476,n70os0.9-9.rcp,MULTIFLOW,26.0,1058,47.0,47.0,0.0,519.991083,0.0,2
n70,73,138,2507,"0, 1, 1, 1, 1, 1, 1, 2, 2, 3, 2, 2, 3, 3, 3, 2, 3, 2, 2, 1, 3, 2, 3, 2, 2, 2, 1, 2, 2, 1, 1, 2, 1, 2, 2, 2, 3, 1, 3, 1, 2, 2, 1, 2, 2, 2, 3, 2, 1, 1, 1, 2, 3, 1, 1, 1, 1, 1, 2, 3, 1, 3, 2, 2, 1, 3, 3, 3, 3, 2, 3, 2, 2",3,1.8904109589041096,48,0.9539573820395738,n70os0.95-1.rcp,MULTIFLOW,23.0,1,50.0,50.0,0.0,5.828753,0.0,2
n70,73,138,2507,"0, 1, 1, 1, 1, 3, 1, 2, 1, 2, 1, 2, 1, 1, 1, 3, 2, 2, 2, 1, 1, 2, 1, 2, 2, 2, 1, 2, 2, 2, 2, 3, 2, 3, 2, 3, 1, 2, 2, 1, 1, 3, 3, 2, 3, 2, 2, 1, 1, 2, 2, 3, 1, 1, 1, 3, 2, 1, 2, 2, 1, 2, 2, 2, 2, 2, 5, 5, 3, 2, 3, 2, 2",5,1.8904109589041096,48,0.9539573820395738,n70os0.95-10.rcp,MULTIFLOW,25.0,1,48.0,48.0,0.0,3.311453,0.0,2
n70,73,137,2507,"0, 1, 1, 1, 1, 2, 1, 1, 1, 2, 1, 2, 2, 2, 3, 3, 3, 3, 3, 2, 3, 1, 1, 1, 1, 1, 2, 2, 1, 3, 1, 1, 3, 2, 1, 2, 1, 2, 1, 3, 3, 3, 1, 3, 1, 3, 1, 3, 2, 2, 3, 2, 1, 1, 2, 2, 1, 2, 2, 1, 3, 2, 3, 3, 3, 2, 3, 1, 2, 2, 3, 1, 2",3,1.8767123287671232,44,0.9539573820395738,n70os0.95-2.rcp,MULTIFLOW,24.0,1,49.0,49.0,0.0,4.624711,0.0,2
n70,73,139,2507,"0, 1, 1, 1, 2, 1, 1, 3, 1, 1, 1, 2, 1, 2, 1, 1, 1, 1, 3, 3, 3, 4, 3, 2, 4, 3, 2, 1, 1, 1, 1, 2, 2, 3, 3, 2, 2, 3, 2, 1, 1, 1, 1, 3, 3, 2, 1, 1, 1, 2, 2, 2, 1, 2, 2, 1, 3, 2, 2, 3, 1, 1, 3, 2, 3, 3, 2, 2, 3, 3, 2, 2, 3",4,1.904109589041096,44,0.9539573820395738,n70os0.95-3.rcp,MULTIFLOW,27.0,1,46.0,46.0,0.0,9.200351,0.0,2
n70,73,140,2507,"0, 1, 1, 1, 1, 1, 1, 3, 3, 2, 3, 2, 4, 4, 1, 2, 3, 3, 1, 3, 2, 1, 4, 3, 1, 1, 2, 1, 2, 1, 1, 3, 3, 2, 2, 3, 1, 2, 3, 1, 1, 2, 3, 1, 2, 3, 1, 3, 2, 2, 3, 1, 1, 1, 1, 2, 1, 2, 1, 1, 3, 1, 1, 2, 3, 2, 2, 3, 3, 2, 2, 2, 1",4,1.917808219178082,43,0.9539573820395738,n70os0.95-4.rcp,MULTIFLOW,24.0,9,49.0,49.0,0.0,11.24293,0.0,2
n70,73,140,2507,"0, 1, 1, 1, 1, 3, 1, 2, 1, 1, 2, 2, 2, 4, 2, 3, 2, 3, 2, 2, 2, 1, 2, 2, 2, 3, 1, 1, 2, 3, 1, 1, 3, 1, 2, 3, 1, 3, 3, 2, 1, 3, 3, 2, 2, 1, 2, 1, 1, 2, 1, 3, 3, 2, 2, 2, 2, 2, 3, 2, 1, 1, 3, 2, 2, 2, 2, 3, 2, 2, 1, 1, 3",4,1.917808219178082,49,0.9539573820395738,n70os0.95-5.rcp,MULTIFLOW,25.0,1,48.0,48.0,0.0,7.193769,0.0,2
n70,73,149,2507,"0, 1, 1, 1, 1, 1, 1, 2, 1, 1, 1, 2, 2, 1, 1, 2, 2, 2, 1, 2, 1, 3, 2, 2, 3, 3, 2, 1, 1, 1, 1, 2, 1, 3, 4, 4, 3, 4, 1, 3, 4, 3, 3, 1, 3, 4, 3, 3, 3, 3, 1, 3, 2, 3, 2, 2, 2, 2, 2, 2, 2, 1, 2, 2, 2, 2, 2, 2, 2, 3, 2, 2, 3",4,2.041095890410959,50,0.9539573820395738,n70os0.95-6.rcp,MULTIFLOW,26.0,1,47.0,47.0,0.0,6.092659,0.0,2
n70,73,144,2507,"0, 1, 1, 1, 1, 1, 2, 1, 2, 1, 1, 1, 2, 2, 2, 1, 3, 3, 2, 1, 2, 2, 2, 2, 2, 1, 1, 2, 2, 3, 4, 1, 4, 5, 3, 2, 1, 1, 4, 3, 2, 2, 1, 2, 3, 2, 3, 2, 1, 2, 1, 2, 2, 2, 1, 1, 2, 1, 1, 2, 2, 1, 3, 3, 3, 3, 3, 3, 4, 3, 2, 2, 1",5,1.9726027397260273,47,0.9539573820395738,n70os0.95-7.rcp,MULTIFLOW,25.0,1,48.0,48.0,0.0,18.824243,0.0,2
n70,73,138,2507,"0, 1, 1, 1, 1, 1, 3, 2, 2, 1, 1, 1, 1, 1, 1, 4, 5, 1, 2, 2, 1, 2, 2, 1, 2, 3, 2, 2, 4, 2, 2, 1, 2, 2, 3, 3, 4, 2, 3, 3, 3, 3, 1, 4, 1, 1, 3, 1, 3, 2, 3, 2, 1, 2, 2, 2, 2, 2, 1, 1, 2, 1, 2, 1, 2, 1, 2, 2, 1, 1, 2, 1, 2",5,1.8904109589041096,44,0.9539573820395738,n70os0.95-8.rcp,MULTIFLOW,25.0,149,48.0,48.0,0.0,20.593859,0.0,2
n70,73,139,2507,"0, 1, 1, 1, 1, 3, 2, 2, 1, 2, 2, 2, 1, 1, 2, 1, 1, 2, 1, 2, 1, 2, 3, 2, 1, 2, 3, 2, 4, 1, 2, 2, 2, 3, 3, 1, 1, 2, 3, 2, 2, 2, 3, 1, 1, 3, 1, 3, 1, 1, 3, 3, 2, 1, 2, 2, 2, 3, 2, 3, 1, 2, 3, 3, 3, 2, 2, 2, 1, 3, 2, 2, 1",4,1.904109589041096,48,0.9539573820395738,n70os0.95-9.rcp,MULTIFLOW,24.0,1,49.0,49.0,0.0,6.083503,0.0,2
sop,17,17,31,"0, 2, 1, 1, 1, 1, 1, 1, 1, 1, 1, 1, 1, 1, 1, 1, 1",2,1.0,1,0.22794117647058823,br17.10.sop.ajn.txt,FEASIBILITY,1.0,0,2.0,2.0,0.0,0.021302,0.021302,2
sop,17,17,31,"0, 2, 1, 1, 1, 1, 1, 1, 1, 1, 1, 1, 1, 1, 1, 1, 1",2,1.0,1,0.22794117647058823,br17.10.sop.ajn.txt,MULTIFLOW,1.0,1,16.0,16.0,0.0,0.173881,0.0,2
sop,17,18,38,"0, 2, 2, 1, 1, 1, 1, 1, 1, 1, 1, 1, 1, 1, 1, 1, 1",2,1.0588235294117647,2,0.27941176470588236,br17.12.sop.ajn.txt,FEASIBILITY,2.0,0,3.0,3.0,0.0,0.126619,0.148419,2
sop,17,18,38,"0, 2, 2, 1, 1, 1, 1, 1, 1, 1, 1, 1, 1, 1, 1, 1, 1",2,1.0588235294117647,2,0.27941176470588236,br17.12.sop.ajn.txt,MULTIFLOW,2.0,1,15.0,15.0,0.0,0.163684,0.0,2
sop,8,9,14,"0, 1, 1, 1, 1, 3, 1, 1",3,1.125,1,0.5,esc07.sop.ajn.txt,FEASIBILITY,2.0,0,3.0,3.0,0.0,0.023121,0.023121,2
sop,8,9,14,"0, 1, 1, 1, 1, 3, 1, 1",3,1.125,1,0.5,esc07.sop.ajn.txt,MULTIFLOW,2.0,1,6.0,6.0,0.0,0.014375,0.0,2
sop,12,11,16,"0, 1, 1, 1, 1, 1, 1, 1, 1, 1, 1, 1",1,0.9166666666666666,0,0.24242424242424243,esc11.sop.ajn.txt,FEASIBILITY,0.0,0,1.0,1.0,0.0,0.003753,0.003753,2
sop,12,11,16,"0, 1, 1, 1, 1, 1, 1, 1, 1, 1, 1, 1",1,0.9166666666666666,0,0.24242424242424243,esc11.sop.ajn.txt,MULTIFLOW,0.0,0,12.0,12.0,0.0,0.036613,0.0,2
sop,13,17,23,"0, 1, 1, 1, 1, 1, 4, 1, 1, 1, 1, 1, 3",4,1.3076923076923077,2,0.2948717948717949,esc12.sop.ajn.txt,FEASIBILITY,5.0,1,6.0,6.0,0.0,1.244667,4.044927,2
sop,13,17,23,"0, 1, 1, 1, 1, 1, 4, 1, 1, 1, 1, 1, 3",4,1.3076923076923077,2,0.2948717948717949,esc12.sop.ajn.txt,MULTIFLOW,5.0,1,8.0,8.0,0.0,0.077916,0.0,2
sop,26,26,36,"0, 1, 1, 1, 1, 1, 1, 1, 1, 1, 1, 1, 2, 1, 1, 1, 1, 1, 1, 1, 1, 1, 1, 1, 1, 1",2,1.0,1,0.11076923076923077,esc25.sop.ajn.txt,FEASIBILITY,1.0,0,2.0,2.0,0.0,0.034015,0.034015,2
sop,26,26,36,"0, 1, 1, 1, 1, 1, 1, 1, 1, 1, 1, 1, 2, 1, 1, 1, 1, 1, 1, 1, 1, 1, 1, 1, 1, 1",2,1.0,1,0.11076923076923077,esc25.sop.ajn.txt,MULTIFLOW,1.0,1,25.0,25.0,0.0,0.508539,0.0,2
sop,48,48,79,"0, 1, 1, 1, 1, 1, 2, 1, 1, 1, 1, 1, 1, 1, 1, 1, 1, 1, 1, 1, 1, 1, 1, 1, 1, 1, 1, 1, 1, 1, 1, 1, 1, 1, 1, 1, 1, 1, 1, 1, 1, 1, 1, 1, 1, 1, 1, 1",2,1.0,1,0.0700354609929078,esc47.sop.ajn.txt,FEASIBILITY,1.0,0,2.0,2.0,0.0,0.099558,0.099558,2
sop,48,48,79,"0, 1, 1, 1, 1, 1, 2, 1, 1, 1, 1, 1, 1, 1, 1, 1, 1, 1, 1, 1, 1, 1, 1, 1, 1, 1, 1, 1, 1, 1, 1, 1, 1, 1, 1, 1, 1, 1, 1, 1, 1, 1, 1, 1, 1, 1, 1, 1",2,1.0,1,0.0700354609929078,esc47.sop.ajn.txt,MULTIFLOW,1.0,1,47.0,47.0,0.0,3.338993,0.0,2
sop,64,148,296,"0, 1, 1, 1, 1, 1, 1, 1, 1, 1, 1, 10, 1, 1, 1, 1, 1, 1, 10, 1, 1, 1, 10, 1, 1, 10, 1, 1, 1, 1, 1, 1, 1, 1, 10, 1, 1, 1, 1, 1, 9, 1, 1, 1, 1, 1, 1, 1, 1, 9, 1, 1, 1, 1, 1, 1, 9, 1, 1, 1, 1, 9, 1, 9",10,2.3125,10,0.14682539682539683,esc63.sop.ajn.txt,MULTIFLOW,35.0,2,29.0,31.0,0.0,18001.62969,0.0,9
sop,79,78,361,"0, 1, 1, 1, 1, 1, 1, 1, 1, 1, 1, 1, 1, 1, 1, 1, 1, 1, 1, 1, 1, 1, 1, 1, 1, 1, 1, 1, 1, 1, 1, 1, 1, 1, 1, 1, 1, 1, 1, 1, 1, 1, 1, 1, 1, 1, 1, 1, 1, 1, 1, 1, 1, 1, 1, 1, 1, 1, 1, 1, 1, 1, 1, 1, 1, 1, 1, 1, 1, 1, 1, 1, 1, 1, 1, 1, 1, 1, 1",1,0.9873417721518988,0,0.11716975008114248,esc78.sop.ajn.txt,FEASIBILITY,0.0,0,1.0,1.0,0.0,0.028661,0.028661,2
sop,79,78,361,"0, 1, 1, 1, 1, 1, 1, 1, 1, 1, 1, 1, 1, 1, 1, 1, 1, 1, 1, 1, 1, 1, 1, 1, 1, 1, 1, 1, 1, 1, 1, 1, 1, 1, 1, 1, 1, 1, 1, 1, 1, 1, 1, 1, 1, 1, 1, 1, 1, 1, 1, 1, 1, 1, 1, 1, 1, 1, 1, 1, 1, 1, 1, 1, 1, 1, 1, 1, 1, 1, 1, 1, 1, 1, 1, 1, 1, 1, 1",1,0.9873417721518988,0,0.11716975008114248,esc78.sop.ajn.txt,MULTIFLOW,0.0,1,79.0,79.0,0.0,18.633628,0.0,2
sop,53,54,64,"0, 1, 1, 1, 1, 1, 1, 1, 1, 2, 1, 1, 1, 1, 1, 1, 1, 1, 1, 1, 1, 1, 1, 1, 1, 1, 1, 1, 2, 1, 1, 1, 1, 1, 1, 1, 1, 1, 1, 1, 1, 1, 1, 1, 1, 1, 1, 1, 1, 1, 1, 1, 1",2,1.0188679245283019,2,0.04644412191582003,ft53.1.sop.ajn.txt,FEASIBILITY,2.0,1,3.0,3.0,0.0,3.656754,3.764714,2
sop,53,54,64,"0, 1, 1, 1, 1, 1, 1, 1, 1, 2, 1, 1, 1, 1, 1, 1, 1, 1, 1, 1, 1, 1, 1, 1, 1, 1, 1, 1, 2, 1, 1, 1, 1, 1, 1, 1, 1, 1, 1, 1, 1, 1, 1, 1, 1, 1, 1, 1, 1, 1, 1, 1, 1",2,1.0188679245283019,2,0.04644412191582003,ft53.1.sop.ajn.txt,MULTIFLOW,2.0,1,51.0,51.0,0.0,5.478083,0.0,2
sop,53,57,82,"0, 1, 1, 1, 1, 1, 1, 2, 1, 2, 1, 1, 1, 1, 1, 1, 1, 1, 1, 2, 1, 2, 1, 1, 1, 1, 1, 1, 2, 1, 1, 1, 1, 1, 1, 1, 1, 1, 1, 1, 1, 1, 1, 1, 1, 1, 1, 1, 1, 1, 1, 1, 1",2,1.0754716981132075,5,0.059506531204644414,ft53.2.sop.ajn.txt,FEASIBILITY,5.0,1,6.0,6.0,0.0,63.721983,186.799954,2
sop,53,57,82,"0, 1, 1, 1, 1, 1, 1, 2, 1, 2, 1, 1, 1, 1, 1, 1, 1, 1, 1, 2, 1, 2, 1, 1, 1, 1, 1, 1, 2, 1, 1, 1, 1, 1, 1, 1, 1, 1, 1, 1, 1, 1, 1, 1, 1, 1, 1, 1, 1, 1, 1, 1, 1",2,1.0754716981132075,5,0.059506531204644414,ft53.2.sop.ajn.txt,MULTIFLOW,5.0,1,48.0,48.0,0.0,24.665078,0.0,2
sop,53,69,269,"0, 1, 2, 1, 1, 1, 1, 3, 1, 2, 1, 1, 3, 2, 1, 1, 1, 1, 1, 2, 1, 5, 1, 1, 1, 1, 1, 1, 2, 1, 1, 1, 1, 1, 1, 1, 1, 1, 1, 2, 1, 1, 1, 1, 1, 2, 1, 2, 1, 2, 1, 1, 1",5,1.3018867924528301,12,0.19521044992743106,ft53.3.sop.ajn.txt,MULTIFLOW,12.0,10362,41.0,43.0,0.0,18000.783345,0.0,9
sop,53,74,811,"0, 1, 2, 1, 1, 1, 1, 1, 2, 2, 2, 1, 1, 2, 1, 1, 1, 1, 2, 2, 1, 2, 1, 2, 1, 1, 1, 1, 2, 1, 1, 4, 1, 1, 1, 1, 1, 2, 1, 2, 1, 2, 1, 1, 1, 2, 1, 1, 1, 3, 3, 2, 1",4,1.3962264150943395,18,0.5885341074020319,ft53.4.sop.ajn.txt,MULTIFLOW,11.0,1,42.0,42.0,0.0,347.265667,0.0,2
sop,70,72,86,"0, 1, 1, 1, 1, 1, 1, 1, 1, 1, 1, 1, 2, 1, 1, 1, 1, 1, 1, 1, 1, 1, 1, 1, 1, 1, 1, 1, 1, 1, 1, 1, 1, 1, 1, 1, 1, 2, 1, 1, 1, 1, 1, 1, 1, 1, 1, 1, 1, 1, 1, 1, 1, 1, 2, 1, 1, 1, 1, 1, 1, 1, 1, 1, 1, 1, 1, 1, 1, 1",2,1.0285714285714285,3,0.03561076604554866,ft70.1.sop.ajn.txt,FEASIBILITY,3.0,1,4.0,4.0,0.0,21.37703,28.963603,2
sop,70,72,86,"0, 1, 1, 1, 1, 1, 1, 1, 1, 1, 1, 1, 2, 1, 1, 1, 1, 1, 1, 1, 1, 1, 1, 1, 1, 1, 1, 1, 1, 1, 1, 1, 1, 1, 1, 1, 1, 2, 1, 1, 1, 1, 1, 1, 1, 1, 1, 1, 1, 1, 1, 1, 1, 1, 2, 1, 1, 1, 1, 1, 1, 1, 1, 1, 1, 1, 1, 1, 1, 1",2,1.0285714285714285,3,0.03561076604554866,ft70.1.sop.ajn.txt,MULTIFLOW,3.0,1,67.0,67.0,0.0,25.14431,0.0,2
sop,70,79,117,"0, 1, 1, 1, 1, 1, 1, 1, 1, 3, 1, 1, 2, 1, 1, 1, 1, 1, 1, 1, 1, 1, 1, 1, 1, 1, 1, 1, 3, 1, 1, 1, 1, 1, 1, 1, 1, 2, 1, 1, 1, 1, 1, 1, 1, 1, 1, 1, 1, 1, 1, 1, 2, 1, 2, 1, 1, 1, 1, 1, 1, 1, 1, 2, 1, 1, 2, 1, 1, 1",3,1.1285714285714286,8,0.0484472049689441,ft70.2.sop.ajn.txt,MULTIFLOW,10.0,10141,60.0,60.0,0.0,669.212362,0.0,2
sop,70,95,284,"0, 1, 1, 1, 1, 1, 1, 1, 1, 3, 1, 3, 2, 1, 1, 2, 3, 2, 1, 1, 1, 1, 1, 1, 1, 1, 2, 1, 5, 1, 3, 1, 2, 1, 1, 1, 1, 2, 1, 1, 1, 1, 1, 1, 1, 1, 1, 1, 1, 1, 1, 1, 2, 1, 2, 1, 1, 1, 1, 2, 1, 1, 1, 2, 1, 1, 3, 1, 3, 1",5,1.3571428571428572,17,0.11759834368530021,ft70.3.sop.ajn.txt,,,,,,,,,
sop,70,100,1394,"0, 1, 1, 2, 1, 1, 1, 1, 2, 1, 1, 2, 2, 3, 1, 1, 2, 2, 1, 1, 3, 1, 1, 1, 2, 1, 3, 1, 2, 1, 2, 1, 1, 1, 1, 1, 2, 3, 1, 1, 1, 2, 2, 1, 2, 1, 2, 1, 2, 1, 1, 2, 2, 1, 2, 2, 1, 1, 1, 1, 2, 1, 1, 1, 1, 1, 3, 2, 1, 1",3,1.4285714285714286,26,0.5772256728778468,ft70.4.sop.ajn.txt,,,,,,,,,
sop,100,102,132,"0, 1, 1, 1, 1, 1, 1, 1, 1, 1, 1, 1, 1, 2, 1, 1, 1, 1, 1, 1, 1, 1, 1, 1, 1, 1, 1, 1, 1, 1, 1, 1, 1, 1, 1, 1, 1, 1, 1, 1, 1, 1, 1, 1, 1, 1, 1, 1, 1, 1, 1, 1, 1, 2, 1, 1, 1, 1, 1, 1, 1, 1, 1, 1, 1, 1, 1, 1, 1, 1, 1, 1, 1, 1, 1, 1, 1, 2, 1, 1, 1, 1, 1, 1, 1, 1, 1, 1, 1, 1, 1, 1, 1, 1, 1, 1, 1, 1, 1, 1",2,1.02,3,0.02666666666666667,kro124p.1.sop.ajn.txt,FEASIBILITY,3.0,1,4.0,4.0,0.0,84.036314,87.806424,2
sop,100,102,132,"0, 1, 1, 1, 1, 1, 1, 1, 1, 1, 1, 1, 1, 2, 1, 1, 1, 1, 1, 1, 1, 1, 1, 1, 1, 1, 1, 1, 1, 1, 1, 1, 1, 1, 1, 1, 1, 1, 1, 1, 1, 1, 1, 1, 1, 1, 1, 1, 1, 1, 1, 1, 1, 2, 1, 1, 1, 1, 1, 1, 1, 1, 1, 1, 1, 1, 1, 1, 1, 1, 1, 1, 1, 1, 1, 1, 1, 2, 1, 1, 1, 1, 1, 1, 1, 1, 1, 1, 1, 1, 1, 1, 1, 1, 1, 1, 1, 1, 1, 1",2,1.02,3,0.02666666666666667,kro124p.1.sop.ajn.txt,MULTIFLOW,3.0,1,97.0,97.0,0.0,58.468249,0.0,2
sop,100,112,167,"0, 1, 1, 1, 1, 1, 1, 1, 1, 1, 1, 1, 1, 2, 1, 1, 1, 1, 1, 1, 1, 1, 1, 3, 2, 1, 1, 1, 1, 1, 1, 1, 1, 1, 1, 1, 1, 1, 1, 1, 4, 1, 1, 1, 1, 1, 1, 1, 1, 1, 1, 1, 1, 2, 1, 1, 1, 1, 2, 1, 1, 1, 1, 1, 1, 1, 1, 1, 1, 1, 1, 1, 1, 1, 1, 2, 1, 2, 1, 1, 1, 1, 1, 1, 1, 1, 1, 1, 1, 1, 2, 1, 1, 1, 2, 1, 1, 1, 1, 1",4,1.12,10,0.03373737373737374,kro124p.2.sop.ajn.txt,MULTIFLOW,12.0,130,88.0,91.0,0.0,18006.46834,0.0,9
sop,100,130,365,"0, 1, 1, 1, 1, 1, 1, 1, 1, 1, 1, 1, 1, 2, 1, 3, 1, 1, 1, 1, 1, 1, 1, 3, 2, 1, 1, 1, 2, 2, 1, 1, 1, 1, 1, 2, 1, 1, 3, 1, 4, 2, 2, 3, 1, 2, 1, 1, 1, 1, 1, 1, 1, 2, 1, 1, 1, 1, 2, 2, 1, 1, 1, 1, 1, 1, 1, 1, 1, 1, 2, 1, 1, 1, 1, 2, 1, 1, 1, 1, 1, 1, 1, 1, 1, 2, 2, 1, 1, 1, 2, 1, 1, 1, 2, 2, 2, 2, 1, 1",4,1.3,25,0.07373737373737374,kro124p.3.sop.ajn.txt,,,,,,,,,
sop,100,149,2404,"0, 1, 2, 2, 3, 1, 2, 1, 1, 1, 1, 1, 3, 3, 1, 2, 2, 3, 2, 2, 1, 2, 2, 2, 2, 1, 1, 1, 2, 2, 1, 1, 1, 1, 3, 2, 2, 1, 2, 1, 1, 2, 2, 1, 1, 1, 1, 1, 2, 1, 1, 2, 2, 1, 1, 1, 1, 1, 3, 2, 1, 1, 1, 2, 3, 1, 1, 1, 1, 1, 3, 1, 2, 2, 1, 1, 1, 1, 2, 2, 1, 1, 1, 1, 1, 1, 2, 1, 1, 1, 3, 1, 1, 2, 1, 2, 2, 2, 1, 1",3,1.49,41,0.4856565656565657,kro124p.4.sop.ajn.txt,,,,,,,,,
sop,43,45,53,"0, 1, 1, 1, 1, 1, 1, 1, 2, 1, 1, 1, 1, 1, 1, 1, 2, 1, 1, 1, 1, 1, 2, 1, 1, 1, 1, 1, 1, 1, 1, 1, 1, 1, 1, 1, 1, 1, 1, 1, 1, 1, 1",2,1.0465116279069768,3,0.058693244739756366,p43.1.sop.ajn.txt,FEASIBILITY,3.0,1,4.0,4.0,0.0,7.988044,8.913684,2
sop,43,45,53,"0, 1, 1, 1, 1, 1, 1, 1, 2, 1, 1, 1, 1, 1, 1, 1, 2, 1, 1, 1, 1, 1, 2, 1, 1, 1, 1, 1, 1, 1, 1, 1, 1, 1, 1, 1, 1, 1, 1, 1, 1, 1, 1",2,1.0465116279069768,3,0.058693244739756366,p43.1.sop.ajn.txt,MULTIFLOW,3.0,1,40.0,40.0,0.0,3.76372,0.0,2
sop,43,45,76,"0, 1, 1, 1, 1, 1, 1, 1, 2, 1, 1, 1, 1, 1, 1, 1, 2, 1, 1, 1, 1, 1, 2, 1, 1, 1, 1, 1, 1, 1, 1, 1, 1, 1, 1, 1, 1, 1, 1, 1, 1, 1, 1",2,1.0465116279069768,3,0.08416389811738649,p43.2.sop.ajn.txt,FEASIBILITY,3.0,1,4.0,4.0,0.0,9.743146,11.742117,2
sop,43,45,76,"0, 1, 1, 1, 1, 1, 1, 1, 2, 1, 1, 1, 1, 1, 1, 1, 2, 1, 1, 1, 1, 1, 2, 1, 1, 1, 1, 1, 1, 1, 1, 1, 1, 1, 1, 1, 1, 1, 1, 1, 1, 1, 1",2,1.0465116279069768,3,0.08416389811738649,p43.2.sop.ajn.txt,MULTIFLOW,3.0,1,40.0,40.0,0.0,6.44253,0.0,2
sop,43,53,138,"0, 1, 1, 1, 1, 1, 2, 2, 2, 1, 3, 1, 1, 1, 1, 1, 2, 4, 1, 1, 1, 1, 2, 1, 1, 1, 1, 1, 1, 1, 1, 1, 1, 1, 1, 1, 1, 1, 2, 1, 1, 1, 1",4,1.2325581395348837,8,0.15282392026578073,p43.3.sop.ajn.txt,MULTIFLOW,8.0,21672,35.0,35.0,0.0,2558.620679,0.0,2
sop,43,58,538,"0, 1, 1, 1, 1, 1, 2, 3, 1, 1, 2, 1, 2, 1, 1, 1, 1, 4, 1, 1, 1, 1, 2, 1, 1, 3, 1, 1, 1, 1, 1, 2, 1, 1, 1, 1, 2, 1, 1, 1, 3, 2, 1",4,1.3488372093023255,11,0.5957918050941307,p43.4.sop.ajn.txt,MULTIFLOW,9.0,1,34.0,34.0,0.0,58.438583,0.0,2
sop,99,98,139,"0, 1, 1, 1, 1, 1, 1, 1, 1, 1, 1, 1, 1, 1, 1, 1, 1, 1, 1, 1, 1, 1, 1, 1, 1, 1, 1, 1, 1, 1, 1, 1, 1, 1, 1, 1, 1, 1, 1, 1, 1, 1, 1, 1, 1, 1, 1, 1, 1, 1, 1, 1, 1, 1, 1, 1, 1, 1, 1, 1, 1, 1, 1, 1, 1, 1, 1, 1, 1, 1, 1, 1, 1, 1, 1, 1, 1, 1, 1, 1, 1, 1, 1, 1, 1, 1, 1, 1, 1, 1, 1, 1, 1, 1, 1, 1, 1, 1, 1",1,0.98989898989899,0,0.02865388579674294,prob.100.sop.ajn.txt,FEASIBILITY,0.0,0,1.0,1.0,0.0,0.060904,0.060904,2
sop,99,98,139,"0, 1, 1, 1, 1, 1, 1, 1, 1, 1, 1, 1, 1, 1, 1, 1, 1, 1, 1, 1, 1, 1, 1, 1, 1, 1, 1, 1, 1, 1, 1, 1, 1, 1, 1, 1, 1, 1, 1, 1, 1, 1, 1, 1, 1, 1, 1, 1, 1, 1, 1, 1, 1, 1, 1, 1, 1, 1, 1, 1, 1, 1, 1, 1, 1, 1, 1, 1, 1, 1, 1, 1, 1, 1, 1, 1, 1, 1, 1, 1, 1, 1, 1, 1, 1, 1, 1, 1, 1, 1, 1, 1, 1, 1, 1, 1, 1, 1, 1",1,0.98989898989899,0,0.02865388579674294,prob.100.sop.ajn.txt,MULTIFLOW,0.0,0,99.0,99.0,0.0,37.760969,0.0,2
sop,41,41,59,"0, 1, 1, 1, 1, 1, 1, 1, 2, 1, 1, 1, 1, 1, 1, 1, 1, 1, 1, 1, 1, 1, 1, 1, 1, 1, 1, 1, 1, 1, 1, 1, 1, 1, 1, 1, 1, 1, 1, 1, 1",2,1.0,1,0.07195121951219512,prob.42.sop.ajn.txt,FEASIBILITY,1.0,0,2.0,2.0,0.0,0.067906,0.067906,2
sop,41,41,59,"0, 1, 1, 1, 1, 1, 1, 1, 2, 1, 1, 1, 1, 1, 1, 1, 1, 1, 1, 1, 1, 1, 1, 1, 1, 1, 1, 1, 1, 1, 1, 1, 1, 1, 1, 1, 1, 1, 1, 1, 1",2,1.0,1,0.07195121951219512,prob.42.sop.ajn.txt,MULTIFLOW,1.0,1,40.0,40.0,0.0,2.300233,0.0,2
sop,49,196,495,"0, 1, 1, 1, 1, 1, 1, 4, 4, 1, 1, 1, 1, 1, 1, 1, 1, 1, 1, 1, 1, 1, 1, 1, 1, 1, 1, 1, 1, 1, 1, 1, 1, 1, 1, 18, 18, 12, 13, 13, 13, 13, 13, 13, 13, 13, 2, 1, 1",18,4.0,14,0.42091836734693877,rbg048a.sop.ajn.txt,MULTIFLOW,31.0,4119,18.0,20.0,0.0,18000.565366,0.0,9
sop,51,259,558,"0, 1, 1, 1, 3, 3, 3, 1, 3, 3, 3, 2, 3, 4, 4, 3, 3, 3, 3, 3, 3, 3, 12, 3, 3, 15, 3, 3, 3, 3, 3, 20, 3, 3, 3, 3, 11, 12, 3, 12, 3, 3, 3, 3, 12, 13, 3, 10, 11, 11, 13",20,5.078431372549019,46,0.4376470588235294,rbg050c.sop.ajn.txt,,,,,,,,,
sop,110,628,5438,"0, 1, 1, 1, 1, 1, 1, 1, 1, 7, 7, 7, 7, 1, 1, 1, 1, 1, 1, 3, 3, 1, 1, 5, 6, 11, 9, 9, 9, 5, 5, 5, 5, 6, 6, 2, 2, 2, 2, 2, 2, 2, 4, 5, 5, 5, 8, 8, 8, 7, 7, 6, 7, 8, 8, 9, 6, 7, 8, 6, 9, 9, 10, 10, 8, 8, 6, 8, 7, 7, 7, 8, 7, 9, 9, 9, 8, 8, 8, 8, 8, 8, 8, 8, 8, 5, 9, 5, 5, 5, 5, 5, 5, 3, 7, 7, 7, 7, 7, 7, 5, 5, 2, 5, 7, 9, 9, 9, 9, 9",11,5.709090909090909,93,0.9070892410341952,rbg109a.sop.ajn.txt,MULTIFLOW,73.0,1340,37.0,40.0,0.0,18003.365332,0.0,9
sop,151,962,10484,"0, 1, 1, 1, 1, 1, 1, 1, 1, 2, 1, 1, 6, 7, 7, 7, 7, 9, 9, 9, 9, 6, 6, 6, 6, 8, 8, 8, 8, 8, 8, 8, 8, 8, 8, 8, 8, 5, 9, 5, 5, 5, 5, 5, 5, 3, 7, 7, 7, 7, 7, 7, 5, 5, 2, 5, 7, 9, 9, 9, 9, 9, 5, 9, 3, 2, 4, 5, 5, 5, 7, 7, 7, 7, 6, 6, 3, 3, 3, 3, 4, 4, 4, 5, 4, 4, 5, 6, 6, 6, 6, 6, 6, 3, 3, 3, 3, 4, 5, 7, 7, 7, 8, 8, 8, 8, 8, 7, 3, 10, 10, 10, 11, 10, 10, 10, 10, 10, 7, 7, 7, 7, 7, 9, 10, 7, 8, 13, 13, 13, 13, 13, 10, 3, 4, 5, 5, 7, 5, 7, 7, 7, 6, 6, 5, 6, 9, 10, 10, 11, 6",13,6.370860927152318,140,0.9257395143487859,rbg150a.sop.ajn.txt,,,,,,,,,
sop,175,1115,14129,"0, 1, 1, 1, 1, 1, 1, 1, 1, 3, 7, 7, 7, 7, 7, 7, 5, 5, 2, 5, 7, 9, 9, 9, 9, 9, 5, 9, 3, 2, 4, 5, 5, 5, 7, 7, 7, 7, 6, 6, 3, 3, 3, 3, 4, 4, 4, 5, 4, 4, 5, 6, 6, 6, 6, 6, 6, 3, 3, 3, 3, 4, 5, 7, 7, 7, 8, 8, 8, 8, 8, 7, 3, 10, 10, 10, 11, 10, 10, 10, 10, 10, 7, 7, 7, 7, 7, 9, 10, 7, 8, 13, 13, 13, 13, 13, 10, 3, 4, 5, 5, 7, 5, 7, 7, 7, 6, 6, 5, 6, 9, 10, 10, 11, 6, 3, 3, 3, 3, 3, 3, 3, 5, 5, 6, 7, 7, 3, 4, 5, 5, 5, 5, 5, 5, 5, 5, 5, 3, 5, 5, 5, 3, 7, 5, 5, 14, 5, 16, 17, 5, 5, 5, 5, 3, 9, 9, 9, 9, 9, 9, 16, 9, 9, 9, 5, 7, 9, 9, 8, 12, 10, 10, 4, 4",17,6.371428571428571,166,0.9280131362889984,rbg174a.sop.ajn.txt,,,,,,,,,
sop,254,1723,30434,"0, 1, 1, 1, 1, 1, 1, 1, 1, 3, 7, 7, 7, 7, 7, 7, 5, 5, 2, 5, 7, 9, 9, 9, 9, 9, 5, 9, 3, 2, 4, 5, 5, 5, 7, 7, 7, 7, 6, 6, 3, 3, 3, 3, 4, 4, 4, 5, 4, 4, 5, 6, 6, 6, 6, 6, 6, 3, 3, 3, 3, 4, 5, 7, 7, 7, 8, 8, 8, 8, 8, 7, 3, 10, 10, 10, 11, 10, 10, 10, 10, 10, 7, 7, 7, 7, 7, 9, 10, 7, 8, 13, 13, 13, 13, 13, 10, 3, 4, 5, 5, 7, 5, 7, 7, 7, 6, 6, 5, 6, 9, 10, 10, 11, 6, 3, 3, 3, 3, 3, 3, 3, 5, 5, 6, 7, 7, 3, 4, 5, 5, 5, 5, 5, 5, 5, 5, 5, 3, 5, 5, 5, 3, 7, 5, 5, 14, 5, 16, 17, 5, 5, 5, 5, 3, 9, 9, 9, 9, 9, 9, 16, 9, 9, 9, 5, 7, 9, 9, 8, 12, 10, 10, 4, 4, 4, 4, 4, 4, 4, 4, 4, 4, 5, 6, 8, 4, 8, 11, 11, 11, 7, 7, 6, 7, 7, 7, 7, 7, 7, 7, 10, 10, 10, 10, 6, 8, 7, 9, 7, 8, 10, 11, 11, 7, 6, 7, 10, 13, 13, 13, 13, 10, 10, 10, 10, 10, 5, 10, 5, 5, 5, 10, 10, 10, 7, 8, 9, 9, 9, 9, 5, 7, 9, 9, 9, 9, 7, 7, 7, 3, 3, 4, 4",17,6.783464566929134,245,0.947184961563599,rbg253a.sop.ajn.txt,,,,,,,,,
sop,324,2415,48525,"0, 1, 1, 1, 3, 3, 3, 2, 2, 3, 3, 3, 3, 3, 3, 3, 3, 3, 3, 3, 3, 12, 3, 3, 3, 12, 10, 1, 1, 1, 1, 1, 1, 1, 5, 8, 8, 8, 8, 1, 8, 1, 2, 2, 8, 4, 8, 8, 7, 8, 8, 8, 8, 2, 8, 14, 14, 11, 11, 11, 11, 11, 11, 11, 6, 8, 8, 8, 8, 10, 12, 13, 12, 13, 13, 13, 11, 13, 13, 6, 6, 5, 6, 6, 7, 7, 9, 9, 9, 9, 9, 7, 8, 9, 9, 10, 12, 12, 8, 8, 11, 10, 10, 12, 11, 9, 8, 11, 12, 11, 11, 2, 2, 2, 2, 4, 1, 1, 1, 1, 1, 2, 3, 1, 5, 5, 5, 5, 5, 5, 5, 5, 3, 6, 6, 6, 5, 6, 3, 3, 3, 3, 3, 3, 6, 6, 5, 6, 7, 7, 3, 3, 3, 3, 3, 3, 3, 3, 3, 3, 3, 3, 3, 3, 3, 3, 3, 3, 3, 5, 6, 7, 15, 16, 18, 19, 21, 22, 9, 6, 6, 3, 3, 3, 13, 5, 7, 7, 7, 18, 21, 11, 11, 3, 6, 6, 8, 8, 5, 6, 6, 6, 6, 6, 6, 6, 6, 6, 6, 6, 6, 6, 6, 6, 6, 6, 6, 6, 6, 6, 6, 1, 3, 3, 5, 6, 7, 7, 14, 16, 9, 13, 11, 11, 8, 8, 6, 6, 6, 6, 29, 29, 29, 30, 30, 6, 6, 6, 6, 6, 6, 6, 6, 3, 5, 16, 29, 30, 28, 18, 19, 19, 19, 19, 19, 19, 19, 2, 2, 4, 18, 18, 19, 19, 19, 4, 13, 13, 13, 13, 13, 2, 2, 2, 2, 2, 5, 6, 6, 8, 8, 8, 8, 5, 5, 6, 6, 6, 6, 6, 1, 2, 3, 3, 5, 5, 6, 6, 6, 6, 6, 6, 6, 6, 6, 6, 6, 7, 7, 5, 6, 5, 6, 5",30,7.453703703703703,303,0.9273592477926843,rbg323a.sop.ajn.txt,,,,,,,,,
sop,342,2546,54644,"0, 1, 1, 1, 1, 1, 1, 1, 1, 1, 1, 1, 1, 1, 1, 6, 10, 1, 13, 1, 1, 10, 8, 8, 8, 6, 8, 6, 4, 4, 7, 7, 7, 7, 8, 8, 8, 8, 8, 4, 5, 5, 5, 1, 10, 10, 10, 5, 2, 10, 2, 3, 10, 10, 4, 10, 10, 7, 8, 9, 9, 9, 10, 2, 2, 11, 3, 11, 12, 8, 10, 10, 10, 10, 2, 13, 8, 13, 13, 14, 14, 14, 14, 4, 4, 10, 6, 6, 7, 7, 7, 6, 6, 6, 6, 7, 6, 6, 9, 6, 6, 6, 6, 6, 6, 6, 6, 7, 7, 6, 6, 6, 17, 17, 17, 1, 1, 1, 4, 5, 3, 3, 4, 5, 5, 5, 5, 5, 5, 5, 5, 5, 5, 5, 5, 5, 5, 18, 5, 3, 3, 3, 21, 22, 22, 22, 3, 5, 6, 7, 8, 18, 6, 9, 18, 20, 20, 5, 11, 5, 8, 5, 5, 5, 17, 11, 11, 1, 1, 11, 1, 11, 11, 11, 11, 11, 11, 8, 1, 1, 1, 1, 2, 3, 4, 7, 10, 15, 15, 15, 11, 11, 5, 5, 8, 9, 5, 3, 9, 3, 3, 10, 10, 9, 9, 9, 9, 9, 8, 7, 11, 2, 7, 10, 11, 7, 10, 10, 11, 11, 3, 5, 15, 9, 11, 11, 11, 11, 8, 13, 9, 11, 11, 9, 11, 11, 11, 12, 12, 12, 12, 12, 12, 12, 12, 2, 12, 5, 7, 12, 9, 12, 12, 10, 10, 12, 9, 12, 12, 12, 12, 12, 12, 9, 9, 9, 9, 9, 2, 3, 4, 5, 5, 8, 9, 9, 9, 9, 9, 9, 9, 9, 9, 9, 9, 9, 9, 3, 7, 9, 9, 9, 9, 9, 13, 12, 13, 13, 13, 13, 2, 2, 4, 2, 6, 6, 6, 6, 6, 6, 6, 6, 4, 5, 5, 5, 5, 5, 4, 4, 4, 4, 4, 1, 1, 5, 5, 5, 6, 5, 6, 6, 5, 3, 3, 3, 3, 3, 4, 3, 5, 5",22,7.444444444444445,311,0.9371130661453242,rbg341a.sop.ajn.txt,,,,,,,,,
sop,359,3242,56894,"0, 1, 1, 1, 3, 3, 3, 3, 3, 3, 3, 6, 3, 3, 3, 3, 3, 3, 12, 13, 3, 1, 2, 2, 10, 13, 3, 9, 3, 13, 12, 7, 7, 7, 2, 2, 2, 4, 5, 5, 5, 5, 5, 5, 5, 5, 9, 10, 10, 10, 2, 2, 2, 2, 10, 10, 10, 10, 10, 10, 9, 10, 10, 2, 6, 12, 10, 9, 10, 7, 8, 8, 10, 7, 2, 12, 8, 8, 8, 8, 8, 8, 8, 8, 8, 8, 8, 5, 8, 10, 9, 10, 9, 6, 7, 10, 10, 10, 10, 10, 10, 10, 10, 10, 10, 10, 7, 9, 10, 10, 10, 10, 10, 10, 7, 23, 23, 23, 23, 23, 23, 23, 23, 2, 2, 2, 5, 7, 8, 8, 10, 9, 8, 8, 8, 2, 5, 2, 8, 3, 5, 6, 8, 5, 8, 7, 8, 8, 8, 6, 8, 8, 8, 8, 13, 14, 14, 14, 14, 14, 14, 8, 2, 4, 5, 7, 7, 8, 8, 8, 8, 8, 8, 10, 10, 10, 2, 2, 3, 3, 3, 6, 9, 9, 10, 10, 10, 9, 11, 10, 10, 12, 10, 10, 10, 15, 10, 10, 10, 10, 10, 10, 10, 10, 12, 10, 10, 10, 10, 3, 3, 4, 5, 11, 12, 9, 13, 10, 14, 14, 14, 2, 2, 2, 9, 10, 3, 11, 5, 5, 6, 13, 7, 8, 8, 8, 7, 8, 6, 13, 6, 7, 14, 14, 14, 14, 14, 14, 14, 14, 14, 14, 14, 18, 14, 19, 20, 20, 14, 14, 2, 2, 5, 14, 10, 10, 5, 2, 5, 5, 10, 10, 10, 10, 10, 10, 10, 10, 10, 10, 10, 10, 10, 10, 17, 10, 10, 19, 10, 10, 10, 2, 5, 16, 18, 20, 10, 10, 10, 10, 13, 14, 14, 14, 10, 15, 10, 15, 15, 3, 12, 6, 9, 9, 9, 10, 10, 10, 13, 11, 14, 14, 12, 12, 10, 10, 10, 10, 14, 14, 14, 14, 8, 14, 11, 11, 5, 10, 10, 10, 8, 10, 10, 10, 10, 10, 10, 2, 5, 16, 13, 13, 15, 7, 9, 10, 13, 8, 11",23,9.030640668523677,354,0.8853581487994273,rbg358a.sop.ajn.txt,,,,,,,,,
sop,379,3072,63963,"0, 1, 1, 1, 3, 3, 1, 2, 2, 3, 3, 3, 3, 3, 3, 3, 9, 3, 3, 3, 3, 1, 3, 3, 7, 3, 3, 12, 3, 2, 3, 16, 16, 16, 5, 5, 5, 5, 5, 5, 3, 3, 5, 5, 5, 6, 11, 3, 6, 6, 6, 6, 1, 3, 3, 6, 4, 6, 6, 6, 7, 7, 7, 8, 6, 8, 6, 9, 10, 6, 6, 6, 2, 3, 4, 12, 6, 8, 10, 10, 11, 12, 6, 6, 6, 12, 6, 13, 13, 14, 13, 14, 14, 14, 3, 8, 7, 10, 12, 7, 8, 8, 1, 2, 2, 2, 2, 2, 8, 8, 8, 4, 8, 5, 8, 8, 8, 8, 8, 14, 8, 8, 8, 8, 8, 8, 17, 18, 1, 1, 11, 11, 8, 13, 8, 8, 8, 9, 9, 9, 9, 8, 4, 8, 6, 6, 2, 2, 2, 2, 2, 6, 6, 6, 6, 5, 6, 8, 10, 11, 11, 11, 11, 11, 6, 7, 6, 5, 6, 6, 6, 6, 11, 12, 12, 12, 2, 11, 11, 5, 6, 6, 11, 6, 6, 6, 6, 6, 2, 8, 10, 11, 10, 11, 11, 11, 11, 11, 11, 11, 11, 10, 11, 11, 11, 11, 11, 11, 17, 17, 11, 11, 2, 3, 3, 11, 11, 11, 11, 12, 16, 13, 8, 8, 13, 10, 14, 11, 11, 11, 11, 11, 11, 11, 11, 11, 13, 4, 13, 13, 13, 6, 6, 6, 4, 5, 4, 6, 7, 7, 4, 4, 7, 8, 4, 4, 4, 11, 4, 12, 13, 4, 4, 3, 12, 6, 8, 9, 10, 13, 11, 12, 12, 9, 10, 9, 10, 5, 5, 5, 5, 4, 9, 9, 9, 6, 6, 9, 5, 5, 5, 6, 6, 6, 6, 9, 4, 9, 4, 6, 6, 9, 7, 10, 10, 9, 9, 9, 9, 9, 12, 13, 9, 9, 13, 9, 9, 9, 9, 9, 3, 5, 6, 6, 6, 5, 11, 14, 15, 14, 15, 16, 11, 11, 2, 11, 11, 11, 12, 12, 13, 4, 14, 4, 15, 16, 16, 16, 16, 16, 16, 4, 3, 4, 4, 4, 4, 6, 8, 6, 6, 9, 9, 9, 9, 9, 9, 5, 6, 6, 11, 15, 14, 15, 16, 31, 31, 31, 31",31,8.105540897097626,369,0.89295137580098,rbg378a.sop.ajn.txt,,,,,,,,,
sop,48,48,59,"0, 1, 1, 1, 1, 1, 1, 1, 1, 1, 1, 1, 1, 1, 1, 1, 1, 1, 1, 1, 1, 1, 1, 1, 1, 2, 1, 1, 1, 1, 1, 1, 1, 1, 1, 1, 1, 1, 1, 1, 1, 1, 1, 1, 1, 1, 1, 1",2,1.0,1,0.05230496453900709,ry48p.1.sop.ajn.txt,FEASIBILITY,1.0,0,2.0,2.0,0.0,0.232896,0.232896,2
sop,48,48,59,"0, 1, 1, 1, 1, 1, 1, 1, 1, 1, 1, 1, 1, 1, 1, 1, 1, 1, 1, 1, 1, 1, 1, 1, 1, 2, 1, 1, 1, 1, 1, 1, 1, 1, 1, 1, 1, 1, 1, 1, 1, 1, 1, 1, 1, 1, 1, 1",2,1.0,1,0.05230496453900709,ry48p.1.sop.ajn.txt,MULTIFLOW,1.0,1,47.0,47.0,0.0,3.99261,0.0,2
sop,48,51,73,"0, 1, 1, 1, 1, 1, 2, 1, 1, 1, 1, 1, 1, 1, 1, 1, 1, 2, 1, 2, 1, 1, 1, 1, 1, 2, 1, 1, 1, 1, 1, 1, 1, 1, 1, 1, 1, 1, 1, 1, 1, 1, 1, 1, 1, 1, 1, 1",2,1.0625,4,0.06471631205673758,ry48p.2.sop.ajn.txt,FEASIBILITY,4.0,1,5.0,5.0,0.0,20.552327,36.971094,2
sop,48,51,73,"0, 1, 1, 1, 1, 1, 2, 1, 1, 1, 1, 1, 1, 1, 1, 1, 1, 2, 1, 2, 1, 1, 1, 1, 1, 2, 1, 1, 1, 1, 1, 1, 1, 1, 1, 1, 1, 1, 1, 1, 1, 1, 1, 1, 1, 1, 1, 1",2,1.0625,4,0.06471631205673758,ry48p.2.sop.ajn.txt,MULTIFLOW,4.0,1,44.0,44.0,0.0,10.967427,0.0,2
sop,48,61,179,"0, 1, 2, 1, 1, 1, 3, 1, 1, 1, 1, 3, 1, 1, 1, 2, 1, 2, 1, 5, 1, 1, 1, 1, 1, 2, 1, 1, 1, 1, 1, 1, 1, 1, 1, 2, 1, 1, 1, 1, 1, 1, 1, 2, 1, 1, 1, 1",5,1.2708333333333333,9,0.15868794326241134,ry48p.3.sop.ajn.txt,MULTIFLOW,11.0,226920,37.0,37.0,0.0,16527.445349,0.0,2
sop,48,69,643,"0, 1, 2, 1, 1, 1, 2, 2, 2, 2, 1, 3, 1, 1, 1, 2, 1, 3, 1, 4, 2, 1, 1, 1, 1, 2, 1, 1, 3, 1, 1, 1, 1, 2, 1, 3, 1, 1, 1, 1, 1, 1, 1, 1, 1, 3, 1, 1",4,1.4375,15,0.5700354609929078,ry48p.4.sop.ajn.txt,,,,,,,,,
sop,4,4,5,"0, 1, 1, 2",2,1.0,1,0.8333333333333334,s04.txt,,,,,,,,,
